Date,Time_Hour,Month,Area Name,Road/Intersection Name,Event,Spectator_Count,Traffic Volume,Average Speed,Travel Time Index,Road Capacity Utilization,Incident Reports,Environmental Impact,Public Transport Usage,Traffic Signal Compliance,Parking Usage,Pedestrian and Cyclist Count,Weather Conditions,Roadwork and Construction Activity,Congestion Level,Road_DNA_Score,Reroute_Reason
2025-03-26,21,3,Chinnaswamy Stadium Zone,Infant Jesus Church Junction,IPL Match: RCB vs MI,33667,62070,16.96,2.15,85.04,3,171.64,87.88,87.86,98.1,1804,Clear,Yes,Medium,58,"IPL Match at Chinnaswamy Stadium (RCB vs MI, 33,667 spectators). Heavy crowd movement on Infant Jesus Church Junction during peak match hours (21:00). Road DNA: 58. Reroute via Richmond Road flyover."
2025-05-08,17,5,Chinnaswamy Stadium Zone,MG Road,IPL Match: RCB vs SRH,29548,111548,7.15,2.85,93.79,1,155.08,77.17,82.27,90.23,1460,Light Rain,No,Severe,82,"IPL Match at Chinnaswamy Stadium (RCB vs SRH, 29,548 spectators). Heavy crowd movement on MG Road during peak match hours (17:00). Road DNA: 82. Reroute via Richmond Road flyover."
2025-04-07,16,4,Chinnaswamy Stadium Zone,Kasturba Road,IPL Match: RCB vs MI,32589,62599,22.14,1.98,80.42,4,181.95,79.25,70.19,95.27,1956,Thunderstorm,Yes,Medium,62,"IPL Match at Chinnaswamy Stadium (RCB vs MI, 32,589 spectators). Heavy crowd movement on Kasturba Road during peak match hours (16:00). Road DNA: 62. Reroute via Richmond Road flyover."
2025-03-16,18,3,Chinnaswamy Stadium Zone,Infant Jesus Church Junction,IPL Match: RCB vs DC,30617,125296,11.4,3.45,111.42,2,172.88,65.5,85.89,95.55,1735,Thunderstorm,Yes,High,86,"IPL Match at Chinnaswamy Stadium (RCB vs DC, 30,617 spectators). Heavy crowd movement on Infant Jesus Church Junction during peak match hours (18:00). Road DNA: 86. Reroute via Richmond Road flyover."
2025-04-26,17,4,Chinnaswamy Stadium Zone,Richmond Road,IPL Match: RCB vs CSK,30896,100610,8.53,4.33,93.61,3,136.68,65.47,77.23,99.76,2631,Clear,No,High,94,"IPL Match at Chinnaswamy Stadium (RCB vs CSK, 30,896 spectators). Heavy crowd movement on Richmond Road during peak match hours (17:00). Road DNA: 94. Reroute via Richmond Road flyover."
2025-03-01,20,3,Chinnaswamy Stadium Zone,Cubbon Road,IPL Match: RCB vs DC,28068,89757,7.94,3.9,92.54,0,169.96,71.3,85.73,88.71,2049,Light Rain,No,Severe,78,"IPL Match at Chinnaswamy Stadium (RCB vs DC, 28,068 spectators). Heavy crowd movement on Cubbon Road during peak match hours (20:00). Road DNA: 78. Reroute via Richmond Road flyover."
2025-03-04,17,3,Chinnaswamy Stadium Zone,Richmond Road,IPL Match: RCB vs KKR,32545,129095,10.57,2.99,101.86,3,173.24,81.92,78.13,97.47,1386,Heavy Rain,No,Severe,81,"IPL Match at Chinnaswamy Stadium (RCB vs KKR, 32,545 spectators). Heavy crowd movement on Richmond Road during peak match hours (17:00). Road DNA: 81. Reroute via Richmond Road flyover."
2025-03-28,22,3,Chinnaswamy Stadium Zone,Infant Jesus Church Junction,IPL Match: RCB vs KKR,29336,127974,8.51,3.96,96.33,3,132.89,87.86,70.54,88.83,816,Light Rain,No,Severe,78,"IPL Match at Chinnaswamy Stadium (RCB vs KKR, 29,336 spectators). Heavy crowd movement on Infant Jesus Church Junction during peak match hours (22:00). Road DNA: 78. Reroute via Richmond Road flyover."
2025-03-26,22,3,Chinnaswamy Stadium Zone,Richmond Road,IPL Match: RCB vs LSG,32738,86041,7.69,3.84,106.73,3,126.87,72.52,84.09,92.77,2331,Light Rain,No,Severe,84,"IPL Match at Chinnaswamy Stadium (RCB vs LSG, 32,738 spectators). Heavy crowd movement on Richmond Road during peak match hours (22:00). Road DNA: 84. Reroute via Richmond Road flyover."
2025-03-16,20,3,Chinnaswamy Stadium Zone,Infant Jesus Church Junction,IPL Match: RCB vs SRH,29668,96103,8.91,3.29,110.87,3,169.05,89.83,88.34,92.62,3243,Light Rain,No,Severe,82,"IPL Match at Chinnaswamy Stadium (RCB vs SRH, 29,668 spectators). Heavy crowd movement on Infant Jesus Church Junction during peak match hours (20:00). Road DNA: 82. Reroute via Richmond Road flyover."
2025-04-25,19,4,Chinnaswamy Stadium Zone,MG Road,IPL Match: RCB vs LSG,33753,119403,13.12,3.02,113.93,3,150.61,85.48,83.94,88.41,2032,Heavy Rain,No,Severe,95,"IPL Match at Chinnaswamy Stadium (RCB vs LSG, 33,753 spectators). Heavy crowd movement on MG Road during peak match hours (19:00). Road DNA: 95. Reroute via Richmond Road flyover."
2025-03-27,22,3,Chinnaswamy Stadium Zone,Cubbon Road,IPL Match: RCB vs MI,28050,112503,13.61,4.46,94.87,0,126.63,89.39,79.02,90.88,3345,Thunderstorm,No,High,88,"IPL Match at Chinnaswamy Stadium (RCB vs MI, 28,050 spectators). Heavy crowd movement on Cubbon Road during peak match hours (22:00). Road DNA: 88. Reroute via Richmond Road flyover."
2025-05-04,17,5,Chinnaswamy Stadium Zone,Infant Jesus Church Junction,IPL Match: RCB vs DC,29244,108603,6.68,3.07,105.82,2,164.86,77.3,73.82,89.44,2324,Clear,No,High,79,"IPL Match at Chinnaswamy Stadium (RCB vs DC, 29,244 spectators). Heavy crowd movement on Infant Jesus Church Junction during peak match hours (17:00). Road DNA: 79. Reroute via Richmond Road flyover."
2025-05-07,21,5,Chinnaswamy Stadium Zone,MG Road,IPL Match: RCB vs RR,32736,112587,10.21,4.34,96.81,0,144.16,86.89,72.12,88.57,2668,Heavy Rain,No,Severe,85,"IPL Match at Chinnaswamy Stadium (RCB vs RR, 32,736 spectators). Heavy crowd movement on MG Road during peak match hours (21:00). Road DNA: 85. Reroute via Richmond Road flyover."
2025-04-07,19,4,Chinnaswamy Stadium Zone,Infant Jesus Church Junction,IPL Match: RCB vs RR,32383,104168,9.88,4.2,112.9,2,174.19,87.3,83.37,98.83,1670,Clear,No,High,79,"IPL Match at Chinnaswamy Stadium (RCB vs RR, 32,383 spectators). Heavy crowd movement on Infant Jesus Church Junction during peak match hours (19:00). Road DNA: 79. Reroute via Richmond Road flyover."
2025-03-03,22,3,Chinnaswamy Stadium Zone,Richmond Road,IPL Match: RCB vs MI,28351,112025,13.58,3.18,112.41,0,132.04,63.85,86.72,89.27,891,Clear,Yes,High,92,"IPL Match at Chinnaswamy Stadium (RCB vs MI, 28,351 spectators). Heavy crowd movement on Richmond Road during peak match hours (22:00). Road DNA: 92. Reroute via Richmond Road flyover."
2025-05-11,16,5,Chinnaswamy Stadium Zone,Richmond Road,IPL Match: RCB vs CSK,30102,118725,8.28,3.63,113.78,0,122.08,65.52,78.95,95.06,1506,Light Rain,Yes,Severe,81,"IPL Match at Chinnaswamy Stadium (RCB vs CSK, 30,102 spectators). Heavy crowd movement on Richmond Road during peak match hours (16:00). Road DNA: 81. Reroute via Richmond Road flyover."
2025-03-17,17,3,Chinnaswamy Stadium Zone,MG Road,IPL Match: RCB vs RR,29917,91983,10.71,3.58,114.22,0,173.82,62.27,88.34,98.92,2994,Light Rain,Yes,Severe,92,"IPL Match at Chinnaswamy Stadium (RCB vs RR, 29,917 spectators). Heavy crowd movement on MG Road during peak match hours (17:00). Road DNA: 92. Reroute via Richmond Road flyover."
2025-05-02,17,5,Chinnaswamy Stadium Zone,Infant Jesus Church Junction,IPL Match: RCB vs GT,29437,86506,12.13,3.24,99.71,2,156.58,79.25,71.83,91.69,3462,Heavy Rain,No,Severe,87,"IPL Match at Chinnaswamy Stadium (RCB vs GT, 29,437 spectators). Heavy crowd movement on Infant Jesus Church Junction during peak match hours (17:00). Road DNA: 87. Reroute via Richmond Road flyover."
2025-03-23,20,3,Chinnaswamy Stadium Zone,Kasturba Road,IPL Match: RCB vs MI,29608,126966,10.52,4.42,99.93,3,169.33,71.03,82.02,93.44,1195,Heavy Rain,Yes,Severe,84,"IPL Match at Chinnaswamy Stadium (RCB vs MI, 29,608 spectators). Heavy crowd movement on Kasturba Road during peak match hours (20:00). Road DNA: 84. Reroute via Richmond Road flyover."
2025-04-15,16,4,Chinnaswamy Stadium Zone,Kasturba Road,IPL Match: RCB vs SRH,34388,60135,22.71,2.13,90.59,3,174.79,80.73,85.46,86.77,2560,Thunderstorm,Yes,Medium,61,"IPL Match at Chinnaswamy Stadium (RCB vs SRH, 34,388 spectators). Heavy crowd movement on Kasturba Road during peak match hours (16:00). Road DNA: 61. Reroute via Richmond Road flyover."
2025-03-09,18,3,Chinnaswamy Stadium Zone,Residency Road,IPL Match: RCB vs MI,32062,91809,13.71,3.52,105.17,1,182.72,75.97,76.25,91.82,1026,Light Rain,Yes,Severe,82,"IPL Match at Chinnaswamy Stadium (RCB vs MI, 32,062 spectators). Heavy crowd movement on Residency Road during peak match hours (18:00). Road DNA: 82. Reroute via Richmond Road flyover."
2025-05-08,20,5,Chinnaswamy Stadium Zone,MG Road,IPL Match: RCB vs LSG,28728,100696,7.27,4.28,94.78,0,130.65,70.7,73.66,85.93,937,Heavy Rain,Yes,Severe,95,"IPL Match at Chinnaswamy Stadium (RCB vs LSG, 28,728 spectators). Heavy crowd movement on MG Road during peak match hours (20:00). Road DNA: 95. Reroute via Richmond Road flyover."
2025-03-14,20,3,Chinnaswamy Stadium Zone,MG Road,IPL Match: RCB vs SRH,34103,79240,20.12,2.09,78.3,2,164.94,77.09,82.86,97.18,1956,Clear,Yes,Medium,56,"IPL Match at Chinnaswamy Stadium (RCB vs SRH, 34,103 spectators). Heavy crowd movement on MG Road during peak match hours (20:00). Road DNA: 56. Reroute via Richmond Road flyover."
2025-05-12,19,5,Chinnaswamy Stadium Zone,Kasturba Road,IPL Match: RCB vs MI,29017,85800,7.35,3.93,108.5,1,122.82,66.74,86.85,98.99,3302,Light Rain,Yes,Severe,81,"IPL Match at Chinnaswamy Stadium (RCB vs MI, 29,017 spectators). Heavy crowd movement on Kasturba Road during peak match hours (19:00). Road DNA: 81. Reroute via Richmond Road flyover."
2025-05-28,20,5,Chinnaswamy Stadium Zone,Kasturba Road,IPL Match: RCB vs CSK,29833,104903,13.55,3.91,96.35,4,135.26,69.25,85.0,87.91,2411,Heavy Rain,Yes,Severe,95,"IPL Match at Chinnaswamy Stadium (RCB vs CSK, 29,833 spectators). Heavy crowd movement on Kasturba Road during peak match hours (20:00). Road DNA: 95. Reroute via Richmond Road flyover."
2025-03-23,19,3,Chinnaswamy Stadium Zone,Cubbon Road,IPL Match: RCB vs GT,31436,111420,13.52,3.05,112.54,2,148.43,73.67,84.66,97.6,957,Light Rain,Yes,Severe,88,"IPL Match at Chinnaswamy Stadium (RCB vs GT, 31,436 spectators). Heavy crowd movement on Cubbon Road during peak match hours (19:00). Road DNA: 88. Reroute via Richmond Road flyover."
2025-04-16,21,4,Chinnaswamy Stadium Zone,Cubbon Road,IPL Match: RCB vs SRH,34776,116604,11.25,2.81,104.74,1,166.12,82.6,87.27,92.06,1436,Heavy Rain,No,Severe,85,"IPL Match at Chinnaswamy Stadium (RCB vs SRH, 34,776 spectators). Heavy crowd movement on Cubbon Road during peak match hours (21:00). Road DNA: 85. Reroute via Richmond Road flyover."
2025-04-06,20,4,Chinnaswamy Stadium Zone,Richmond Road,IPL Match: RCB vs MI,29529,65989,19.59,1.63,88.41,1,120.81,78.84,89.82,95.94,1687,Thunderstorm,Yes,Medium,72,"IPL Match at Chinnaswamy Stadium (RCB vs MI, 29,529 spectators). Heavy crowd movement on Richmond Road during peak match hours (20:00). Road DNA: 72. Reroute via Richmond Road flyover."
2025-03-07,17,3,Chinnaswamy Stadium Zone,Cubbon Road,IPL Match: RCB vs CSK,28921,126765,9.34,2.99,110.82,1,122.23,88.75,75.99,86.29,2273,Light Rain,Yes,Severe,94,"IPL Match at Chinnaswamy Stadium (RCB vs CSK, 28,921 spectators). Heavy crowd movement on Cubbon Road during peak match hours (17:00). Road DNA: 94. Reroute via Richmond Road flyover."
2025-05-01,16,5,Chinnaswamy Stadium Zone,Residency Road,IPL Match: RCB vs DC,28156,68256,20.13,1.62,70.05,0,145.56,61.32,79.43,90.53,1735,Clear,No,Medium,55,"IPL Match at Chinnaswamy Stadium (RCB vs DC, 28,156 spectators). Heavy crowd movement on Residency Road during peak match hours (16:00). Road DNA: 55. Reroute via Richmond Road flyover."
2025-04-04,18,4,Chinnaswamy Stadium Zone,Residency Road,IPL Match: RCB vs SRH,30195,112348,12.14,2.7,106.87,3,166.82,74.88,86.28,87.47,3489,Clear,Yes,High,78,"IPL Match at Chinnaswamy Stadium (RCB vs SRH, 30,195 spectators). Heavy crowd movement on Residency Road during peak match hours (18:00). Road DNA: 78. Reroute via Richmond Road flyover."
2025-05-03,21,5,Chinnaswamy Stadium Zone,Residency Road,IPL Match: RCB vs GT,31882,88945,12.83,3.44,98.71,1,140.45,61.56,81.27,99.02,1417,Heavy Rain,No,Severe,95,"IPL Match at Chinnaswamy Stadium (RCB vs GT, 31,882 spectators). Heavy crowd movement on Residency Road during peak match hours (21:00). Road DNA: 95. Reroute via Richmond Road flyover."
2025-04-14,19,4,Chinnaswamy Stadium Zone,MG Road,IPL Match: RCB vs GT,33346,128333,7.48,2.62,109.17,4,135.39,89.76,75.63,89.58,1739,Clear,Yes,High,94,"IPL Match at Chinnaswamy Stadium (RCB vs GT, 33,346 spectators). Heavy crowd movement on MG Road during peak match hours (19:00). Road DNA: 94. Reroute via Richmond Road flyover."
2025-03-06,16,3,Chinnaswamy Stadium Zone,Richmond Road,IPL Match: RCB vs GT,29423,102403,7.32,3.36,100.64,2,185.28,67.9,72.22,96.76,1187,Light Rain,Yes,Severe,93,"IPL Match at Chinnaswamy Stadium (RCB vs GT, 29,423 spectators). Heavy crowd movement on Richmond Road during peak match hours (16:00). Road DNA: 93. Reroute via Richmond Road flyover."
2025-03-26,19,3,Chinnaswamy Stadium Zone,Cubbon Road,IPL Match: RCB vs RR,31026,122371,9.16,2.55,104.41,1,153.31,63.58,77.41,87.19,1006,Thunderstorm,No,High,90,"IPL Match at Chinnaswamy Stadium (RCB vs RR, 31,026 spectators). Heavy crowd movement on Cubbon Road during peak match hours (19:00). Road DNA: 90. Reroute via Richmond Road flyover."
2025-04-28,17,4,Chinnaswamy Stadium Zone,Cubbon Road,IPL Match: RCB vs RR,31037,114615,8.53,4.12,96.6,2,125.59,67.36,71.94,98.0,1756,Heavy Rain,Yes,Severe,84,"IPL Match at Chinnaswamy Stadium (RCB vs RR, 31,037 spectators). Heavy crowd movement on Cubbon Road during peak match hours (17:00). Road DNA: 84. Reroute via Richmond Road flyover."
2025-05-22,16,5,Chinnaswamy Stadium Zone,Kasturba Road,IPL Match: RCB vs LSG,30041,76829,23.52,1.73,73.97,1,163.56,78.07,89.45,85.74,2022,Clear,No,Medium,62,"IPL Match at Chinnaswamy Stadium (RCB vs LSG, 30,041 spectators). Heavy crowd movement on Kasturba Road during peak match hours (16:00). Road DNA: 62. Reroute via Richmond Road flyover."
2025-05-04,20,5,Chinnaswamy Stadium Zone,MG Road,IPL Match: RCB vs GT,33528,68573,20.17,1.64,87.21,2,170.38,71.62,74.27,96.16,1928,Thunderstorm,Yes,Medium,66,"IPL Match at Chinnaswamy Stadium (RCB vs GT, 33,528 spectators). Heavy crowd movement on MG Road during peak match hours (20:00). Road DNA: 66. Reroute via Richmond Road flyover."
2025-03-08,20,3,Chinnaswamy Stadium Zone,Infant Jesus Church Junction,IPL Match: RCB vs RR,29829,76115,18.2,2.09,86.31,0,186.78,78.55,81.46,90.73,1834,Thunderstorm,No,Medium,56,"IPL Match at Chinnaswamy Stadium (RCB vs RR, 29,829 spectators). Heavy crowd movement on Infant Jesus Church Junction during peak match hours (20:00). Road DNA: 56. Reroute via Richmond Road flyover."
2025-03-27,22,3,Chinnaswamy Stadium Zone,Residency Road,IPL Match: RCB vs RR,34797,122979,6.81,2.74,114.03,1,128.11,81.76,78.31,97.14,1828,Light Rain,Yes,Severe,83,"IPL Match at Chinnaswamy Stadium (RCB vs RR, 34,797 spectators). Heavy crowd movement on Residency Road during peak match hours (22:00). Road DNA: 83. Reroute via Richmond Road flyover."
2025-05-16,16,5,Chinnaswamy Stadium Zone,Residency Road,IPL Match: RCB vs MI,28000,120950,13.37,3.4,102.88,1,176.88,63.09,85.93,91.67,2130,Heavy Rain,No,Severe,89,"IPL Match at Chinnaswamy Stadium (RCB vs MI, 28,000 spectators). Heavy crowd movement on Residency Road during peak match hours (16:00). Road DNA: 89. Reroute via Richmond Road flyover."
2025-05-04,18,5,Chinnaswamy Stadium Zone,MG Road,IPL Match: RCB vs MI,33723,104338,9.95,3.79,105.4,4,132.98,67.27,79.04,86.61,2119,Heavy Rain,No,Severe,83,"IPL Match at Chinnaswamy Stadium (RCB vs MI, 33,723 spectators). Heavy crowd movement on MG Road during peak match hours (18:00). Road DNA: 83. Reroute via Richmond Road flyover."
2025-03-16,20,3,Chinnaswamy Stadium Zone,Infant Jesus Church Junction,IPL Match: RCB vs LSG,34434,73133,21.21,2.22,77.72,4,175.72,63.62,82.42,85.78,3254,Thunderstorm,Yes,Medium,65,"IPL Match at Chinnaswamy Stadium (RCB vs LSG, 34,434 spectators). Heavy crowd movement on Infant Jesus Church Junction during peak match hours (20:00). Road DNA: 65. Reroute via Richmond Road flyover."
2025-04-27,20,4,Chinnaswamy Stadium Zone,Cubbon Road,IPL Match: RCB vs GT,34842,111239,6.94,3.78,108.8,2,155.54,63.61,85.82,97.71,2668,Light Rain,Yes,Severe,94,"IPL Match at Chinnaswamy Stadium (RCB vs GT, 34,842 spectators). Heavy crowd movement on Cubbon Road during peak match hours (20:00). Road DNA: 94. Reroute via Richmond Road flyover."
2025-05-10,16,5,Chinnaswamy Stadium Zone,Richmond Road,IPL Match: RCB vs GT,28304,76153,19.51,2.25,72.98,1,139.53,70.46,79.75,88.82,818,Thunderstorm,No,Medium,58,"IPL Match at Chinnaswamy Stadium (RCB vs GT, 28,304 spectators). Heavy crowd movement on Richmond Road during peak match hours (16:00). Road DNA: 58. Reroute via Richmond Road flyover."
2025-05-28,17,5,Chinnaswamy Stadium Zone,Residency Road,IPL Match: RCB vs LSG,34765,115945,9.78,3.67,95.71,2,138.12,76.85,89.69,96.51,1866,Thunderstorm,No,High,91,"IPL Match at Chinnaswamy Stadium (RCB vs LSG, 34,765 spectators). Heavy crowd movement on Residency Road during peak match hours (17:00). Road DNA: 91. Reroute via Richmond Road flyover."
2025-05-02,20,5,Chinnaswamy Stadium Zone,Richmond Road,IPL Match: RCB vs CSK,33579,87564,7.41,4.38,97.01,4,163.67,89.74,79.47,92.08,3270,Heavy Rain,Yes,Severe,92,"IPL Match at Chinnaswamy Stadium (RCB vs CSK, 33,579 spectators). Heavy crowd movement on Richmond Road during peak match hours (20:00). Road DNA: 92. Reroute via Richmond Road flyover."
2025-03-28,20,3,Chinnaswamy Stadium Zone,Cubbon Road,IPL Match: RCB vs MI,31785,57860,21.91,2.06,78.9,2,121.05,78.25,71.33,87.96,2774,Clear,No,Medium,75,"IPL Match at Chinnaswamy Stadium (RCB vs MI, 31,785 spectators). Heavy crowd movement on Cubbon Road during peak match hours (20:00). Road DNA: 75. Reroute via Richmond Road flyover."
2025-05-14,16,5,Chinnaswamy Stadium Zone,Cubbon Road,IPL Match: RCB vs GT,28764,90609,13.2,2.55,99.29,3,166.42,63.74,71.82,86.77,2961,Light Rain,No,Severe,81,"IPL Match at Chinnaswamy Stadium (RCB vs GT, 28,764 spectators). Heavy crowd movement on Cubbon Road during peak match hours (16:00). Road DNA: 81. Reroute via Richmond Road flyover."
2025-03-25,20,3,Chinnaswamy Stadium Zone,Richmond Road,IPL Match: RCB vs CSK,31091,105578,11.2,2.73,110.51,2,166.47,78.62,84.06,86.51,2032,Heavy Rain,Yes,Severe,80,"IPL Match at Chinnaswamy Stadium (RCB vs CSK, 31,091 spectators). Heavy crowd movement on Richmond Road during peak match hours (20:00). Road DNA: 80. Reroute via Richmond Road flyover."
2025-05-19,20,5,Chinnaswamy Stadium Zone,Kasturba Road,IPL Match: RCB vs LSG,34849,64963,24.48,2.15,77.99,4,163.15,80.59,85.07,86.11,2454,Thunderstorm,Yes,Medium,65,"IPL Match at Chinnaswamy Stadium (RCB vs LSG, 34,849 spectators). Heavy crowd movement on Kasturba Road during peak match hours (20:00). Road DNA: 65. Reroute via Richmond Road flyover."
2025-03-12,22,3,Chinnaswamy Stadium Zone,Richmond Road,IPL Match: RCB vs SRH,33147,115350,11.7,3.51,104.35,2,139.8,88.48,83.32,97.5,977,Heavy Rain,Yes,Severe,93,"IPL Match at Chinnaswamy Stadium (RCB vs SRH, 33,147 spectators). Heavy crowd movement on Richmond Road during peak match hours (22:00). Road DNA: 93. Reroute via Richmond Road flyover."
2025-03-15,21,3,Chinnaswamy Stadium Zone,Infant Jesus Church Junction,IPL Match: RCB vs CSK,32524,104689,8.98,4.17,95.72,2,172.39,86.69,80.05,87.88,1330,Light Rain,No,Severe,78,"IPL Match at Chinnaswamy Stadium (RCB vs CSK, 32,524 spectators). Heavy crowd movement on Infant Jesus Church Junction during peak match hours (21:00). Road DNA: 78. Reroute via Richmond Road flyover."
2025-04-26,16,4,Chinnaswamy Stadium Zone,Infant Jesus Church Junction,IPL Match: RCB vs GT,34979,98748,13.56,2.78,103.46,1,171.2,87.15,84.0,86.43,2824,Heavy Rain,No,Severe,82,"IPL Match at Chinnaswamy Stadium (RCB vs GT, 34,979 spectators). Heavy crowd movement on Infant Jesus Church Junction during peak match hours (16:00). Road DNA: 82. Reroute via Richmond Road flyover."
2025-03-10,20,3,Chinnaswamy Stadium Zone,Infant Jesus Church Junction,IPL Match: RCB vs MI,34489,88815,8.14,4.16,98.23,3,139.57,81.98,76.02,90.62,2949,Heavy Rain,Yes,Severe,94,"IPL Match at Chinnaswamy Stadium (RCB vs MI, 34,489 spectators). Heavy crowd movement on Infant Jesus Church Junction during peak match hours (20:00). Road DNA: 94. Reroute via Richmond Road flyover."
2025-05-11,20,5,Chinnaswamy Stadium Zone,Kasturba Road,IPL Match: RCB vs DC,34608,122416,13.08,3.23,110.06,1,188.07,79.07,85.11,86.95,1084,Heavy Rain,Yes,Severe,80,"IPL Match at Chinnaswamy Stadium (RCB vs DC, 34,608 spectators). Heavy crowd movement on Kasturba Road during peak match hours (20:00). Road DNA: 80. Reroute via Richmond Road flyover."
2025-05-11,23,5,Chinnaswamy Stadium Zone,Richmond Road,IPL Match: RCB vs LSG,30391,115645,9.72,3.3,97.49,3,172.25,78.26,86.5,85.4,2256,Heavy Rain,No,Severe,89,"IPL Match at Chinnaswamy Stadium (RCB vs LSG, 30,391 spectators). Heavy crowd movement on Richmond Road during peak match hours (23:00). Road DNA: 89. Reroute via Richmond Road flyover."
2025-03-09,20,3,Chinnaswamy Stadium Zone,MG Road,IPL Match: RCB vs SRH,31932,80673,16.36,2.05,71.93,2,135.17,60.36,75.01,93.38,988,Thunderstorm,Yes,Medium,57,"IPL Match at Chinnaswamy Stadium (RCB vs SRH, 31,932 spectators). Heavy crowd movement on MG Road during peak match hours (20:00). Road DNA: 57. Reroute via Richmond Road flyover."
2025-05-09,20,5,Chinnaswamy Stadium Zone,Residency Road,IPL Match: RCB vs CSK,28127,86835,12.64,2.79,94.08,2,140.28,86.36,80.26,93.47,3291,Light Rain,No,Severe,86,"IPL Match at Chinnaswamy Stadium (RCB vs CSK, 28,127 spectators). Heavy crowd movement on Residency Road during peak match hours (20:00). Road DNA: 86. Reroute via Richmond Road flyover."
2025-03-21,23,3,Chinnaswamy Stadium Zone,Residency Road,IPL Match: RCB vs KKR,32427,114561,13.38,3.82,92.94,1,183.56,72.62,86.56,94.54,848,Clear,No,High,87,"IPL Match at Chinnaswamy Stadium (RCB vs KKR, 32,427 spectators). Heavy crowd movement on Residency Road during peak match hours (23:00). Road DNA: 87. Reroute via Richmond Road flyover."
2025-05-18,22,5,Chinnaswamy Stadium Zone,Richmond Road,IPL Match: RCB vs SRH,30183,123652,10.14,3.81,95.32,3,120.76,66.61,70.05,86.32,1900,Thunderstorm,Yes,High,94,"IPL Match at Chinnaswamy Stadium (RCB vs SRH, 30,183 spectators). Heavy crowd movement on Richmond Road during peak match hours (22:00). Road DNA: 94. Reroute via Richmond Road flyover."
2025-05-21,19,5,Chinnaswamy Stadium Zone,Richmond Road,IPL Match: RCB vs KKR,29249,104023,13.28,4.26,93.69,4,143.98,75.18,83.65,93.97,2469,Thunderstorm,Yes,High,83,"IPL Match at Chinnaswamy Stadium (RCB vs KKR, 29,249 spectators). Heavy crowd movement on Richmond Road during peak match hours (19:00). Road DNA: 83. Reroute via Richmond Road flyover."
2025-04-20,21,4,Chinnaswamy Stadium Zone,Infant Jesus Church Junction,IPL Match: RCB vs RR,30679,124876,7.84,2.68,108.93,1,161.68,83.86,80.77,94.99,2507,Heavy Rain,No,Severe,86,"IPL Match at Chinnaswamy Stadium (RCB vs RR, 30,679 spectators). Heavy crowd movement on Infant Jesus Church Junction during peak match hours (21:00). Road DNA: 86. Reroute via Richmond Road flyover."
2025-05-26,18,5,Chinnaswamy Stadium Zone,Infant Jesus Church Junction,IPL Match: RCB vs MI,30903,106036,7.64,3.88,101.21,1,146.61,89.65,83.42,92.06,3049,Thunderstorm,No,High,89,"IPL Match at Chinnaswamy Stadium (RCB vs MI, 30,903 spectators). Heavy crowd movement on Infant Jesus Church Junction during peak match hours (18:00). Road DNA: 89. Reroute via Richmond Road flyover."
2025-05-27,22,5,Chinnaswamy Stadium Zone,Richmond Road,IPL Match: RCB vs GT,28761,105323,9.68,2.97,97.76,4,142.42,63.71,71.37,87.43,866,Clear,Yes,High,91,"IPL Match at Chinnaswamy Stadium (RCB vs GT, 28,761 spectators). Heavy crowd movement on Richmond Road during peak match hours (22:00). Road DNA: 91. Reroute via Richmond Road flyover."
2025-03-17,18,3,Chinnaswamy Stadium Zone,Kasturba Road,IPL Match: RCB vs KKR,29169,117960,10.09,2.89,97.29,2,126.97,62.94,76.03,86.79,3393,Heavy Rain,No,Severe,78,"IPL Match at Chinnaswamy Stadium (RCB vs KKR, 29,169 spectators). Heavy crowd movement on Kasturba Road during peak match hours (18:00). Road DNA: 78. Reroute via Richmond Road flyover."
2025-03-15,16,3,Chinnaswamy Stadium Zone,Kasturba Road,IPL Match: RCB vs KKR,30933,80349,23.29,2.01,83.37,1,187.02,82.13,86.6,87.6,1967,Thunderstorm,No,Medium,69,"IPL Match at Chinnaswamy Stadium (RCB vs KKR, 30,933 spectators). Heavy crowd movement on Kasturba Road during peak match hours (16:00). Road DNA: 69. Reroute via Richmond Road flyover."
2025-04-05,20,4,Chinnaswamy Stadium Zone,Cubbon Road,IPL Match: RCB vs RR,32920,129462,7.0,4.2,114.64,0,155.05,63.21,83.59,89.04,2271,Light Rain,Yes,Severe,84,"IPL Match at Chinnaswamy Stadium (RCB vs RR, 32,920 spectators). Heavy crowd movement on Cubbon Road during peak match hours (20:00). Road DNA: 84. Reroute via Richmond Road flyover."
2025-04-27,18,4,Chinnaswamy Stadium Zone,Infant Jesus Church Junction,IPL Match: RCB vs LSG,29455,120337,7.98,3.18,100.3,2,169.17,71.26,74.63,97.64,3382,Light Rain,Yes,Severe,90,"IPL Match at Chinnaswamy Stadium (RCB vs LSG, 29,455 spectators). Heavy crowd movement on Infant Jesus Church Junction during peak match hours (18:00). Road DNA: 90. Reroute via Richmond Road flyover."
2025-03-18,19,3,Chinnaswamy Stadium Zone,MG Road,IPL Match: RCB vs GT,28721,121318,13.95,4.45,101.55,3,133.75,77.75,78.33,99.63,1015,Clear,No,High,84,"IPL Match at Chinnaswamy Stadium (RCB vs GT, 28,721 spectators). Heavy crowd movement on MG Road during peak match hours (19:00). Road DNA: 84. Reroute via Richmond Road flyover."
2025-04-11,18,4,Chinnaswamy Stadium Zone,Richmond Road,IPL Match: RCB vs CSK,31544,90226,12.09,2.51,111.83,2,158.37,60.0,87.4,86.5,3010,Light Rain,No,Severe,88,"IPL Match at Chinnaswamy Stadium (RCB vs CSK, 31,544 spectators). Heavy crowd movement on Richmond Road during peak match hours (18:00). Road DNA: 88. Reroute via Richmond Road flyover."
2025-03-10,22,3,Chinnaswamy Stadium Zone,Kasturba Road,IPL Match: RCB vs SRH,32223,86234,12.95,2.81,108.16,4,141.55,70.32,87.88,86.48,1637,Heavy Rain,Yes,Severe,89,"IPL Match at Chinnaswamy Stadium (RCB vs SRH, 32,223 spectators). Heavy crowd movement on Kasturba Road during peak match hours (22:00). Road DNA: 89. Reroute via Richmond Road flyover."
2025-03-27,22,3,Chinnaswamy Stadium Zone,Kasturba Road,IPL Match: RCB vs LSG,34815,101359,12.63,2.65,108.4,2,188.82,82.3,71.25,88.13,2611,Heavy Rain,No,Severe,84,"IPL Match at Chinnaswamy Stadium (RCB vs LSG, 34,815 spectators). Heavy crowd movement on Kasturba Road during peak match hours (22:00). Road DNA: 84. Reroute via Richmond Road flyover."
2025-05-21,23,5,Chinnaswamy Stadium Zone,MG Road,IPL Match: RCB vs GT,33748,109186,12.13,3.86,112.0,4,149.02,71.98,80.64,88.68,2186,Light Rain,No,Severe,81,"IPL Match at Chinnaswamy Stadium (RCB vs GT, 33,748 spectators). Heavy crowd movement on MG Road during peak match hours (23:00). Road DNA: 81. Reroute via Richmond Road flyover."
2025-03-11,23,3,Chinnaswamy Stadium Zone,MG Road,IPL Match: RCB vs DC,28593,116869,13.52,4.15,94.67,1,179.59,66.76,82.95,93.03,3403,Thunderstorm,No,High,89,"IPL Match at Chinnaswamy Stadium (RCB vs DC, 28,593 spectators). Heavy crowd movement on MG Road during peak match hours (23:00). Road DNA: 89. Reroute via Richmond Road flyover."
2025-05-23,16,5,Chinnaswamy Stadium Zone,MG Road,IPL Match: RCB vs KKR,32650,69110,21.36,1.63,89.43,2,153.66,76.04,76.46,90.42,2485,Clear,No,Medium,68,"IPL Match at Chinnaswamy Stadium (RCB vs KKR, 32,650 spectators). Heavy crowd movement on MG Road during peak match hours (16:00). Road DNA: 68. Reroute via Richmond Road flyover."
2025-04-09,19,4,Chinnaswamy Stadium Zone,Kasturba Road,IPL Match: RCB vs RR,32956,103905,9.56,2.6,94.95,0,150.49,61.37,85.95,89.36,1154,Heavy Rain,No,Severe,94,"IPL Match at Chinnaswamy Stadium (RCB vs RR, 32,956 spectators). Heavy crowd movement on Kasturba Road during peak match hours (19:00). Road DNA: 94. Reroute via Richmond Road flyover."
2025-03-28,20,3,Chinnaswamy Stadium Zone,Infant Jesus Church Junction,IPL Match: RCB vs SRH,29690,128442,10.27,2.82,103.06,0,165.91,81.06,81.65,96.66,1686,Light Rain,No,Severe,95,"IPL Match at Chinnaswamy Stadium (RCB vs SRH, 29,690 spectators). Heavy crowd movement on Infant Jesus Church Junction during peak match hours (20:00). Road DNA: 95. Reroute via Richmond Road flyover."
2025-03-10,23,3,Chinnaswamy Stadium Zone,Richmond Road,IPL Match: RCB vs LSG,29208,100358,9.84,3.38,103.22,4,138.21,63.11,82.69,91.44,1870,Thunderstorm,No,High,81,"IPL Match at Chinnaswamy Stadium (RCB vs LSG, 29,208 spectators). Heavy crowd movement on Richmond Road during peak match hours (23:00). Road DNA: 81. Reroute via Richmond Road flyover."
2025-04-05,16,4,Chinnaswamy Stadium Zone,Residency Road,IPL Match: RCB vs GT,33438,66314,23.06,1.62,90.12,3,143.68,65.21,71.94,95.28,2878,Thunderstorm,No,Medium,67,"IPL Match at Chinnaswamy Stadium (RCB vs GT, 33,438 spectators). Heavy crowd movement on Residency Road during peak match hours (16:00). Road DNA: 67. Reroute via Richmond Road flyover."
2025-03-25,17,3,Chinnaswamy Stadium Zone,MG Road,IPL Match: RCB vs KKR,28136,108092,11.3,2.55,92.47,2,139.8,68.77,85.17,97.98,2472,Clear,Yes,High,81,"IPL Match at Chinnaswamy Stadium (RCB vs KKR, 28,136 spectators). Heavy crowd movement on MG Road during peak match hours (17:00). Road DNA: 81. Reroute via Richmond Road flyover."
2025-03-15,22,3,Chinnaswamy Stadium Zone,Richmond Road,IPL Match: RCB vs MI,32049,89752,6.98,3.67,109.04,2,150.51,79.27,70.57,90.65,2735,Thunderstorm,No,High,95,"IPL Match at Chinnaswamy Stadium (RCB vs MI, 32,049 spectators). Heavy crowd movement on Richmond Road during peak match hours (22:00). Road DNA: 95. Reroute via Richmond Road flyover."
2025-05-06,21,5,Chinnaswamy Stadium Zone,Infant Jesus Church Junction,IPL Match: RCB vs LSG,28410,71446,19.52,1.95,75.17,3,175.29,70.97,78.67,94.36,1966,Clear,Yes,Medium,66,"IPL Match at Chinnaswamy Stadium (RCB vs LSG, 28,410 spectators). Heavy crowd movement on Infant Jesus Church Junction during peak match hours (21:00). Road DNA: 66. Reroute via Richmond Road flyover."
2025-04-27,18,4,Chinnaswamy Stadium Zone,Richmond Road,IPL Match: RCB vs SRH,29931,128740,8.57,2.74,105.47,3,154.58,88.28,88.28,97.36,1708,Clear,Yes,High,81,"IPL Match at Chinnaswamy Stadium (RCB vs SRH, 29,931 spectators). Heavy crowd movement on Richmond Road during peak match hours (18:00). Road DNA: 81. Reroute via Richmond Road flyover."
2025-05-12,19,5,Chinnaswamy Stadium Zone,Richmond Road,IPL Match: RCB vs KKR,30933,112932,12.33,2.76,101.39,4,155.47,75.85,89.52,85.15,997,Heavy Rain,No,Severe,91,"IPL Match at Chinnaswamy Stadium (RCB vs KKR, 30,933 spectators). Heavy crowd movement on Richmond Road during peak match hours (19:00). Road DNA: 91. Reroute via Richmond Road flyover."
2025-05-17,18,5,Chinnaswamy Stadium Zone,MG Road,IPL Match: RCB vs GT,29366,105406,6.51,3.03,100.1,3,141.13,78.58,71.53,86.4,2484,Light Rain,Yes,Severe,86,"IPL Match at Chinnaswamy Stadium (RCB vs GT, 29,366 spectators). Heavy crowd movement on MG Road during peak match hours (18:00). Road DNA: 86. Reroute via Richmond Road flyover."
2025-03-26,21,3,Chinnaswamy Stadium Zone,MG Road,IPL Match: RCB vs DC,31937,98484,10.67,2.91,108.97,1,132.67,65.29,75.4,93.73,1303,Light Rain,No,Severe,78,"IPL Match at Chinnaswamy Stadium (RCB vs DC, 31,937 spectators). Heavy crowd movement on MG Road during peak match hours (21:00). Road DNA: 78. Reroute via Richmond Road flyover."
2025-05-09,23,5,Chinnaswamy Stadium Zone,Residency Road,IPL Match: RCB vs LSG,31542,101514,12.11,2.53,99.85,4,137.29,80.13,72.52,97.1,3308,Thunderstorm,Yes,High,87,"IPL Match at Chinnaswamy Stadium (RCB vs LSG, 31,542 spectators). Heavy crowd movement on Residency Road during peak match hours (23:00). Road DNA: 87. Reroute via Richmond Road flyover."
2025-05-21,18,5,Chinnaswamy Stadium Zone,Kasturba Road,IPL Match: RCB vs CSK,30019,105233,10.09,3.47,111.07,1,162.75,87.69,76.86,93.29,1585,Clear,Yes,High,85,"IPL Match at Chinnaswamy Stadium (RCB vs CSK, 30,019 spectators). Heavy crowd movement on Kasturba Road during peak match hours (18:00). Road DNA: 85. Reroute via Richmond Road flyover."
2025-03-23,19,3,Chinnaswamy Stadium Zone,Cubbon Road,IPL Match: RCB vs SRH,29594,102089,10.95,4.43,104.65,4,152.59,60.82,75.86,95.87,1227,Thunderstorm,No,High,92,"IPL Match at Chinnaswamy Stadium (RCB vs SRH, 29,594 spectators). Heavy crowd movement on Cubbon Road during peak match hours (19:00). Road DNA: 92. Reroute via Richmond Road flyover."
2025-03-15,17,3,Chinnaswamy Stadium Zone,MG Road,IPL Match: RCB vs RR,30069,99640,8.62,3.06,110.94,4,186.3,76.15,73.38,96.4,1639,Light Rain,No,Severe,94,"IPL Match at Chinnaswamy Stadium (RCB vs RR, 30,069 spectators). Heavy crowd movement on MG Road during peak match hours (17:00). Road DNA: 94. Reroute via Richmond Road flyover."
2025-04-25,23,4,Chinnaswamy Stadium Zone,Cubbon Road,IPL Match: RCB vs CSK,28982,128532,13.6,4.28,106.74,0,137.63,86.55,72.01,87.22,3210,Thunderstorm,Yes,High,94,"IPL Match at Chinnaswamy Stadium (RCB vs CSK, 28,982 spectators). Heavy crowd movement on Cubbon Road during peak match hours (23:00). Road DNA: 94. Reroute via Richmond Road flyover."
2025-05-08,20,5,Chinnaswamy Stadium Zone,MG Road,IPL Match: RCB vs KKR,33990,83242,21.82,2.0,73.71,3,176.84,79.04,76.54,89.43,1031,Thunderstorm,Yes,Medium,66,"IPL Match at Chinnaswamy Stadium (RCB vs KKR, 33,990 spectators). Heavy crowd movement on MG Road during peak match hours (20:00). Road DNA: 66. Reroute via Richmond Road flyover."
2025-05-19,17,5,Chinnaswamy Stadium Zone,Richmond Road,IPL Match: RCB vs DC,32518,119528,13.77,3.15,111.18,4,188.26,85.59,75.82,85.65,2226,Light Rain,Yes,Severe,84,"IPL Match at Chinnaswamy Stadium (RCB vs DC, 32,518 spectators). Heavy crowd movement on Richmond Road during peak match hours (17:00). Road DNA: 84. Reroute via Richmond Road flyover."
2025-03-20,19,3,Chinnaswamy Stadium Zone,Infant Jesus Church Junction,IPL Match: RCB vs RR,31439,100374,13.47,4.36,93.93,0,160.24,82.95,72.11,93.76,1029,Heavy Rain,No,Severe,82,"IPL Match at Chinnaswamy Stadium (RCB vs RR, 31,439 spectators). Heavy crowd movement on Infant Jesus Church Junction during peak match hours (19:00). Road DNA: 82. Reroute via Richmond Road flyover."
2025-03-12,20,3,Chinnaswamy Stadium Zone,Richmond Road,IPL Match: RCB vs DC,33285,100863,9.23,3.39,108.44,2,186.91,75.36,72.69,96.65,2015,Heavy Rain,No,Severe,95,"IPL Match at Chinnaswamy Stadium (RCB vs DC, 33,285 spectators). Heavy crowd movement on Richmond Road during peak match hours (20:00). Road DNA: 95. Reroute via Richmond Road flyover."
2025-03-26,20,3,Chinnaswamy Stadium Zone,Cubbon Road,IPL Match: RCB vs RR,31312,79781,20.39,1.84,70.29,4,121.07,62.08,88.78,90.06,1569,Thunderstorm,No,Medium,72,"IPL Match at Chinnaswamy Stadium (RCB vs RR, 31,312 spectators). Heavy crowd movement on Cubbon Road during peak match hours (20:00). Road DNA: 72. Reroute via Richmond Road flyover."
2025-04-12,20,4,Chinnaswamy Stadium Zone,Cubbon Road,IPL Match: RCB vs MI,28394,125782,11.64,2.92,105.19,4,127.33,67.12,86.29,86.82,811,Light Rain,Yes,Severe,92,"IPL Match at Chinnaswamy Stadium (RCB vs MI, 28,394 spectators). Heavy crowd movement on Cubbon Road during peak match hours (20:00). Road DNA: 92. Reroute via Richmond Road flyover."
2025-04-15,23,4,Chinnaswamy Stadium Zone,Cubbon Road,IPL Match: RCB vs RR,29693,103368,6.52,2.73,114.49,3,120.21,75.74,88.31,97.71,1241,Clear,Yes,High,94,"IPL Match at Chinnaswamy Stadium (RCB vs RR, 29,693 spectators). Heavy crowd movement on Cubbon Road during peak match hours (23:00). Road DNA: 94. Reroute via Richmond Road flyover."
2025-05-17,16,5,Chinnaswamy Stadium Zone,Cubbon Road,IPL Match: RCB vs DC,33143,107081,8.69,3.55,92.3,2,123.2,79.23,87.34,85.61,2101,Light Rain,No,Severe,95,"IPL Match at Chinnaswamy Stadium (RCB vs DC, 33,143 spectators). Heavy crowd movement on Cubbon Road during peak match hours (16:00). Road DNA: 95. Reroute via Richmond Road flyover."
2025-04-13,21,4,Chinnaswamy Stadium Zone,MG Road,IPL Match: RCB vs KKR,29676,68296,22.27,1.92,84.29,3,162.66,69.1,79.35,88.33,2392,Thunderstorm,No,Medium,67,"IPL Match at Chinnaswamy Stadium (RCB vs KKR, 29,676 spectators). Heavy crowd movement on MG Road during peak match hours (21:00). Road DNA: 67. Reroute via Richmond Road flyover."
2025-04-14,19,4,Chinnaswamy Stadium Zone,Infant Jesus Church Junction,IPL Match: RCB vs DC,31521,118519,10.66,3.47,96.82,4,184.24,80.46,89.93,85.0,1191,Clear,No,High,88,"IPL Match at Chinnaswamy Stadium (RCB vs DC, 31,521 spectators). Heavy crowd movement on Infant Jesus Church Junction during peak match hours (19:00). Road DNA: 88. Reroute via Richmond Road flyover."
2025-03-03,21,3,Chinnaswamy Stadium Zone,Richmond Road,IPL Match: RCB vs SRH,31910,78645,16.45,1.9,90.09,0,140.18,80.81,85.3,88.83,914,Clear,No,Medium,56,"IPL Match at Chinnaswamy Stadium (RCB vs SRH, 31,910 spectators). Heavy crowd movement on Richmond Road during peak match hours (21:00). Road DNA: 56. Reroute via Richmond Road flyover."
2025-05-11,17,5,Chinnaswamy Stadium Zone,Residency Road,IPL Match: RCB vs GT,31067,119931,12.73,3.2,108.25,4,129.74,85.3,78.11,94.01,907,Light Rain,Yes,Severe,95,"IPL Match at Chinnaswamy Stadium (RCB vs GT, 31,067 spectators). Heavy crowd movement on Residency Road during peak match hours (17:00). Road DNA: 95. Reroute via Richmond Road flyover."
2025-03-12,18,3,Chinnaswamy Stadium Zone,MG Road,IPL Match: RCB vs KKR,29486,85754,7.65,3.26,95.46,3,130.88,68.95,78.64,86.69,2592,Heavy Rain,Yes,Severe,84,"IPL Match at Chinnaswamy Stadium (RCB vs KKR, 29,486 spectators). Heavy crowd movement on MG Road during peak match hours (18:00). Road DNA: 84. Reroute via Richmond Road flyover."
2025-04-04,19,4,Chinnaswamy Stadium Zone,Richmond Road,IPL Match: RCB vs GT,32722,120450,11.6,3.66,95.64,3,143.38,65.68,74.62,86.76,3413,Light Rain,No,Severe,82,"IPL Match at Chinnaswamy Stadium (RCB vs GT, 32,722 spectators). Heavy crowd movement on Richmond Road during peak match hours (19:00). Road DNA: 82. Reroute via Richmond Road flyover."
2025-05-27,21,5,Chinnaswamy Stadium Zone,Kasturba Road,IPL Match: RCB vs LSG,29826,62418,15.81,1.98,84.89,2,149.25,61.45,86.31,94.47,2125,Thunderstorm,Yes,Medium,59,"IPL Match at Chinnaswamy Stadium (RCB vs LSG, 29,826 spectators). Heavy crowd movement on Kasturba Road during peak match hours (21:00). Road DNA: 59. Reroute via Richmond Road flyover."
2025-04-25,20,4,Chinnaswamy Stadium Zone,MG Road,IPL Match: RCB vs SRH,29976,123489,7.94,2.59,94.15,4,131.04,71.73,85.27,90.55,1152,Light Rain,No,Severe,82,"IPL Match at Chinnaswamy Stadium (RCB vs SRH, 29,976 spectators). Heavy crowd movement on MG Road during peak match hours (20:00). Road DNA: 82. Reroute via Richmond Road flyover."
2025-04-28,16,4,Chinnaswamy Stadium Zone,Kasturba Road,IPL Match: RCB vs CSK,31770,88361,9.76,3.71,94.94,1,148.1,60.7,72.69,93.87,1785,Heavy Rain,No,Severe,78,"IPL Match at Chinnaswamy Stadium (RCB vs CSK, 31,770 spectators). Heavy crowd movement on Kasturba Road during peak match hours (16:00). Road DNA: 78. Reroute via Richmond Road flyover."
2025-03-22,19,3,Chinnaswamy Stadium Zone,MG Road,IPL Match: RCB vs DC,31962,126068,11.5,2.88,95.14,4,188.77,65.64,80.69,90.77,3118,Heavy Rain,No,Severe,91,"IPL Match at Chinnaswamy Stadium (RCB vs DC, 31,962 spectators). Heavy crowd movement on MG Road during peak match hours (19:00). Road DNA: 91. Reroute via Richmond Road flyover."
2025-04-06,23,4,Chinnaswamy Stadium Zone,MG Road,IPL Match: RCB vs LSG,33261,97289,10.54,4.08,110.71,1,171.68,80.93,72.67,93.83,3180,Light Rain,Yes,Severe,87,"IPL Match at Chinnaswamy Stadium (RCB vs LSG, 33,261 spectators). Heavy crowd movement on MG Road during peak match hours (23:00). Road DNA: 87. Reroute via Richmond Road flyover."
2025-04-16,19,4,Chinnaswamy Stadium Zone,Infant Jesus Church Junction,IPL Match: RCB vs CSK,30443,86915,9.29,2.73,100.43,4,125.94,75.11,88.67,89.79,2114,Clear,No,High,89,"IPL Match at Chinnaswamy Stadium (RCB vs CSK, 30,443 spectators). Heavy crowd movement on Infant Jesus Church Junction during peak match hours (19:00). Road DNA: 89. Reroute via Richmond Road flyover."
2025-03-17,18,3,Chinnaswamy Stadium Zone,Cubbon Road,IPL Match: RCB vs KKR,29404,104238,10.83,2.93,105.36,2,186.4,88.16,71.28,91.63,1715,Clear,No,High,86,"IPL Match at Chinnaswamy Stadium (RCB vs KKR, 29,404 spectators). Heavy crowd movement on Cubbon Road during peak match hours (18:00). Road DNA: 86. Reroute via Richmond Road flyover."
2025-04-11,18,4,Chinnaswamy Stadium Zone,MG Road,IPL Match: RCB vs RR,30805,101984,7.31,3.81,101.1,3,187.34,69.45,70.09,85.59,1993,Clear,No,High,80,"IPL Match at Chinnaswamy Stadium (RCB vs RR, 30,805 spectators). Heavy crowd movement on MG Road during peak match hours (18:00). Road DNA: 80. Reroute via Richmond Road flyover."
2025-03-24,23,3,Chinnaswamy Stadium Zone,Richmond Road,IPL Match: RCB vs KKR,29157,85969,13.29,3.31,92.26,1,127.7,60.72,71.67,99.72,3173,Light Rain,Yes,Severe,95,"IPL Match at Chinnaswamy Stadium (RCB vs KKR, 29,157 spectators). Heavy crowd movement on Richmond Road during peak match hours (23:00). Road DNA: 95. Reroute via Richmond Road flyover."
2025-05-25,17,5,Chinnaswamy Stadium Zone,Cubbon Road,IPL Match: RCB vs RR,31640,102755,13.33,4.0,93.92,3,124.0,72.03,79.4,89.16,2338,Thunderstorm,Yes,High,90,"IPL Match at Chinnaswamy Stadium (RCB vs RR, 31,640 spectators). Heavy crowd movement on Cubbon Road during peak match hours (17:00). Road DNA: 90. Reroute via Richmond Road flyover."
2025-03-20,16,3,Chinnaswamy Stadium Zone,MG Road,IPL Match: RCB vs GT,34765,65833,21.15,2.38,90.66,3,161.51,86.53,82.08,89.26,2464,Clear,No,Medium,69,"IPL Match at Chinnaswamy Stadium (RCB vs GT, 34,765 spectators). Heavy crowd movement on MG Road during peak match hours (16:00). Road DNA: 69. Reroute via Richmond Road flyover."
2025-04-17,20,4,Chinnaswamy Stadium Zone,MG Road,IPL Match: RCB vs RR,28846,64237,22.51,1.96,72.54,4,147.8,75.98,73.73,97.98,3492,Thunderstorm,No,Medium,55,"IPL Match at Chinnaswamy Stadium (RCB vs RR, 28,846 spectators). Heavy crowd movement on MG Road during peak match hours (20:00). Road DNA: 55. Reroute via Richmond Road flyover."
2025-05-20,21,5,Chinnaswamy Stadium Zone,Cubbon Road,IPL Match: RCB vs SRH,29779,111405,9.21,4.16,114.27,1,128.67,87.67,79.74,94.07,2028,Light Rain,Yes,Severe,89,"IPL Match at Chinnaswamy Stadium (RCB vs SRH, 29,779 spectators). Heavy crowd movement on Cubbon Road during peak match hours (21:00). Road DNA: 89. Reroute via Richmond Road flyover."
2025-05-19,17,5,Chinnaswamy Stadium Zone,Cubbon Road,IPL Match: RCB vs RR,30321,89043,12.52,2.84,114.71,3,172.56,87.88,77.79,89.9,2724,Clear,Yes,High,94,"IPL Match at Chinnaswamy Stadium (RCB vs RR, 30,321 spectators). Heavy crowd movement on Cubbon Road during peak match hours (17:00). Road DNA: 94. Reroute via Richmond Road flyover."
2025-05-11,18,5,Chinnaswamy Stadium Zone,Richmond Road,IPL Match: RCB vs SRH,28824,111177,10.23,3.46,97.4,2,162.49,81.49,70.63,96.22,3242,Heavy Rain,Yes,Severe,82,"IPL Match at Chinnaswamy Stadium (RCB vs SRH, 28,824 spectators). Heavy crowd movement on Richmond Road during peak match hours (18:00). Road DNA: 82. Reroute via Richmond Road flyover."
2025-05-17,19,5,Chinnaswamy Stadium Zone,Infant Jesus Church Junction,IPL Match: RCB vs KKR,31498,88265,13.05,3.29,106.01,1,155.67,72.19,76.45,91.03,2058,Heavy Rain,Yes,Severe,92,"IPL Match at Chinnaswamy Stadium (RCB vs KKR, 31,498 spectators). Heavy crowd movement on Infant Jesus Church Junction during peak match hours (19:00). Road DNA: 92. Reroute via Richmond Road flyover."
2025-04-21,21,4,Chinnaswamy Stadium Zone,Kasturba Road,IPL Match: RCB vs MI,29324,116684,6.59,4.01,104.6,4,139.07,83.05,76.54,88.81,1528,Heavy Rain,No,Severe,84,"IPL Match at Chinnaswamy Stadium (RCB vs MI, 29,324 spectators). Heavy crowd movement on Kasturba Road during peak match hours (21:00). Road DNA: 84. Reroute via Richmond Road flyover."
2025-03-03,20,3,Chinnaswamy Stadium Zone,Residency Road,IPL Match: RCB vs RR,30805,62886,20.48,1.88,74.67,0,172.76,82.91,72.95,97.12,1714,Clear,Yes,Medium,65,"IPL Match at Chinnaswamy Stadium (RCB vs RR, 30,805 spectators). Heavy crowd movement on Residency Road during peak match hours (20:00). Road DNA: 65. Reroute via Richmond Road flyover."
2025-04-10,19,4,Chinnaswamy Stadium Zone,Richmond Road,IPL Match: RCB vs SRH,28090,92750,13.49,3.28,107.5,3,152.76,85.81,81.38,86.87,2412,Clear,No,High,83,"IPL Match at Chinnaswamy Stadium (RCB vs SRH, 28,090 spectators). Heavy crowd movement on Richmond Road during peak match hours (19:00). Road DNA: 83. Reroute via Richmond Road flyover."
2025-03-25,19,3,Chinnaswamy Stadium Zone,Infant Jesus Church Junction,IPL Match: RCB vs SRH,31063,119718,10.94,3.15,109.74,4,168.19,84.09,73.24,88.2,903,Light Rain,No,Severe,93,"IPL Match at Chinnaswamy Stadium (RCB vs SRH, 31,063 spectators). Heavy crowd movement on Infant Jesus Church Junction during peak match hours (19:00). Road DNA: 93. Reroute via Richmond Road flyover."
2025-04-09,19,4,Chinnaswamy Stadium Zone,Kasturba Road,IPL Match: RCB vs KKR,32626,124810,10.22,4.25,107.15,4,124.24,64.29,78.59,94.85,1312,Clear,No,High,94,"IPL Match at Chinnaswamy Stadium (RCB vs KKR, 32,626 spectators). Heavy crowd movement on Kasturba Road during peak match hours (19:00). Road DNA: 94. Reroute via Richmond Road flyover."
2025-04-10,16,4,Chinnaswamy Stadium Zone,Infant Jesus Church Junction,IPL Match: RCB vs CSK,32905,109515,8.03,3.41,108.47,1,181.4,72.96,73.06,96.72,1969,Heavy Rain,No,Severe,88,"IPL Match at Chinnaswamy Stadium (RCB vs CSK, 32,905 spectators). Heavy crowd movement on Infant Jesus Church Junction during peak match hours (16:00). Road DNA: 88. Reroute via Richmond Road flyover."
2025-04-19,17,4,Chinnaswamy Stadium Zone,Cubbon Road,IPL Match: RCB vs RR,30089,87309,7.97,2.88,93.9,1,178.92,84.08,89.04,98.74,2769,Clear,Yes,High,94,"IPL Match at Chinnaswamy Stadium (RCB vs RR, 30,089 spectators). Heavy crowd movement on Cubbon Road during peak match hours (17:00). Road DNA: 94. Reroute via Richmond Road flyover."
2025-05-14,21,5,Chinnaswamy Stadium Zone,Infant Jesus Church Junction,IPL Match: RCB vs GT,31828,76942,16.03,2.26,89.78,2,162.64,83.72,83.43,89.94,2565,Clear,Yes,Medium,74,"IPL Match at Chinnaswamy Stadium (RCB vs GT, 31,828 spectators). Heavy crowd movement on Infant Jesus Church Junction during peak match hours (21:00). Road DNA: 74. Reroute via Richmond Road flyover."
2025-03-09,23,3,Chinnaswamy Stadium Zone,Infant Jesus Church Junction,IPL Match: RCB vs SRH,29219,85427,13.05,4.35,113.45,2,125.44,64.91,84.62,94.71,1689,Light Rain,No,Severe,81,"IPL Match at Chinnaswamy Stadium (RCB vs SRH, 29,219 spectators). Heavy crowd movement on Infant Jesus Church Junction during peak match hours (23:00). Road DNA: 81. Reroute via Richmond Road flyover."
2025-05-11,19,5,Chinnaswamy Stadium Zone,Residency Road,IPL Match: RCB vs GT,32773,92178,7.82,3.64,106.59,2,122.29,77.96,72.6,86.54,2918,Clear,Yes,High,89,"IPL Match at Chinnaswamy Stadium (RCB vs GT, 32,773 spectators). Heavy crowd movement on Residency Road during peak match hours (19:00). Road DNA: 89. Reroute via Richmond Road flyover."
2025-05-13,17,5,Chinnaswamy Stadium Zone,Richmond Road,IPL Match: RCB vs RR,32210,120092,11.98,4.23,111.95,1,151.71,82.35,83.17,91.18,2306,Heavy Rain,No,Severe,79,"IPL Match at Chinnaswamy Stadium (RCB vs RR, 32,210 spectators). Heavy crowd movement on Richmond Road during peak match hours (17:00). Road DNA: 79. Reroute via Richmond Road flyover."
2025-05-14,19,5,Chinnaswamy Stadium Zone,Residency Road,IPL Match: RCB vs LSG,28735,103867,8.4,2.72,96.87,3,137.0,88.62,83.15,92.18,3080,Light Rain,No,Severe,95,"IPL Match at Chinnaswamy Stadium (RCB vs LSG, 28,735 spectators). Heavy crowd movement on Residency Road during peak match hours (19:00). Road DNA: 95. Reroute via Richmond Road flyover."
2025-03-24,19,3,Chinnaswamy Stadium Zone,Residency Road,IPL Match: RCB vs CSK,33148,93400,6.9,3.59,94.31,0,168.95,85.02,80.46,98.06,1275,Light Rain,Yes,Severe,87,"IPL Match at Chinnaswamy Stadium (RCB vs CSK, 33,148 spectators). Heavy crowd movement on Residency Road during peak match hours (19:00). Road DNA: 87. Reroute via Richmond Road flyover."
2025-04-12,21,4,Chinnaswamy Stadium Zone,Residency Road,IPL Match: RCB vs DC,34442,72483,21.07,2.26,70.06,2,165.76,80.91,79.14,87.71,2544,Clear,Yes,Medium,66,"IPL Match at Chinnaswamy Stadium (RCB vs DC, 34,442 spectators). Heavy crowd movement on Residency Road during peak match hours (21:00). Road DNA: 66. Reroute via Richmond Road flyover."
2025-04-11,20,4,Chinnaswamy Stadium Zone,Cubbon Road,IPL Match: RCB vs MI,29918,122161,9.47,3.52,103.36,1,135.06,67.11,75.16,89.63,2701,Light Rain,Yes,Severe,80,"IPL Match at Chinnaswamy Stadium (RCB vs MI, 29,918 spectators). Heavy crowd movement on Cubbon Road during peak match hours (20:00). Road DNA: 80. Reroute via Richmond Road flyover."
2025-05-10,23,5,Chinnaswamy Stadium Zone,Cubbon Road,IPL Match: RCB vs LSG,30696,102145,10.49,3.03,110.13,2,143.11,84.61,80.79,85.34,2597,Thunderstorm,Yes,High,83,"IPL Match at Chinnaswamy Stadium (RCB vs LSG, 30,696 spectators). Heavy crowd movement on Cubbon Road during peak match hours (23:00). Road DNA: 83. Reroute via Richmond Road flyover."
2025-05-25,23,5,Chinnaswamy Stadium Zone,Kasturba Road,IPL Match: RCB vs KKR,31380,123595,10.72,3.28,110.81,3,177.67,83.85,80.32,94.47,879,Thunderstorm,Yes,High,89,"IPL Match at Chinnaswamy Stadium (RCB vs KKR, 31,380 spectators). Heavy crowd movement on Kasturba Road during peak match hours (23:00). Road DNA: 89. Reroute via Richmond Road flyover."
2025-04-08,19,4,Chinnaswamy Stadium Zone,Kasturba Road,IPL Match: RCB vs CSK,32594,125997,11.39,4.0,100.05,1,155.04,61.13,74.63,92.25,3438,Clear,No,High,87,"IPL Match at Chinnaswamy Stadium (RCB vs CSK, 32,594 spectators). Heavy crowd movement on Kasturba Road during peak match hours (19:00). Road DNA: 87. Reroute via Richmond Road flyover."
2025-04-04,22,4,Chinnaswamy Stadium Zone,MG Road,IPL Match: RCB vs GT,34471,98054,8.6,3.18,95.28,4,161.61,67.94,82.28,95.15,1086,Thunderstorm,No,High,91,"IPL Match at Chinnaswamy Stadium (RCB vs GT, 34,471 spectators). Heavy crowd movement on MG Road during peak match hours (22:00). Road DNA: 91. Reroute via Richmond Road flyover."
2025-03-03,22,3,Chinnaswamy Stadium Zone,Infant Jesus Church Junction,IPL Match: RCB vs SRH,29061,122437,11.92,3.88,102.89,4,123.51,60.59,73.91,95.52,1933,Heavy Rain,Yes,Severe,90,"IPL Match at Chinnaswamy Stadium (RCB vs SRH, 29,061 spectators). Heavy crowd movement on Infant Jesus Church Junction during peak match hours (22:00). Road DNA: 90. Reroute via Richmond Road flyover."
2025-04-15,18,4,Chinnaswamy Stadium Zone,Residency Road,IPL Match: RCB vs DC,28253,93788,12.02,3.98,108.42,0,180.29,70.14,87.43,91.85,2154,Heavy Rain,No,Severe,88,"IPL Match at Chinnaswamy Stadium (RCB vs DC, 28,253 spectators). Heavy crowd movement on Residency Road during peak match hours (18:00). Road DNA: 88. Reroute via Richmond Road flyover."
2025-04-20,19,4,Chinnaswamy Stadium Zone,Kasturba Road,IPL Match: RCB vs DC,34510,125653,13.65,3.65,112.85,2,121.43,70.15,76.66,87.03,1642,Clear,No,High,93,"IPL Match at Chinnaswamy Stadium (RCB vs DC, 34,510 spectators). Heavy crowd movement on Kasturba Road during peak match hours (19:00). Road DNA: 93. Reroute via Richmond Road flyover."
2025-05-24,20,5,Chinnaswamy Stadium Zone,Kasturba Road,IPL Match: RCB vs LSG,31562,119267,8.42,4.1,114.39,4,149.94,81.35,75.15,85.68,1395,Light Rain,No,Severe,84,"IPL Match at Chinnaswamy Stadium (RCB vs LSG, 31,562 spectators). Heavy crowd movement on Kasturba Road during peak match hours (20:00). Road DNA: 84. Reroute via Richmond Road flyover."
2025-05-18,23,5,Chinnaswamy Stadium Zone,Infant Jesus Church Junction,IPL Match: RCB vs RR,31282,88075,8.1,3.76,105.01,1,161.62,85.32,70.0,98.5,3190,Light Rain,No,Severe,81,"IPL Match at Chinnaswamy Stadium (RCB vs RR, 31,282 spectators). Heavy crowd movement on Infant Jesus Church Junction during peak match hours (23:00). Road DNA: 81. Reroute via Richmond Road flyover."
2025-04-08,19,4,Chinnaswamy Stadium Zone,MG Road,IPL Match: RCB vs RR,30898,93484,8.3,3.85,103.69,0,174.91,81.66,70.99,91.77,1816,Clear,No,High,93,"IPL Match at Chinnaswamy Stadium (RCB vs RR, 30,898 spectators). Heavy crowd movement on MG Road during peak match hours (19:00). Road DNA: 93. Reroute via Richmond Road flyover."
2025-05-23,18,5,Chinnaswamy Stadium Zone,MG Road,IPL Match: RCB vs CSK,32539,122446,7.47,3.23,112.73,4,162.04,64.81,73.14,99.58,3404,Clear,Yes,High,81,"IPL Match at Chinnaswamy Stadium (RCB vs CSK, 32,539 spectators). Heavy crowd movement on MG Road during peak match hours (18:00). Road DNA: 81. Reroute via Richmond Road flyover."
2025-05-20,20,5,Chinnaswamy Stadium Zone,Kasturba Road,IPL Match: RCB vs GT,28607,67941,24.81,1.68,75.44,2,184.4,77.56,70.78,86.16,1867,Thunderstorm,Yes,Medium,63,"IPL Match at Chinnaswamy Stadium (RCB vs GT, 28,607 spectators). Heavy crowd movement on Kasturba Road during peak match hours (20:00). Road DNA: 63. Reroute via Richmond Road flyover."
2025-05-12,19,5,Chinnaswamy Stadium Zone,Cubbon Road,IPL Match: RCB vs SRH,34491,123869,12.34,3.56,105.09,0,141.92,71.63,76.87,94.55,2470,Clear,No,High,88,"IPL Match at Chinnaswamy Stadium (RCB vs SRH, 34,491 spectators). Heavy crowd movement on Cubbon Road during peak match hours (19:00). Road DNA: 88. Reroute via Richmond Road flyover."
2025-03-23,17,3,Chinnaswamy Stadium Zone,Kasturba Road,IPL Match: RCB vs CSK,28037,96161,9.41,3.16,97.81,4,134.8,73.81,87.26,90.3,2169,Thunderstorm,Yes,High,86,"IPL Match at Chinnaswamy Stadium (RCB vs CSK, 28,037 spectators). Heavy crowd movement on Kasturba Road during peak match hours (17:00). Road DNA: 86. Reroute via Richmond Road flyover."
2025-03-20,16,3,Chinnaswamy Stadium Zone,Cubbon Road,IPL Match: RCB vs KKR,34107,120170,8.19,3.88,95.32,3,154.56,86.67,78.98,99.5,2815,Heavy Rain,No,Severe,82,"IPL Match at Chinnaswamy Stadium (RCB vs KKR, 34,107 spectators). Heavy crowd movement on Cubbon Road during peak match hours (16:00). Road DNA: 82. Reroute via Richmond Road flyover."
2025-04-23,20,4,Chinnaswamy Stadium Zone,Richmond Road,IPL Match: RCB vs MI,33102,110576,12.05,3.64,104.61,2,170.57,83.99,76.47,93.15,3123,Light Rain,No,Severe,86,"IPL Match at Chinnaswamy Stadium (RCB vs MI, 33,102 spectators). Heavy crowd movement on Richmond Road during peak match hours (20:00). Road DNA: 86. Reroute via Richmond Road flyover."
2025-04-27,16,4,Chinnaswamy Stadium Zone,Kasturba Road,IPL Match: RCB vs RR,32913,110368,10.53,2.71,112.8,4,140.16,84.48,86.05,86.45,3128,Light Rain,No,Severe,85,"IPL Match at Chinnaswamy Stadium (RCB vs RR, 32,913 spectators). Heavy crowd movement on Kasturba Road during peak match hours (16:00). Road DNA: 85. Reroute via Richmond Road flyover."
2025-03-06,17,3,Chinnaswamy Stadium Zone,MG Road,IPL Match: RCB vs GT,28501,122065,8.47,3.91,92.15,0,183.86,83.9,78.09,88.12,1464,Light Rain,Yes,Severe,85,"IPL Match at Chinnaswamy Stadium (RCB vs GT, 28,501 spectators). Heavy crowd movement on MG Road during peak match hours (17:00). Road DNA: 85. Reroute via Richmond Road flyover."
2025-04-13,17,4,Chinnaswamy Stadium Zone,MG Road,IPL Match: RCB vs RR,30563,110135,11.59,4.09,102.44,1,131.88,76.82,83.77,90.55,3407,Light Rain,Yes,Severe,87,"IPL Match at Chinnaswamy Stadium (RCB vs RR, 30,563 spectators). Heavy crowd movement on MG Road during peak match hours (17:00). Road DNA: 87. Reroute via Richmond Road flyover."
2025-05-27,22,5,Chinnaswamy Stadium Zone,Residency Road,IPL Match: RCB vs DC,34431,87828,12.0,3.08,98.23,2,139.53,65.66,71.53,85.92,2049,Light Rain,Yes,Severe,91,"IPL Match at Chinnaswamy Stadium (RCB vs DC, 34,431 spectators). Heavy crowd movement on Residency Road during peak match hours (22:00). Road DNA: 91. Reroute via Richmond Road flyover."
2025-04-28,21,4,Chinnaswamy Stadium Zone,Residency Road,IPL Match: RCB vs RR,29944,98241,10.43,4.09,98.46,0,137.22,87.07,85.93,90.07,1019,Light Rain,Yes,Severe,89,"IPL Match at Chinnaswamy Stadium (RCB vs RR, 29,944 spectators). Heavy crowd movement on Residency Road during peak match hours (21:00). Road DNA: 89. Reroute via Richmond Road flyover."
2025-03-12,16,3,Chinnaswamy Stadium Zone,Cubbon Road,IPL Match: RCB vs GT,33879,95048,12.05,2.95,108.68,1,175.52,72.8,73.3,87.27,1892,Light Rain,Yes,Severe,95,"IPL Match at Chinnaswamy Stadium (RCB vs GT, 33,879 spectators). Heavy crowd movement on Cubbon Road during peak match hours (16:00). Road DNA: 95. Reroute via Richmond Road flyover."
2025-03-19,18,3,Chinnaswamy Stadium Zone,Kasturba Road,IPL Match: RCB vs GT,29920,99277,13.15,3.22,114.54,0,134.11,86.45,86.79,89.32,2239,Light Rain,Yes,Severe,85,"IPL Match at Chinnaswamy Stadium (RCB vs GT, 29,920 spectators). Heavy crowd movement on Kasturba Road during peak match hours (18:00). Road DNA: 85. Reroute via Richmond Road flyover."
2025-03-02,23,3,Chinnaswamy Stadium Zone,Residency Road,IPL Match: RCB vs KKR,33979,91857,6.89,3.84,100.26,2,176.93,82.13,87.95,95.11,3194,Light Rain,Yes,Severe,85,"IPL Match at Chinnaswamy Stadium (RCB vs KKR, 33,979 spectators). Heavy crowd movement on Residency Road during peak match hours (23:00). Road DNA: 85. Reroute via Richmond Road flyover."
2025-05-05,17,5,Chinnaswamy Stadium Zone,MG Road,IPL Match: RCB vs KKR,29161,93494,11.4,2.98,107.79,4,135.47,75.93,75.14,96.75,2880,Light Rain,Yes,Severe,86,"IPL Match at Chinnaswamy Stadium (RCB vs KKR, 29,161 spectators). Heavy crowd movement on MG Road during peak match hours (17:00). Road DNA: 86. Reroute via Richmond Road flyover."
2025-05-25,17,5,Chinnaswamy Stadium Zone,Kasturba Road,IPL Match: RCB vs SRH,32778,95516,11.7,3.52,100.85,2,148.2,63.5,76.29,98.44,1385,Thunderstorm,Yes,High,91,"IPL Match at Chinnaswamy Stadium (RCB vs SRH, 32,778 spectators). Heavy crowd movement on Kasturba Road during peak match hours (17:00). Road DNA: 91. Reroute via Richmond Road flyover."
2025-04-01,17,4,Chinnaswamy Stadium Zone,Cubbon Road,IPL Match: RCB vs SRH,28665,97254,9.19,3.98,111.39,1,176.84,85.75,82.16,96.68,801,Heavy Rain,Yes,Severe,78,"IPL Match at Chinnaswamy Stadium (RCB vs SRH, 28,665 spectators). Heavy crowd movement on Cubbon Road during peak match hours (17:00). Road DNA: 78. Reroute via Richmond Road flyover."
2025-03-07,18,3,Chinnaswamy Stadium Zone,MG Road,IPL Match: RCB vs CSK,34072,122713,9.7,3.62,97.9,2,132.32,70.4,89.12,96.54,1458,Thunderstorm,Yes,High,80,"IPL Match at Chinnaswamy Stadium (RCB vs CSK, 34,072 spectators). Heavy crowd movement on MG Road during peak match hours (18:00). Road DNA: 80. Reroute via Richmond Road flyover."
2025-04-19,16,4,Chinnaswamy Stadium Zone,MG Road,IPL Match: RCB vs KKR,30634,60295,24.3,1.85,76.38,3,143.05,86.74,71.02,91.93,1211,Thunderstorm,Yes,Medium,63,"IPL Match at Chinnaswamy Stadium (RCB vs KKR, 30,634 spectators). Heavy crowd movement on MG Road during peak match hours (16:00). Road DNA: 63. Reroute via Richmond Road flyover."
2025-05-13,20,5,Chinnaswamy Stadium Zone,Residency Road,IPL Match: RCB vs GT,34468,112335,9.07,4.39,99.29,0,188.74,74.59,70.97,87.52,2607,Heavy Rain,No,Severe,90,"IPL Match at Chinnaswamy Stadium (RCB vs GT, 34,468 spectators). Heavy crowd movement on Residency Road during peak match hours (20:00). Road DNA: 90. Reroute via Richmond Road flyover."
2025-03-14,22,3,Chinnaswamy Stadium Zone,Infant Jesus Church Junction,IPL Match: RCB vs SRH,30245,86153,13.24,3.58,94.77,4,152.73,75.92,72.3,92.41,1725,Thunderstorm,No,High,90,"IPL Match at Chinnaswamy Stadium (RCB vs SRH, 30,245 spectators). Heavy crowd movement on Infant Jesus Church Junction during peak match hours (22:00). Road DNA: 90. Reroute via Richmond Road flyover."
2025-04-08,19,4,Chinnaswamy Stadium Zone,Infant Jesus Church Junction,IPL Match: RCB vs DC,34876,116672,10.84,3.32,114.76,4,162.0,85.18,78.93,99.82,1678,Heavy Rain,No,Severe,92,"IPL Match at Chinnaswamy Stadium (RCB vs DC, 34,876 spectators). Heavy crowd movement on Infant Jesus Church Junction during peak match hours (19:00). Road DNA: 92. Reroute via Richmond Road flyover."
2025-05-01,19,5,Chinnaswamy Stadium Zone,Kasturba Road,IPL Match: RCB vs SRH,34957,120406,9.88,3.8,95.02,4,140.34,82.63,74.83,87.45,1977,Thunderstorm,Yes,High,83,"IPL Match at Chinnaswamy Stadium (RCB vs SRH, 34,957 spectators). Heavy crowd movement on Kasturba Road during peak match hours (19:00). Road DNA: 83. Reroute via Richmond Road flyover."
2025-05-27,18,5,Chinnaswamy Stadium Zone,Residency Road,IPL Match: RCB vs DC,29875,127054,9.92,4.31,92.31,0,151.22,76.35,85.16,87.3,2536,Thunderstorm,Yes,High,95,"IPL Match at Chinnaswamy Stadium (RCB vs DC, 29,875 spectators). Heavy crowd movement on Residency Road during peak match hours (18:00). Road DNA: 95. Reroute via Richmond Road flyover."
2025-03-02,22,3,Chinnaswamy Stadium Zone,Kasturba Road,IPL Match: RCB vs GT,33603,125199,11.64,3.25,96.32,3,188.23,70.81,88.68,85.38,2963,Thunderstorm,No,High,82,"IPL Match at Chinnaswamy Stadium (RCB vs GT, 33,603 spectators). Heavy crowd movement on Kasturba Road during peak match hours (22:00). Road DNA: 82. Reroute via Richmond Road flyover."
2025-05-12,21,5,Chinnaswamy Stadium Zone,Richmond Road,IPL Match: RCB vs LSG,30146,71838,24.23,1.95,78.18,3,143.73,66.26,75.5,92.74,3163,Clear,Yes,Medium,61,"IPL Match at Chinnaswamy Stadium (RCB vs LSG, 30,146 spectators). Heavy crowd movement on Richmond Road during peak match hours (21:00). Road DNA: 61. Reroute via Richmond Road flyover."
2025-05-10,22,5,Chinnaswamy Stadium Zone,Kasturba Road,IPL Match: RCB vs DC,29470,124505,12.73,3.11,99.05,3,184.41,65.48,84.52,95.38,1550,Light Rain,Yes,Severe,89,"IPL Match at Chinnaswamy Stadium (RCB vs DC, 29,470 spectators). Heavy crowd movement on Kasturba Road during peak match hours (22:00). Road DNA: 89. Reroute via Richmond Road flyover."
2025-05-13,19,5,Chinnaswamy Stadium Zone,Residency Road,IPL Match: RCB vs RR,34588,86244,11.99,3.96,93.15,0,126.78,63.24,87.41,89.55,3224,Heavy Rain,Yes,Severe,84,"IPL Match at Chinnaswamy Stadium (RCB vs RR, 34,588 spectators). Heavy crowd movement on Residency Road during peak match hours (19:00). Road DNA: 84. Reroute via Richmond Road flyover."
2025-03-09,20,3,Chinnaswamy Stadium Zone,MG Road,IPL Match: RCB vs RR,28513,99492,9.76,3.73,95.57,0,129.81,71.74,72.51,90.21,3259,Heavy Rain,Yes,Severe,80,"IPL Match at Chinnaswamy Stadium (RCB vs RR, 28,513 spectators). Heavy crowd movement on MG Road during peak match hours (20:00). Road DNA: 80. Reroute via Richmond Road flyover."
2025-05-13,19,5,Chinnaswamy Stadium Zone,MG Road,IPL Match: RCB vs CSK,34087,106457,10.19,3.52,94.08,3,139.82,71.53,83.04,97.11,2630,Clear,No,High,81,"IPL Match at Chinnaswamy Stadium (RCB vs CSK, 34,087 spectators). Heavy crowd movement on MG Road during peak match hours (19:00). Road DNA: 81. Reroute via Richmond Road flyover."
2025-04-04,18,4,Chinnaswamy Stadium Zone,Kasturba Road,IPL Match: RCB vs SRH,29008,118069,13.52,3.37,93.2,1,145.53,69.7,77.65,86.16,1185,Thunderstorm,No,High,94,"IPL Match at Chinnaswamy Stadium (RCB vs SRH, 29,008 spectators). Heavy crowd movement on Kasturba Road during peak match hours (18:00). Road DNA: 94. Reroute via Richmond Road flyover."
2025-05-07,17,5,Chinnaswamy Stadium Zone,Cubbon Road,IPL Match: RCB vs DC,29265,125916,7.3,3.58,114.47,2,187.7,60.93,75.58,93.07,2081,Clear,Yes,High,81,"IPL Match at Chinnaswamy Stadium (RCB vs DC, 29,265 spectators). Heavy crowd movement on Cubbon Road during peak match hours (17:00). Road DNA: 81. Reroute via Richmond Road flyover."
2025-03-16,23,3,Chinnaswamy Stadium Zone,Kasturba Road,IPL Match: RCB vs SRH,29578,114350,9.32,3.94,111.38,3,126.37,78.03,75.7,97.19,1421,Thunderstorm,No,High,78,"IPL Match at Chinnaswamy Stadium (RCB vs SRH, 29,578 spectators). Heavy crowd movement on Kasturba Road during peak match hours (23:00). Road DNA: 78. Reroute via Richmond Road flyover."
2025-04-20,19,4,Chinnaswamy Stadium Zone,Kasturba Road,IPL Match: RCB vs MI,34701,94847,13.99,2.85,97.41,2,189.68,70.76,82.43,98.0,2159,Thunderstorm,No,High,87,"IPL Match at Chinnaswamy Stadium (RCB vs MI, 34,701 spectators). Heavy crowd movement on Kasturba Road during peak match hours (19:00). Road DNA: 87. Reroute via Richmond Road flyover."
2025-05-21,21,5,Chinnaswamy Stadium Zone,Infant Jesus Church Junction,IPL Match: RCB vs MI,34618,65875,21.01,1.67,83.12,4,131.77,84.65,83.18,95.41,1210,Thunderstorm,No,Medium,57,"IPL Match at Chinnaswamy Stadium (RCB vs MI, 34,618 spectators). Heavy crowd movement on Infant Jesus Church Junction during peak match hours (21:00). Road DNA: 57. Reroute via Richmond Road flyover."
2025-05-21,23,5,Chinnaswamy Stadium Zone,MG Road,IPL Match: RCB vs MI,30055,101646,8.61,3.77,95.61,4,149.96,89.42,82.39,95.9,1924,Heavy Rain,Yes,Severe,88,"IPL Match at Chinnaswamy Stadium (RCB vs MI, 30,055 spectators). Heavy crowd movement on MG Road during peak match hours (23:00). Road DNA: 88. Reroute via Richmond Road flyover."
2025-05-01,21,5,Chinnaswamy Stadium Zone,Kasturba Road,IPL Match: RCB vs CSK,32204,117064,12.31,2.72,93.38,0,176.86,79.99,88.74,92.59,1817,Light Rain,Yes,Severe,88,"IPL Match at Chinnaswamy Stadium (RCB vs CSK, 32,204 spectators). Heavy crowd movement on Kasturba Road during peak match hours (21:00). Road DNA: 88. Reroute via Richmond Road flyover."
2025-04-02,23,4,Chinnaswamy Stadium Zone,Kasturba Road,IPL Match: RCB vs GT,34010,115066,12.55,2.64,113.85,3,122.87,82.07,76.88,96.95,2265,Clear,No,High,89,"IPL Match at Chinnaswamy Stadium (RCB vs GT, 34,010 spectators). Heavy crowd movement on Kasturba Road during peak match hours (23:00). Road DNA: 89. Reroute via Richmond Road flyover."
2025-05-15,18,5,Chinnaswamy Stadium Zone,Residency Road,IPL Match: RCB vs MI,30884,123275,7.94,2.97,92.25,2,123.44,67.99,73.9,86.64,1799,Thunderstorm,Yes,High,79,"IPL Match at Chinnaswamy Stadium (RCB vs MI, 30,884 spectators). Heavy crowd movement on Residency Road during peak match hours (18:00). Road DNA: 79. Reroute via Richmond Road flyover."
2025-05-07,23,5,Chinnaswamy Stadium Zone,Cubbon Road,IPL Match: RCB vs MI,34958,91109,6.7,4.17,109.02,3,165.34,67.36,76.96,89.27,2497,Heavy Rain,No,Severe,90,"IPL Match at Chinnaswamy Stadium (RCB vs MI, 34,958 spectators). Heavy crowd movement on Cubbon Road during peak match hours (23:00). Road DNA: 90. Reroute via Richmond Road flyover."
2025-03-21,21,3,Chinnaswamy Stadium Zone,Residency Road,IPL Match: RCB vs KKR,28795,122816,6.84,4.37,108.2,4,169.1,68.94,89.51,98.77,3448,Heavy Rain,Yes,Severe,91,"IPL Match at Chinnaswamy Stadium (RCB vs KKR, 28,795 spectators). Heavy crowd movement on Residency Road during peak match hours (21:00). Road DNA: 91. Reroute via Richmond Road flyover."
2025-04-15,22,4,Chinnaswamy Stadium Zone,MG Road,IPL Match: RCB vs CSK,32753,118526,7.38,3.95,111.8,4,140.26,78.33,83.96,97.82,2036,Thunderstorm,Yes,High,87,"IPL Match at Chinnaswamy Stadium (RCB vs CSK, 32,753 spectators). Heavy crowd movement on MG Road during peak match hours (22:00). Road DNA: 87. Reroute via Richmond Road flyover."
2025-03-23,20,3,Chinnaswamy Stadium Zone,Kasturba Road,IPL Match: RCB vs CSK,31694,82077,22.18,2.15,89.38,2,159.25,77.32,87.93,90.61,1848,Clear,No,Medium,62,"IPL Match at Chinnaswamy Stadium (RCB vs CSK, 31,694 spectators). Heavy crowd movement on Kasturba Road during peak match hours (20:00). Road DNA: 62. Reroute via Richmond Road flyover."
2025-05-10,18,5,Chinnaswamy Stadium Zone,Residency Road,IPL Match: RCB vs RR,33712,119375,7.29,4.42,101.95,2,135.02,60.44,81.35,88.38,1210,Heavy Rain,No,Severe,82,"IPL Match at Chinnaswamy Stadium (RCB vs RR, 33,712 spectators). Heavy crowd movement on Residency Road during peak match hours (18:00). Road DNA: 82. Reroute via Richmond Road flyover."
2025-03-15,17,3,Chinnaswamy Stadium Zone,MG Road,IPL Match: RCB vs KKR,31530,113290,11.5,3.7,94.51,4,186.43,68.99,70.98,88.96,2541,Heavy Rain,Yes,Severe,80,"IPL Match at Chinnaswamy Stadium (RCB vs KKR, 31,530 spectators). Heavy crowd movement on MG Road during peak match hours (17:00). Road DNA: 80. Reroute via Richmond Road flyover."
2025-05-11,21,5,Chinnaswamy Stadium Zone,Infant Jesus Church Junction,IPL Match: RCB vs SRH,30034,97049,12.13,3.19,111.61,0,167.26,73.25,74.58,87.98,1969,Heavy Rain,Yes,Severe,84,"IPL Match at Chinnaswamy Stadium (RCB vs SRH, 30,034 spectators). Heavy crowd movement on Infant Jesus Church Junction during peak match hours (21:00). Road DNA: 84. Reroute via Richmond Road flyover."
2025-04-14,20,4,Chinnaswamy Stadium Zone,Richmond Road,IPL Match: RCB vs MI,33125,96157,12.97,3.96,99.75,0,145.26,84.66,74.43,91.14,2318,Light Rain,No,Severe,85,"IPL Match at Chinnaswamy Stadium (RCB vs MI, 33,125 spectators). Heavy crowd movement on Richmond Road during peak match hours (20:00). Road DNA: 85. Reroute via Richmond Road flyover."
2025-03-16,16,3,Chinnaswamy Stadium Zone,MG Road,IPL Match: RCB vs CSK,29607,80704,21.38,2.25,87.6,0,131.57,60.89,77.02,99.62,3196,Thunderstorm,Yes,Medium,74,"IPL Match at Chinnaswamy Stadium (RCB vs CSK, 29,607 spectators). Heavy crowd movement on MG Road during peak match hours (16:00). Road DNA: 74. Reroute via Richmond Road flyover."
2025-03-18,16,3,Chinnaswamy Stadium Zone,Infant Jesus Church Junction,IPL Match: RCB vs RR,30815,68926,18.86,1.99,78.18,0,143.08,70.38,80.27,99.81,2163,Thunderstorm,No,Medium,65,"IPL Match at Chinnaswamy Stadium (RCB vs RR, 30,815 spectators). Heavy crowd movement on Infant Jesus Church Junction during peak match hours (16:00). Road DNA: 65. Reroute via Richmond Road flyover."
2025-05-03,19,5,Chinnaswamy Stadium Zone,Richmond Road,IPL Match: RCB vs KKR,31836,110060,12.61,3.45,101.72,1,152.17,71.0,89.54,90.6,1768,Heavy Rain,No,Severe,90,"IPL Match at Chinnaswamy Stadium (RCB vs KKR, 31,836 spectators). Heavy crowd movement on Richmond Road during peak match hours (19:00). Road DNA: 90. Reroute via Richmond Road flyover."
2025-03-28,22,3,Chinnaswamy Stadium Zone,MG Road,IPL Match: RCB vs CSK,30024,119548,9.32,3.3,102.15,4,120.21,66.11,82.53,85.88,2616,Light Rain,No,Severe,85,"IPL Match at Chinnaswamy Stadium (RCB vs CSK, 30,024 spectators). Heavy crowd movement on MG Road during peak match hours (22:00). Road DNA: 85. Reroute via Richmond Road flyover."
2025-05-06,23,5,Chinnaswamy Stadium Zone,Residency Road,IPL Match: RCB vs MI,29754,101415,11.2,4.48,108.05,4,135.47,62.68,83.88,85.55,934,Thunderstorm,Yes,High,78,"IPL Match at Chinnaswamy Stadium (RCB vs MI, 29,754 spectators). Heavy crowd movement on Residency Road during peak match hours (23:00). Road DNA: 78. Reroute via Richmond Road flyover."
2025-05-05,22,5,Chinnaswamy Stadium Zone,Cubbon Road,IPL Match: RCB vs DC,34884,119822,7.87,4.45,105.44,2,123.07,64.82,78.71,90.49,1173,Clear,No,High,95,"IPL Match at Chinnaswamy Stadium (RCB vs DC, 34,884 spectators). Heavy crowd movement on Cubbon Road during peak match hours (22:00). Road DNA: 95. Reroute via Richmond Road flyover."
2025-05-25,16,5,Chinnaswamy Stadium Zone,Kasturba Road,IPL Match: RCB vs MI,30311,71730,16.32,1.81,80.16,3,167.87,79.99,74.8,96.57,3482,Clear,No,Medium,68,"IPL Match at Chinnaswamy Stadium (RCB vs MI, 30,311 spectators). Heavy crowd movement on Kasturba Road during peak match hours (16:00). Road DNA: 68. Reroute via Richmond Road flyover."
2025-03-26,17,3,Chinnaswamy Stadium Zone,MG Road,IPL Match: RCB vs RR,29286,123201,13.06,3.66,111.75,3,122.52,62.11,76.0,89.86,3115,Clear,Yes,High,84,"IPL Match at Chinnaswamy Stadium (RCB vs RR, 29,286 spectators). Heavy crowd movement on MG Road during peak match hours (17:00). Road DNA: 84. Reroute via Richmond Road flyover."
2025-04-08,18,4,Chinnaswamy Stadium Zone,Residency Road,IPL Match: RCB vs CSK,29893,101278,10.26,3.33,105.82,4,131.29,82.15,78.97,97.09,1197,Light Rain,Yes,Severe,95,"IPL Match at Chinnaswamy Stadium (RCB vs CSK, 29,893 spectators). Heavy crowd movement on Residency Road during peak match hours (18:00). Road DNA: 95. Reroute via Richmond Road flyover."
2025-03-22,19,3,Chinnaswamy Stadium Zone,Kasturba Road,IPL Match: RCB vs KKR,28437,126740,12.09,3.0,113.22,0,123.33,86.31,77.04,90.86,2846,Light Rain,No,Severe,92,"IPL Match at Chinnaswamy Stadium (RCB vs KKR, 28,437 spectators). Heavy crowd movement on Kasturba Road during peak match hours (19:00). Road DNA: 92. Reroute via Richmond Road flyover."
2025-05-14,23,5,Chinnaswamy Stadium Zone,Cubbon Road,IPL Match: RCB vs RR,33125,107971,6.85,3.87,98.38,0,185.19,70.68,82.15,99.08,1639,Thunderstorm,No,High,95,"IPL Match at Chinnaswamy Stadium (RCB vs RR, 33,125 spectators). Heavy crowd movement on Cubbon Road during peak match hours (23:00). Road DNA: 95. Reroute via Richmond Road flyover."
2025-04-16,20,4,Chinnaswamy Stadium Zone,Richmond Road,IPL Match: RCB vs LSG,31198,76587,20.17,2.35,85.13,4,168.18,86.68,72.96,97.54,2009,Thunderstorm,Yes,Medium,74,"IPL Match at Chinnaswamy Stadium (RCB vs LSG, 31,198 spectators). Heavy crowd movement on Richmond Road during peak match hours (20:00). Road DNA: 74. Reroute via Richmond Road flyover."
2025-04-25,21,4,Chinnaswamy Stadium Zone,Kasturba Road,IPL Match: RCB vs LSG,32064,115980,11.55,3.46,107.46,1,181.02,61.67,77.86,85.58,1235,Light Rain,No,Severe,93,"IPL Match at Chinnaswamy Stadium (RCB vs LSG, 32,064 spectators). Heavy crowd movement on Kasturba Road during peak match hours (21:00). Road DNA: 93. Reroute via Richmond Road flyover."
2025-05-26,23,5,Chinnaswamy Stadium Zone,Kasturba Road,IPL Match: RCB vs KKR,32658,88697,6.93,2.88,109.88,4,186.31,67.54,83.3,89.04,923,Heavy Rain,Yes,Severe,92,"IPL Match at Chinnaswamy Stadium (RCB vs KKR, 32,658 spectators). Heavy crowd movement on Kasturba Road during peak match hours (23:00). Road DNA: 92. Reroute via Richmond Road flyover."
2025-05-26,18,5,Chinnaswamy Stadium Zone,Cubbon Road,IPL Match: RCB vs MI,30308,97764,6.84,3.41,100.74,3,136.07,76.48,88.93,94.04,1068,Heavy Rain,No,Severe,95,"IPL Match at Chinnaswamy Stadium (RCB vs MI, 30,308 spectators). Heavy crowd movement on Cubbon Road during peak match hours (18:00). Road DNA: 95. Reroute via Richmond Road flyover."
2025-03-09,21,3,Chinnaswamy Stadium Zone,Residency Road,IPL Match: RCB vs KKR,29442,101927,9.94,4.43,110.01,0,144.82,88.33,75.02,98.9,1025,Heavy Rain,Yes,Severe,89,"IPL Match at Chinnaswamy Stadium (RCB vs KKR, 29,442 spectators). Heavy crowd movement on Residency Road during peak match hours (21:00). Road DNA: 89. Reroute via Richmond Road flyover."
2025-05-03,22,5,Chinnaswamy Stadium Zone,Richmond Road,IPL Match: RCB vs KKR,30023,115053,10.24,4.05,96.01,4,151.73,69.4,82.59,95.53,2803,Heavy Rain,Yes,Severe,93,"IPL Match at Chinnaswamy Stadium (RCB vs KKR, 30,023 spectators). Heavy crowd movement on Richmond Road during peak match hours (22:00). Road DNA: 93. Reroute via Richmond Road flyover."
2025-03-02,17,3,Chinnaswamy Stadium Zone,Infant Jesus Church Junction,IPL Match: RCB vs DC,30151,92164,8.27,4.19,92.5,1,154.63,61.63,88.11,99.56,1754,Heavy Rain,No,Severe,80,"IPL Match at Chinnaswamy Stadium (RCB vs DC, 30,151 spectators). Heavy crowd movement on Infant Jesus Church Junction during peak match hours (17:00). Road DNA: 80. Reroute via Richmond Road flyover."
2025-05-14,18,5,Chinnaswamy Stadium Zone,MG Road,IPL Match: RCB vs DC,33342,106483,12.86,3.21,112.73,3,138.97,81.26,75.96,85.84,1976,Light Rain,Yes,Severe,92,"IPL Match at Chinnaswamy Stadium (RCB vs DC, 33,342 spectators). Heavy crowd movement on MG Road during peak match hours (18:00). Road DNA: 92. Reroute via Richmond Road flyover."
2025-03-18,22,3,Chinnaswamy Stadium Zone,MG Road,IPL Match: RCB vs KKR,28192,122690,8.44,3.25,102.43,1,135.32,69.83,74.44,89.55,1379,Heavy Rain,No,Severe,79,"IPL Match at Chinnaswamy Stadium (RCB vs KKR, 28,192 spectators). Heavy crowd movement on MG Road during peak match hours (22:00). Road DNA: 79. Reroute via Richmond Road flyover."
2025-05-21,20,5,Chinnaswamy Stadium Zone,MG Road,IPL Match: RCB vs KKR,32006,63925,22.69,1.86,86.81,0,175.89,62.69,71.24,94.58,1974,Clear,Yes,Medium,70,"IPL Match at Chinnaswamy Stadium (RCB vs KKR, 32,006 spectators). Heavy crowd movement on MG Road during peak match hours (20:00). Road DNA: 70. Reroute via Richmond Road flyover."
2025-03-19,19,3,Chinnaswamy Stadium Zone,Richmond Road,IPL Match: RCB vs KKR,32485,104377,8.5,3.83,111.78,0,153.44,88.2,84.51,92.15,1033,Light Rain,Yes,Severe,78,"IPL Match at Chinnaswamy Stadium (RCB vs KKR, 32,485 spectators). Heavy crowd movement on Richmond Road during peak match hours (19:00). Road DNA: 78. Reroute via Richmond Road flyover."
2025-03-26,16,3,Chinnaswamy Stadium Zone,MG Road,IPL Match: RCB vs CSK,29230,111642,10.52,4.05,110.17,4,142.17,86.26,85.65,96.57,2912,Heavy Rain,Yes,Severe,80,"IPL Match at Chinnaswamy Stadium (RCB vs CSK, 29,230 spectators). Heavy crowd movement on MG Road during peak match hours (16:00). Road DNA: 80. Reroute via Richmond Road flyover."
2025-03-21,16,3,Chinnaswamy Stadium Zone,Richmond Road,IPL Match: RCB vs CSK,33820,97053,11.51,2.78,96.01,1,145.68,83.19,70.04,95.01,2204,Heavy Rain,Yes,Severe,79,"IPL Match at Chinnaswamy Stadium (RCB vs CSK, 33,820 spectators). Heavy crowd movement on Richmond Road during peak match hours (16:00). Road DNA: 79. Reroute via Richmond Road flyover."
2025-04-07,23,4,Chinnaswamy Stadium Zone,Residency Road,IPL Match: RCB vs GT,31322,96156,13.72,4.28,100.2,1,170.51,65.73,87.61,87.83,804,Light Rain,No,Severe,91,"IPL Match at Chinnaswamy Stadium (RCB vs GT, 31,322 spectators). Heavy crowd movement on Residency Road during peak match hours (23:00). Road DNA: 91. Reroute via Richmond Road flyover."
2025-05-27,21,5,Chinnaswamy Stadium Zone,Richmond Road,IPL Match: RCB vs CSK,32508,90921,6.78,4.14,93.91,4,143.38,83.31,85.64,91.94,2977,Light Rain,Yes,Severe,82,"IPL Match at Chinnaswamy Stadium (RCB vs CSK, 32,508 spectators). Heavy crowd movement on Richmond Road during peak match hours (21:00). Road DNA: 82. Reroute via Richmond Road flyover."
2025-05-09,20,5,Chinnaswamy Stadium Zone,Residency Road,IPL Match: RCB vs SRH,29963,111296,12.83,3.64,99.26,1,138.02,87.96,75.53,89.74,2288,Light Rain,No,Severe,81,"IPL Match at Chinnaswamy Stadium (RCB vs SRH, 29,963 spectators). Heavy crowd movement on Residency Road during peak match hours (20:00). Road DNA: 81. Reroute via Richmond Road flyover."
2025-03-14,16,3,Chinnaswamy Stadium Zone,MG Road,IPL Match: RCB vs LSG,34237,103156,13.76,4.07,93.86,1,122.75,80.63,78.66,86.37,3483,Heavy Rain,No,Severe,88,"IPL Match at Chinnaswamy Stadium (RCB vs LSG, 34,237 spectators). Heavy crowd movement on MG Road during peak match hours (16:00). Road DNA: 88. Reroute via Richmond Road flyover."
2025-04-13,21,4,Chinnaswamy Stadium Zone,Cubbon Road,IPL Match: RCB vs SRH,33684,77536,17.04,2.04,79.23,2,177.16,88.38,75.96,90.28,1757,Clear,Yes,Medium,69,"IPL Match at Chinnaswamy Stadium (RCB vs SRH, 33,684 spectators). Heavy crowd movement on Cubbon Road during peak match hours (21:00). Road DNA: 69. Reroute via Richmond Road flyover."
2025-05-04,17,5,Chinnaswamy Stadium Zone,Richmond Road,IPL Match: RCB vs MI,31208,129084,6.91,4.42,108.92,1,149.28,62.29,73.4,87.78,3060,Heavy Rain,Yes,Severe,83,"IPL Match at Chinnaswamy Stadium (RCB vs MI, 31,208 spectators). Heavy crowd movement on Richmond Road during peak match hours (17:00). Road DNA: 83. Reroute via Richmond Road flyover."
2025-05-05,21,5,Chinnaswamy Stadium Zone,Richmond Road,IPL Match: RCB vs GT,29996,79048,19.91,2.08,84.77,0,168.36,62.25,73.88,90.2,1616,Clear,No,Medium,74,"IPL Match at Chinnaswamy Stadium (RCB vs GT, 29,996 spectators). Heavy crowd movement on Richmond Road during peak match hours (21:00). Road DNA: 74. Reroute via Richmond Road flyover."
2025-03-14,16,3,Chinnaswamy Stadium Zone,Cubbon Road,IPL Match: RCB vs LSG,33143,77348,21.97,2.32,85.57,3,170.21,73.51,84.7,92.11,1214,Clear,Yes,Medium,64,"IPL Match at Chinnaswamy Stadium (RCB vs LSG, 33,143 spectators). Heavy crowd movement on Cubbon Road during peak match hours (16:00). Road DNA: 64. Reroute via Richmond Road flyover."
2025-03-05,16,3,Chinnaswamy Stadium Zone,Infant Jesus Church Junction,IPL Match: RCB vs KKR,33298,76009,23.68,2.11,76.8,1,158.54,73.92,83.11,85.76,2639,Thunderstorm,Yes,Medium,71,"IPL Match at Chinnaswamy Stadium (RCB vs KKR, 33,298 spectators). Heavy crowd movement on Infant Jesus Church Junction during peak match hours (16:00). Road DNA: 71. Reroute via Richmond Road flyover."
2025-05-09,21,5,Chinnaswamy Stadium Zone,Infant Jesus Church Junction,IPL Match: RCB vs MI,32323,69859,17.26,2.02,84.21,3,181.98,64.03,84.02,92.01,1515,Thunderstorm,No,Medium,63,"IPL Match at Chinnaswamy Stadium (RCB vs MI, 32,323 spectators). Heavy crowd movement on Infant Jesus Church Junction during peak match hours (21:00). Road DNA: 63. Reroute via Richmond Road flyover."
2025-05-10,19,5,Chinnaswamy Stadium Zone,Richmond Road,IPL Match: RCB vs CSK,33355,99663,12.67,4.27,114.69,0,143.19,89.02,83.3,85.34,947,Clear,No,High,83,"IPL Match at Chinnaswamy Stadium (RCB vs CSK, 33,355 spectators). Heavy crowd movement on Richmond Road during peak match hours (19:00). Road DNA: 83. Reroute via Richmond Road flyover."
2025-04-25,17,4,Chinnaswamy Stadium Zone,Richmond Road,IPL Match: RCB vs CSK,32261,92513,9.41,4.09,107.22,1,137.9,83.54,80.92,86.37,1043,Clear,No,High,84,"IPL Match at Chinnaswamy Stadium (RCB vs CSK, 32,261 spectators). Heavy crowd movement on Richmond Road during peak match hours (17:00). Road DNA: 84. Reroute via Richmond Road flyover."
2025-05-12,20,5,Chinnaswamy Stadium Zone,Infant Jesus Church Junction,IPL Match: RCB vs DC,34101,72391,19.34,1.94,87.24,1,148.16,70.06,70.24,86.88,2900,Thunderstorm,Yes,Medium,55,"IPL Match at Chinnaswamy Stadium (RCB vs DC, 34,101 spectators). Heavy crowd movement on Infant Jesus Church Junction during peak match hours (20:00). Road DNA: 55. Reroute via Richmond Road flyover."
2025-05-12,16,5,Chinnaswamy Stadium Zone,Richmond Road,IPL Match: RCB vs RR,29634,73091,22.18,2.21,73.66,1,171.19,78.82,76.26,89.24,1085,Thunderstorm,Yes,Medium,69,"IPL Match at Chinnaswamy Stadium (RCB vs RR, 29,634 spectators). Heavy crowd movement on Richmond Road during peak match hours (16:00). Road DNA: 69. Reroute via Richmond Road flyover."
2025-03-02,21,3,Chinnaswamy Stadium Zone,Richmond Road,IPL Match: RCB vs DC,28478,55911,17.94,1.69,84.35,2,126.88,85.82,72.76,93.48,3245,Clear,Yes,Medium,72,"IPL Match at Chinnaswamy Stadium (RCB vs DC, 28,478 spectators). Heavy crowd movement on Richmond Road during peak match hours (21:00). Road DNA: 72. Reroute via Richmond Road flyover."
2025-05-15,19,5,Chinnaswamy Stadium Zone,Infant Jesus Church Junction,IPL Match: RCB vs KKR,32929,99696,8.5,3.04,107.71,0,174.78,71.23,81.98,97.61,2952,Light Rain,Yes,Severe,91,"IPL Match at Chinnaswamy Stadium (RCB vs KKR, 32,929 spectators). Heavy crowd movement on Infant Jesus Church Junction during peak match hours (19:00). Road DNA: 91. Reroute via Richmond Road flyover."
2025-05-20,20,5,Chinnaswamy Stadium Zone,Cubbon Road,IPL Match: RCB vs KKR,31736,73703,21.54,2.28,70.47,4,136.01,65.81,72.28,97.15,3375,Clear,No,Medium,67,"IPL Match at Chinnaswamy Stadium (RCB vs KKR, 31,736 spectators). Heavy crowd movement on Cubbon Road during peak match hours (20:00). Road DNA: 67. Reroute via Richmond Road flyover."
2025-04-07,16,4,Chinnaswamy Stadium Zone,Richmond Road,IPL Match: RCB vs MI,30581,109332,9.34,3.65,107.31,2,147.22,70.49,75.52,90.12,3500,Light Rain,Yes,Severe,79,"IPL Match at Chinnaswamy Stadium (RCB vs MI, 30,581 spectators). Heavy crowd movement on Richmond Road during peak match hours (16:00). Road DNA: 79. Reroute via Richmond Road flyover."
2025-04-08,22,4,Chinnaswamy Stadium Zone,MG Road,IPL Match: RCB vs RR,31771,111865,7.02,2.56,103.88,0,173.12,88.47,89.94,88.96,1603,Clear,No,High,86,"IPL Match at Chinnaswamy Stadium (RCB vs RR, 31,771 spectators). Heavy crowd movement on MG Road during peak match hours (22:00). Road DNA: 86. Reroute via Richmond Road flyover."
2025-05-01,17,5,Chinnaswamy Stadium Zone,Richmond Road,IPL Match: RCB vs GT,31535,127594,11.52,3.46,100.38,0,127.53,63.82,72.26,87.99,3309,Light Rain,No,Severe,92,"IPL Match at Chinnaswamy Stadium (RCB vs GT, 31,535 spectators). Heavy crowd movement on Richmond Road during peak match hours (17:00). Road DNA: 92. Reroute via Richmond Road flyover."
2025-03-18,18,3,Chinnaswamy Stadium Zone,Richmond Road,IPL Match: RCB vs CSK,30887,114071,8.31,3.16,95.09,1,123.86,74.15,87.92,99.0,1162,Clear,Yes,High,85,"IPL Match at Chinnaswamy Stadium (RCB vs CSK, 30,887 spectators). Heavy crowd movement on Richmond Road during peak match hours (18:00). Road DNA: 85. Reroute via Richmond Road flyover."
2025-04-28,17,4,Chinnaswamy Stadium Zone,Richmond Road,IPL Match: RCB vs KKR,33760,129792,7.45,3.96,93.7,4,166.92,86.98,82.85,90.34,2199,Clear,No,High,94,"IPL Match at Chinnaswamy Stadium (RCB vs KKR, 33,760 spectators). Heavy crowd movement on Richmond Road during peak match hours (17:00). Road DNA: 94. Reroute via Richmond Road flyover."
2025-05-23,22,5,Chinnaswamy Stadium Zone,Cubbon Road,IPL Match: RCB vs CSK,28454,95031,8.09,3.35,103.33,3,171.83,66.96,83.89,95.39,3419,Heavy Rain,Yes,Severe,86,"IPL Match at Chinnaswamy Stadium (RCB vs CSK, 28,454 spectators). Heavy crowd movement on Cubbon Road during peak match hours (22:00). Road DNA: 86. Reroute via Richmond Road flyover."
2025-05-07,20,5,Chinnaswamy Stadium Zone,Residency Road,IPL Match: RCB vs RR,30186,68901,17.17,1.77,76.48,1,123.96,72.6,84.92,97.8,2798,Clear,No,Medium,59,"IPL Match at Chinnaswamy Stadium (RCB vs RR, 30,186 spectators). Heavy crowd movement on Residency Road during peak match hours (20:00). Road DNA: 59. Reroute via Richmond Road flyover."
2025-03-01,18,3,Chinnaswamy Stadium Zone,Infant Jesus Church Junction,IPL Match: RCB vs CSK,32151,90019,11.73,3.14,92.34,2,132.43,88.7,85.69,95.89,1760,Thunderstorm,Yes,High,88,"IPL Match at Chinnaswamy Stadium (RCB vs CSK, 32,151 spectators). Heavy crowd movement on Infant Jesus Church Junction during peak match hours (18:00). Road DNA: 88. Reroute via Richmond Road flyover."
2025-05-12,23,5,Chinnaswamy Stadium Zone,Kasturba Road,IPL Match: RCB vs RR,33885,85582,7.43,4.47,100.78,0,176.13,60.15,72.96,99.69,2438,Clear,Yes,High,78,"IPL Match at Chinnaswamy Stadium (RCB vs RR, 33,885 spectators). Heavy crowd movement on Kasturba Road during peak match hours (23:00). Road DNA: 78. Reroute via Richmond Road flyover."
2025-05-07,19,5,Chinnaswamy Stadium Zone,Infant Jesus Church Junction,IPL Match: RCB vs RR,33502,100611,9.47,2.56,111.5,4,150.12,79.63,82.41,89.03,1652,Light Rain,Yes,Severe,79,"IPL Match at Chinnaswamy Stadium (RCB vs RR, 33,502 spectators). Heavy crowd movement on Infant Jesus Church Junction during peak match hours (19:00). Road DNA: 79. Reroute via Richmond Road flyover."
2025-03-01,16,3,Chinnaswamy Stadium Zone,Kasturba Road,IPL Match: RCB vs SRH,31432,123497,8.17,3.01,97.62,4,131.31,81.44,83.75,97.93,1568,Heavy Rain,No,Severe,91,"IPL Match at Chinnaswamy Stadium (RCB vs SRH, 31,432 spectators). Heavy crowd movement on Kasturba Road during peak match hours (16:00). Road DNA: 91. Reroute via Richmond Road flyover."
2025-05-16,22,5,Chinnaswamy Stadium Zone,Residency Road,IPL Match: RCB vs KKR,31443,109798,8.09,4.27,101.81,3,124.9,60.27,75.1,87.61,3199,Light Rain,No,Severe,79,"IPL Match at Chinnaswamy Stadium (RCB vs KKR, 31,443 spectators). Heavy crowd movement on Residency Road during peak match hours (22:00). Road DNA: 79. Reroute via Richmond Road flyover."
2025-05-16,23,5,Chinnaswamy Stadium Zone,MG Road,IPL Match: RCB vs KKR,34850,98066,8.81,3.4,97.38,3,120.92,69.73,85.0,96.96,3058,Thunderstorm,No,High,93,"IPL Match at Chinnaswamy Stadium (RCB vs KKR, 34,850 spectators). Heavy crowd movement on MG Road during peak match hours (23:00). Road DNA: 93. Reroute via Richmond Road flyover."
2025-03-24,16,3,Chinnaswamy Stadium Zone,Richmond Road,IPL Match: RCB vs GT,30208,128134,6.94,3.98,106.64,2,175.03,83.67,76.71,96.68,1496,Heavy Rain,No,Severe,81,"IPL Match at Chinnaswamy Stadium (RCB vs GT, 30,208 spectators). Heavy crowd movement on Richmond Road during peak match hours (16:00). Road DNA: 81. Reroute via Richmond Road flyover."
2025-03-04,17,3,Chinnaswamy Stadium Zone,Residency Road,IPL Match: RCB vs KKR,32412,115688,12.57,3.53,102.38,4,139.9,69.61,86.45,98.75,2475,Clear,Yes,High,95,"IPL Match at Chinnaswamy Stadium (RCB vs KKR, 32,412 spectators). Heavy crowd movement on Residency Road during peak match hours (17:00). Road DNA: 95. Reroute via Richmond Road flyover."
2025-05-08,21,5,Chinnaswamy Stadium Zone,Residency Road,IPL Match: RCB vs RR,31867,95336,11.03,3.98,97.64,0,151.95,89.51,84.02,86.6,2863,Heavy Rain,No,Severe,92,"IPL Match at Chinnaswamy Stadium (RCB vs RR, 31,867 spectators). Heavy crowd movement on Residency Road during peak match hours (21:00). Road DNA: 92. Reroute via Richmond Road flyover."
2025-05-16,19,5,Chinnaswamy Stadium Zone,Infant Jesus Church Junction,IPL Match: RCB vs KKR,32286,115993,6.94,2.87,108.24,1,155.86,77.61,77.26,93.15,1665,Heavy Rain,Yes,Severe,82,"IPL Match at Chinnaswamy Stadium (RCB vs KKR, 32,286 spectators). Heavy crowd movement on Infant Jesus Church Junction during peak match hours (19:00). Road DNA: 82. Reroute via Richmond Road flyover."
2025-04-27,17,4,Chinnaswamy Stadium Zone,Residency Road,IPL Match: RCB vs RR,28510,85511,9.27,3.41,104.68,1,182.0,67.7,77.2,91.3,1332,Thunderstorm,No,High,80,"IPL Match at Chinnaswamy Stadium (RCB vs RR, 28,510 spectators). Heavy crowd movement on Residency Road during peak match hours (17:00). Road DNA: 80. Reroute via Richmond Road flyover."
2025-05-28,20,5,Chinnaswamy Stadium Zone,Richmond Road,IPL Match: RCB vs SRH,28140,58223,18.86,1.95,86.55,1,126.06,88.21,85.61,99.44,997,Clear,Yes,Medium,58,"IPL Match at Chinnaswamy Stadium (RCB vs SRH, 28,140 spectators). Heavy crowd movement on Richmond Road during peak match hours (20:00). Road DNA: 58. Reroute via Richmond Road flyover."
2025-05-14,16,5,Chinnaswamy Stadium Zone,Infant Jesus Church Junction,IPL Match: RCB vs GT,28023,98409,7.06,3.41,110.87,2,155.58,79.85,70.21,87.33,1611,Light Rain,No,Severe,81,"IPL Match at Chinnaswamy Stadium (RCB vs GT, 28,023 spectators). Heavy crowd movement on Infant Jesus Church Junction during peak match hours (16:00). Road DNA: 81. Reroute via Richmond Road flyover."
2025-03-19,22,3,Chinnaswamy Stadium Zone,Kasturba Road,IPL Match: RCB vs LSG,31942,121794,8.45,4.18,103.58,3,134.69,69.67,87.44,96.93,2113,Light Rain,No,Severe,91,"IPL Match at Chinnaswamy Stadium (RCB vs LSG, 31,942 spectators). Heavy crowd movement on Kasturba Road during peak match hours (22:00). Road DNA: 91. Reroute via Richmond Road flyover."
2025-03-28,22,3,Chinnaswamy Stadium Zone,Richmond Road,IPL Match: RCB vs LSG,30090,129714,11.53,3.83,105.29,0,178.08,80.45,76.04,86.09,1896,Clear,Yes,High,86,"IPL Match at Chinnaswamy Stadium (RCB vs LSG, 30,090 spectators). Heavy crowd movement on Richmond Road during peak match hours (22:00). Road DNA: 86. Reroute via Richmond Road flyover."
2025-03-11,17,3,Chinnaswamy Stadium Zone,Residency Road,IPL Match: RCB vs CSK,28175,125335,12.48,2.76,95.31,1,153.44,82.32,87.41,97.97,2822,Thunderstorm,Yes,High,78,"IPL Match at Chinnaswamy Stadium (RCB vs CSK, 28,175 spectators). Heavy crowd movement on Residency Road during peak match hours (17:00). Road DNA: 78. Reroute via Richmond Road flyover."
2025-03-14,18,3,Chinnaswamy Stadium Zone,Residency Road,IPL Match: RCB vs LSG,34267,100529,7.5,3.12,104.63,1,158.77,63.48,84.23,97.48,2915,Thunderstorm,No,High,89,"IPL Match at Chinnaswamy Stadium (RCB vs LSG, 34,267 spectators). Heavy crowd movement on Residency Road during peak match hours (18:00). Road DNA: 89. Reroute via Richmond Road flyover."
2025-04-12,22,4,Chinnaswamy Stadium Zone,Richmond Road,IPL Match: RCB vs RR,33530,106250,6.89,3.87,104.58,4,171.33,67.15,78.31,89.74,2374,Heavy Rain,No,Severe,89,"IPL Match at Chinnaswamy Stadium (RCB vs RR, 33,530 spectators). Heavy crowd movement on Richmond Road during peak match hours (22:00). Road DNA: 89. Reroute via Richmond Road flyover."
2025-05-28,23,5,Chinnaswamy Stadium Zone,Residency Road,IPL Match: RCB vs CSK,34979,89443,8.12,3.75,105.56,2,175.67,70.0,85.97,97.61,1835,Clear,No,High,90,"IPL Match at Chinnaswamy Stadium (RCB vs CSK, 34,979 spectators). Heavy crowd movement on Residency Road during peak match hours (23:00). Road DNA: 90. Reroute via Richmond Road flyover."
2025-05-20,18,5,Chinnaswamy Stadium Zone,Kasturba Road,IPL Match: RCB vs RR,31806,125228,10.33,3.77,108.45,4,166.73,62.5,74.96,99.21,1187,Clear,Yes,High,95,"IPL Match at Chinnaswamy Stadium (RCB vs RR, 31,806 spectators). Heavy crowd movement on Kasturba Road during peak match hours (18:00). Road DNA: 95. Reroute via Richmond Road flyover."
2025-03-07,17,3,Chinnaswamy Stadium Zone,Residency Road,IPL Match: RCB vs DC,30010,95969,10.44,3.61,108.0,2,158.76,89.15,88.64,85.9,2777,Light Rain,No,Severe,87,"IPL Match at Chinnaswamy Stadium (RCB vs DC, 30,010 spectators). Heavy crowd movement on Residency Road during peak match hours (17:00). Road DNA: 87. Reroute via Richmond Road flyover."
2025-05-12,19,5,Chinnaswamy Stadium Zone,Residency Road,IPL Match: RCB vs MI,28803,124202,11.49,4.18,107.9,1,152.46,83.18,89.67,87.95,2515,Light Rain,No,Severe,95,"IPL Match at Chinnaswamy Stadium (RCB vs MI, 28,803 spectators). Heavy crowd movement on Residency Road during peak match hours (19:00). Road DNA: 95. Reroute via Richmond Road flyover."
2025-05-21,23,5,Chinnaswamy Stadium Zone,Infant Jesus Church Junction,IPL Match: RCB vs KKR,30191,85898,7.61,3.0,107.04,1,154.58,69.58,85.14,90.69,2891,Clear,No,High,85,"IPL Match at Chinnaswamy Stadium (RCB vs KKR, 30,191 spectators). Heavy crowd movement on Infant Jesus Church Junction during peak match hours (23:00). Road DNA: 85. Reroute via Richmond Road flyover."
2025-05-17,23,5,Chinnaswamy Stadium Zone,Kasturba Road,IPL Match: RCB vs LSG,34858,94904,6.55,4.29,97.16,4,132.23,88.29,79.25,92.21,3323,Light Rain,Yes,Severe,93,"IPL Match at Chinnaswamy Stadium (RCB vs LSG, 34,858 spectators). Heavy crowd movement on Kasturba Road during peak match hours (23:00). Road DNA: 93. Reroute via Richmond Road flyover."
2025-03-14,22,3,Chinnaswamy Stadium Zone,Kasturba Road,IPL Match: RCB vs SRH,29713,109746,9.74,4.09,98.18,3,177.56,86.41,74.1,95.11,3219,Light Rain,No,Severe,93,"IPL Match at Chinnaswamy Stadium (RCB vs SRH, 29,713 spectators). Heavy crowd movement on Kasturba Road during peak match hours (22:00). Road DNA: 93. Reroute via Richmond Road flyover."
2025-03-25,23,3,Chinnaswamy Stadium Zone,Residency Road,IPL Match: RCB vs GT,28896,96131,9.06,2.61,110.35,1,141.83,75.81,78.24,93.48,3140,Clear,No,High,92,"IPL Match at Chinnaswamy Stadium (RCB vs GT, 28,896 spectators). Heavy crowd movement on Residency Road during peak match hours (23:00). Road DNA: 92. Reroute via Richmond Road flyover."
2025-03-10,18,3,Chinnaswamy Stadium Zone,Cubbon Road,IPL Match: RCB vs CSK,30647,116227,6.84,4.04,111.88,1,125.74,61.64,73.27,95.9,3072,Heavy Rain,No,Severe,83,"IPL Match at Chinnaswamy Stadium (RCB vs CSK, 30,647 spectators). Heavy crowd movement on Cubbon Road during peak match hours (18:00). Road DNA: 83. Reroute via Richmond Road flyover."
2025-04-23,19,4,Chinnaswamy Stadium Zone,Kasturba Road,IPL Match: RCB vs SRH,31615,106583,10.36,2.55,93.87,1,142.15,78.52,81.66,95.61,1723,Heavy Rain,Yes,Severe,79,"IPL Match at Chinnaswamy Stadium (RCB vs SRH, 31,615 spectators). Heavy crowd movement on Kasturba Road during peak match hours (19:00). Road DNA: 79. Reroute via Richmond Road flyover."
2025-04-26,19,4,Chinnaswamy Stadium Zone,Richmond Road,IPL Match: RCB vs GT,33326,91059,12.19,3.02,101.18,2,181.22,86.24,84.4,92.94,2553,Heavy Rain,Yes,Severe,79,"IPL Match at Chinnaswamy Stadium (RCB vs GT, 33,326 spectators). Heavy crowd movement on Richmond Road during peak match hours (19:00). Road DNA: 79. Reroute via Richmond Road flyover."
2025-04-04,21,4,Chinnaswamy Stadium Zone,Cubbon Road,IPL Match: RCB vs CSK,32131,70163,23.43,1.94,76.57,2,188.46,74.31,87.09,96.83,3180,Thunderstorm,Yes,Medium,70,"IPL Match at Chinnaswamy Stadium (RCB vs CSK, 32,131 spectators). Heavy crowd movement on Cubbon Road during peak match hours (21:00). Road DNA: 70. Reroute via Richmond Road flyover."
2025-03-23,16,3,Chinnaswamy Stadium Zone,Richmond Road,IPL Match: RCB vs MI,29744,63348,17.4,2.33,84.38,2,159.36,74.37,77.07,86.69,1289,Thunderstorm,No,Medium,58,"IPL Match at Chinnaswamy Stadium (RCB vs MI, 29,744 spectators). Heavy crowd movement on Richmond Road during peak match hours (16:00). Road DNA: 58. Reroute via Richmond Road flyover."
2025-03-24,23,3,Chinnaswamy Stadium Zone,Infant Jesus Church Junction,IPL Match: RCB vs SRH,33861,92991,10.57,2.98,98.71,1,150.85,60.03,86.05,86.43,1106,Heavy Rain,No,Severe,89,"IPL Match at Chinnaswamy Stadium (RCB vs SRH, 33,861 spectators). Heavy crowd movement on Infant Jesus Church Junction during peak match hours (23:00). Road DNA: 89. Reroute via Richmond Road flyover."
2025-05-20,21,5,Chinnaswamy Stadium Zone,Infant Jesus Church Junction,IPL Match: RCB vs CSK,33579,78863,21.23,1.97,73.33,4,166.59,77.91,72.02,99.58,1944,Thunderstorm,No,Medium,70,"IPL Match at Chinnaswamy Stadium (RCB vs CSK, 33,579 spectators). Heavy crowd movement on Infant Jesus Church Junction during peak match hours (21:00). Road DNA: 70. Reroute via Richmond Road flyover."
2025-05-18,20,5,Chinnaswamy Stadium Zone,Infant Jesus Church Junction,IPL Match: RCB vs MI,31334,88205,10.4,2.78,110.79,4,132.4,79.26,71.98,98.61,1518,Heavy Rain,Yes,Severe,83,"IPL Match at Chinnaswamy Stadium (RCB vs MI, 31,334 spectators). Heavy crowd movement on Infant Jesus Church Junction during peak match hours (20:00). Road DNA: 83. Reroute via Richmond Road flyover."
2025-03-05,18,3,Chinnaswamy Stadium Zone,MG Road,IPL Match: RCB vs KKR,32141,110256,11.85,4.07,103.38,0,183.92,79.29,82.01,90.26,1433,Heavy Rain,No,Severe,83,"IPL Match at Chinnaswamy Stadium (RCB vs KKR, 32,141 spectators). Heavy crowd movement on MG Road during peak match hours (18:00). Road DNA: 83. Reroute via Richmond Road flyover."
2025-03-02,20,3,Chinnaswamy Stadium Zone,Cubbon Road,IPL Match: RCB vs KKR,33564,75131,19.43,2.13,81.51,1,128.36,81.55,87.63,89.53,1517,Clear,Yes,Medium,59,"IPL Match at Chinnaswamy Stadium (RCB vs KKR, 33,564 spectators). Heavy crowd movement on Cubbon Road during peak match hours (20:00). Road DNA: 59. Reroute via Richmond Road flyover."
2025-04-05,22,4,Chinnaswamy Stadium Zone,Richmond Road,IPL Match: RCB vs SRH,32662,108964,7.04,4.05,99.82,0,176.89,86.77,82.84,87.24,1275,Clear,No,High,81,"IPL Match at Chinnaswamy Stadium (RCB vs SRH, 32,662 spectators). Heavy crowd movement on Richmond Road during peak match hours (22:00). Road DNA: 81. Reroute via Richmond Road flyover."
2025-03-05,17,3,Chinnaswamy Stadium Zone,Cubbon Road,IPL Match: RCB vs KKR,30849,104608,13.95,4.13,106.33,2,184.59,85.67,84.1,95.64,1135,Thunderstorm,No,High,93,"IPL Match at Chinnaswamy Stadium (RCB vs KKR, 30,849 spectators). Heavy crowd movement on Cubbon Road during peak match hours (17:00). Road DNA: 93. Reroute via Richmond Road flyover."
2025-03-15,21,3,Chinnaswamy Stadium Zone,Infant Jesus Church Junction,IPL Match: RCB vs KKR,34116,124470,6.53,2.56,102.51,1,147.75,77.3,78.86,94.61,2929,Light Rain,Yes,Severe,91,"IPL Match at Chinnaswamy Stadium (RCB vs KKR, 34,116 spectators). Heavy crowd movement on Infant Jesus Church Junction during peak match hours (21:00). Road DNA: 91. Reroute via Richmond Road flyover."
2025-04-03,21,4,Chinnaswamy Stadium Zone,Residency Road,IPL Match: RCB vs LSG,30372,83298,17.98,2.37,82.94,1,142.6,82.47,81.34,92.34,1853,Clear,No,Medium,56,"IPL Match at Chinnaswamy Stadium (RCB vs LSG, 30,372 spectators). Heavy crowd movement on Residency Road during peak match hours (21:00). Road DNA: 56. Reroute via Richmond Road flyover."
2025-05-22,20,5,Chinnaswamy Stadium Zone,Kasturba Road,IPL Match: RCB vs CSK,33755,106270,9.3,4.28,98.99,0,167.62,61.03,72.16,95.1,2791,Light Rain,Yes,Severe,87,"IPL Match at Chinnaswamy Stadium (RCB vs CSK, 33,755 spectators). Heavy crowd movement on Kasturba Road during peak match hours (20:00). Road DNA: 87. Reroute via Richmond Road flyover."
2025-04-02,21,4,Chinnaswamy Stadium Zone,Richmond Road,IPL Match: RCB vs KKR,34847,63207,22.28,2.0,79.49,1,180.31,76.39,76.3,90.22,1293,Clear,Yes,Medium,72,"IPL Match at Chinnaswamy Stadium (RCB vs KKR, 34,847 spectators). Heavy crowd movement on Richmond Road during peak match hours (21:00). Road DNA: 72. Reroute via Richmond Road flyover."
2025-05-27,23,5,Chinnaswamy Stadium Zone,Cubbon Road,IPL Match: RCB vs RR,29710,100898,12.85,3.0,109.38,2,144.72,71.06,80.72,96.01,1769,Light Rain,No,Severe,90,"IPL Match at Chinnaswamy Stadium (RCB vs RR, 29,710 spectators). Heavy crowd movement on Cubbon Road during peak match hours (23:00). Road DNA: 90. Reroute via Richmond Road flyover."
2025-03-10,22,3,Chinnaswamy Stadium Zone,Richmond Road,IPL Match: RCB vs MI,31193,91941,10.62,3.14,96.27,0,165.83,67.46,81.06,85.79,1731,Heavy Rain,No,Severe,89,"IPL Match at Chinnaswamy Stadium (RCB vs MI, 31,193 spectators). Heavy crowd movement on Richmond Road during peak match hours (22:00). Road DNA: 89. Reroute via Richmond Road flyover."
2025-04-01,17,4,Chinnaswamy Stadium Zone,Infant Jesus Church Junction,IPL Match: RCB vs RR,30562,95616,6.93,4.08,112.22,2,142.9,73.16,75.59,87.27,2209,Heavy Rain,No,Severe,79,"IPL Match at Chinnaswamy Stadium (RCB vs RR, 30,562 spectators). Heavy crowd movement on Infant Jesus Church Junction during peak match hours (17:00). Road DNA: 79. Reroute via Richmond Road flyover."
2025-04-24,16,4,Chinnaswamy Stadium Zone,MG Road,IPL Match: RCB vs DC,31982,58496,19.22,1.84,80.0,0,157.77,81.91,89.36,92.18,3396,Thunderstorm,Yes,Medium,61,"IPL Match at Chinnaswamy Stadium (RCB vs DC, 31,982 spectators). Heavy crowd movement on MG Road during peak match hours (16:00). Road DNA: 61. Reroute via Richmond Road flyover."
2025-05-02,16,5,Chinnaswamy Stadium Zone,Cubbon Road,IPL Match: RCB vs LSG,31910,72821,20.35,2.03,80.9,1,183.96,69.4,75.59,97.02,1651,Thunderstorm,Yes,Medium,66,"IPL Match at Chinnaswamy Stadium (RCB vs LSG, 31,910 spectators). Heavy crowd movement on Cubbon Road during peak match hours (16:00). Road DNA: 66. Reroute via Richmond Road flyover."
2025-04-27,22,4,Chinnaswamy Stadium Zone,Richmond Road,IPL Match: RCB vs LSG,28701,103637,11.31,2.87,109.23,1,189.27,75.68,88.17,97.59,2148,Light Rain,No,Severe,95,"IPL Match at Chinnaswamy Stadium (RCB vs LSG, 28,701 spectators). Heavy crowd movement on Richmond Road during peak match hours (22:00). Road DNA: 95. Reroute via Richmond Road flyover."
2025-05-04,22,5,Chinnaswamy Stadium Zone,Cubbon Road,IPL Match: RCB vs CSK,28942,102905,10.01,2.72,100.29,0,172.91,60.53,74.03,91.97,1942,Light Rain,No,Severe,83,"IPL Match at Chinnaswamy Stadium (RCB vs CSK, 28,942 spectators). Heavy crowd movement on Cubbon Road during peak match hours (22:00). Road DNA: 83. Reroute via Richmond Road flyover."
2025-04-02,21,4,Chinnaswamy Stadium Zone,Infant Jesus Church Junction,IPL Match: RCB vs SRH,31908,122024,6.84,4.42,112.39,4,161.66,81.85,88.5,96.51,3435,Heavy Rain,Yes,Severe,94,"IPL Match at Chinnaswamy Stadium (RCB vs SRH, 31,908 spectators). Heavy crowd movement on Infant Jesus Church Junction during peak match hours (21:00). Road DNA: 94. Reroute via Richmond Road flyover."
2025-03-05,18,3,Chinnaswamy Stadium Zone,Richmond Road,IPL Match: RCB vs LSG,34748,129213,12.17,4.07,114.64,0,138.49,79.3,75.16,85.16,3090,Light Rain,No,Severe,78,"IPL Match at Chinnaswamy Stadium (RCB vs LSG, 34,748 spectators). Heavy crowd movement on Richmond Road during peak match hours (18:00). Road DNA: 78. Reroute via Richmond Road flyover."
2025-03-18,16,3,Chinnaswamy Stadium Zone,MG Road,IPL Match: RCB vs LSG,31895,101302,13.2,3.07,92.51,4,133.97,77.15,81.51,88.56,3063,Light Rain,No,Severe,91,"IPL Match at Chinnaswamy Stadium (RCB vs LSG, 31,895 spectators). Heavy crowd movement on MG Road during peak match hours (16:00). Road DNA: 91. Reroute via Richmond Road flyover."
2025-04-02,23,4,Chinnaswamy Stadium Zone,Cubbon Road,IPL Match: RCB vs DC,28806,121385,6.69,2.74,97.79,2,138.28,63.39,77.54,87.73,3272,Clear,No,High,83,"IPL Match at Chinnaswamy Stadium (RCB vs DC, 28,806 spectators). Heavy crowd movement on Cubbon Road during peak match hours (23:00). Road DNA: 83. Reroute via Richmond Road flyover."
2025-04-27,16,4,Chinnaswamy Stadium Zone,Infant Jesus Church Junction,IPL Match: RCB vs CSK,34106,92890,13.3,3.94,98.0,4,147.17,89.01,89.13,91.1,920,Heavy Rain,No,Severe,89,"IPL Match at Chinnaswamy Stadium (RCB vs CSK, 34,106 spectators). Heavy crowd movement on Infant Jesus Church Junction during peak match hours (16:00). Road DNA: 89. Reroute via Richmond Road flyover."
2025-04-02,18,4,Chinnaswamy Stadium Zone,MG Road,IPL Match: RCB vs KKR,33227,123421,8.55,3.48,101.33,2,173.23,72.97,75.55,96.93,998,Thunderstorm,Yes,High,93,"IPL Match at Chinnaswamy Stadium (RCB vs KKR, 33,227 spectators). Heavy crowd movement on MG Road during peak match hours (18:00). Road DNA: 93. Reroute via Richmond Road flyover."
2025-04-27,18,4,Chinnaswamy Stadium Zone,Cubbon Road,IPL Match: RCB vs GT,33494,119870,10.78,3.24,103.02,3,128.79,74.47,89.92,97.96,1013,Heavy Rain,No,Severe,90,"IPL Match at Chinnaswamy Stadium (RCB vs GT, 33,494 spectators). Heavy crowd movement on Cubbon Road during peak match hours (18:00). Road DNA: 90. Reroute via Richmond Road flyover."
2025-04-06,18,4,Chinnaswamy Stadium Zone,Richmond Road,IPL Match: RCB vs KKR,31187,89493,8.4,4.12,107.5,2,184.98,71.16,78.15,85.14,1570,Heavy Rain,No,Severe,95,"IPL Match at Chinnaswamy Stadium (RCB vs KKR, 31,187 spectators). Heavy crowd movement on Richmond Road during peak match hours (18:00). Road DNA: 95. Reroute via Richmond Road flyover."
2025-03-22,22,3,Chinnaswamy Stadium Zone,MG Road,IPL Match: RCB vs KKR,29382,85161,13.37,4.35,107.68,2,180.65,77.51,86.95,95.65,1559,Light Rain,No,Severe,78,"IPL Match at Chinnaswamy Stadium (RCB vs KKR, 29,382 spectators). Heavy crowd movement on MG Road during peak match hours (22:00). Road DNA: 78. Reroute via Richmond Road flyover."
2025-03-26,22,3,Chinnaswamy Stadium Zone,Residency Road,IPL Match: RCB vs LSG,34559,109471,9.42,3.51,106.49,2,155.08,70.48,77.76,97.07,2162,Thunderstorm,Yes,High,89,"IPL Match at Chinnaswamy Stadium (RCB vs LSG, 34,559 spectators). Heavy crowd movement on Residency Road during peak match hours (22:00). Road DNA: 89. Reroute via Richmond Road flyover."
2025-04-06,21,4,Chinnaswamy Stadium Zone,Kasturba Road,IPL Match: RCB vs LSG,33381,117895,7.26,3.47,114.1,4,137.35,71.67,85.06,87.76,2818,Light Rain,No,Severe,95,"IPL Match at Chinnaswamy Stadium (RCB vs LSG, 33,381 spectators). Heavy crowd movement on Kasturba Road during peak match hours (21:00). Road DNA: 95. Reroute via Richmond Road flyover."
2025-03-20,18,3,Chinnaswamy Stadium Zone,MG Road,IPL Match: RCB vs RR,31427,88550,10.85,3.0,99.53,3,137.63,77.82,70.6,93.71,2204,Clear,Yes,High,95,"IPL Match at Chinnaswamy Stadium (RCB vs RR, 31,427 spectators). Heavy crowd movement on MG Road during peak match hours (18:00). Road DNA: 95. Reroute via Richmond Road flyover."
2025-03-07,16,3,Chinnaswamy Stadium Zone,Residency Road,IPL Match: RCB vs KKR,32857,80079,17.49,2.04,82.17,0,184.46,81.16,73.77,92.84,1165,Thunderstorm,Yes,Medium,73,"IPL Match at Chinnaswamy Stadium (RCB vs KKR, 32,857 spectators). Heavy crowd movement on Residency Road during peak match hours (16:00). Road DNA: 73. Reroute via Richmond Road flyover."
2025-05-24,16,5,Chinnaswamy Stadium Zone,MG Road,IPL Match: RCB vs DC,32873,71685,21.36,1.9,87.51,2,125.2,66.06,88.04,86.74,3106,Clear,Yes,Medium,58,"IPL Match at Chinnaswamy Stadium (RCB vs DC, 32,873 spectators). Heavy crowd movement on MG Road during peak match hours (16:00). Road DNA: 58. Reroute via Richmond Road flyover."
2025-04-07,17,4,Chinnaswamy Stadium Zone,Kasturba Road,IPL Match: RCB vs MI,34870,98055,11.36,4.23,107.68,3,131.08,85.9,70.24,97.18,1196,Clear,Yes,High,93,"IPL Match at Chinnaswamy Stadium (RCB vs MI, 34,870 spectators). Heavy crowd movement on Kasturba Road during peak match hours (17:00). Road DNA: 93. Reroute via Richmond Road flyover."
2025-04-14,19,4,Chinnaswamy Stadium Zone,Residency Road,IPL Match: RCB vs DC,31156,120809,12.23,4.1,112.48,4,125.35,62.02,78.61,90.25,2046,Clear,No,High,79,"IPL Match at Chinnaswamy Stadium (RCB vs DC, 31,156 spectators). Heavy crowd movement on Residency Road during peak match hours (19:00). Road DNA: 79. Reroute via Richmond Road flyover."
2025-05-08,22,5,Chinnaswamy Stadium Zone,Kasturba Road,IPL Match: RCB vs DC,31592,112774,9.62,3.39,99.81,0,135.21,87.76,75.54,87.35,2892,Thunderstorm,Yes,High,78,"IPL Match at Chinnaswamy Stadium (RCB vs DC, 31,592 spectators). Heavy crowd movement on Kasturba Road during peak match hours (22:00). Road DNA: 78. Reroute via Richmond Road flyover."
2025-04-28,19,4,Chinnaswamy Stadium Zone,Residency Road,IPL Match: RCB vs DC,33618,108237,11.82,3.22,92.81,4,128.46,60.43,75.17,92.98,2622,Light Rain,Yes,Severe,87,"IPL Match at Chinnaswamy Stadium (RCB vs DC, 33,618 spectators). Heavy crowd movement on Residency Road during peak match hours (19:00). Road DNA: 87. Reroute via Richmond Road flyover."
2025-03-07,17,3,Chinnaswamy Stadium Zone,Richmond Road,IPL Match: RCB vs LSG,31317,94271,12.47,3.87,107.72,2,138.39,77.95,75.12,86.78,1277,Thunderstorm,No,High,80,"IPL Match at Chinnaswamy Stadium (RCB vs LSG, 31,317 spectators). Heavy crowd movement on Richmond Road during peak match hours (17:00). Road DNA: 80. Reroute via Richmond Road flyover."
2025-05-15,20,5,Chinnaswamy Stadium Zone,Infant Jesus Church Junction,IPL Match: RCB vs CSK,29192,128951,13.76,4.13,101.73,2,125.41,87.33,70.11,88.41,1765,Light Rain,No,Severe,91,"IPL Match at Chinnaswamy Stadium (RCB vs CSK, 29,192 spectators). Heavy crowd movement on Infant Jesus Church Junction during peak match hours (20:00). Road DNA: 91. Reroute via Richmond Road flyover."
2025-05-28,22,5,Chinnaswamy Stadium Zone,Cubbon Road,IPL Match: RCB vs GT,29978,105785,8.67,3.95,97.75,0,121.82,85.97,74.9,91.65,2326,Thunderstorm,No,High,90,"IPL Match at Chinnaswamy Stadium (RCB vs GT, 29,978 spectators). Heavy crowd movement on Cubbon Road during peak match hours (22:00). Road DNA: 90. Reroute via Richmond Road flyover."
2025-04-18,22,4,Chinnaswamy Stadium Zone,Cubbon Road,IPL Match: RCB vs SRH,33545,110034,8.56,4.18,103.3,1,136.49,85.2,83.21,97.77,2133,Clear,Yes,High,84,"IPL Match at Chinnaswamy Stadium (RCB vs SRH, 33,545 spectators). Heavy crowd movement on Cubbon Road during peak match hours (22:00). Road DNA: 84. Reroute via Richmond Road flyover."
2025-04-07,22,4,Chinnaswamy Stadium Zone,Cubbon Road,IPL Match: RCB vs DC,29447,127492,13.02,2.75,92.07,0,128.87,70.85,81.68,94.19,3453,Thunderstorm,No,High,81,"IPL Match at Chinnaswamy Stadium (RCB vs DC, 29,447 spectators). Heavy crowd movement on Cubbon Road during peak match hours (22:00). Road DNA: 81. Reroute via Richmond Road flyover."
2025-05-28,19,5,Chinnaswamy Stadium Zone,Richmond Road,IPL Match: RCB vs CSK,32721,118626,7.78,3.51,100.11,4,186.58,70.66,78.63,94.97,955,Light Rain,No,Severe,94,"IPL Match at Chinnaswamy Stadium (RCB vs CSK, 32,721 spectators). Heavy crowd movement on Richmond Road during peak match hours (19:00). Road DNA: 94. Reroute via Richmond Road flyover."
2025-05-06,18,5,Chinnaswamy Stadium Zone,Kasturba Road,IPL Match: RCB vs KKR,28952,114374,11.74,2.91,107.57,0,172.08,77.11,70.98,92.18,934,Clear,Yes,High,85,"IPL Match at Chinnaswamy Stadium (RCB vs KKR, 28,952 spectators). Heavy crowd movement on Kasturba Road during peak match hours (18:00). Road DNA: 85. Reroute via Richmond Road flyover."
2025-05-02,18,5,Chinnaswamy Stadium Zone,Residency Road,IPL Match: RCB vs GT,34864,126200,13.71,2.75,100.21,2,121.64,68.42,79.62,98.67,3188,Clear,Yes,High,95,"IPL Match at Chinnaswamy Stadium (RCB vs GT, 34,864 spectators). Heavy crowd movement on Residency Road during peak match hours (18:00). Road DNA: 95. Reroute via Richmond Road flyover."
2025-03-27,19,3,Chinnaswamy Stadium Zone,Cubbon Road,IPL Match: RCB vs SRH,29103,127295,6.92,3.71,93.51,0,127.89,80.1,89.27,98.91,1700,Thunderstorm,No,High,79,"IPL Match at Chinnaswamy Stadium (RCB vs SRH, 29,103 spectators). Heavy crowd movement on Cubbon Road during peak match hours (19:00). Road DNA: 79. Reroute via Richmond Road flyover."
2025-03-18,20,3,Chinnaswamy Stadium Zone,Richmond Road,IPL Match: RCB vs GT,30007,82881,22.26,2.21,72.95,2,134.42,79.95,83.14,85.69,2379,Thunderstorm,No,Medium,75,"IPL Match at Chinnaswamy Stadium (RCB vs GT, 30,007 spectators). Heavy crowd movement on Richmond Road during peak match hours (20:00). Road DNA: 75. Reroute via Richmond Road flyover."
2025-05-15,22,5,Chinnaswamy Stadium Zone,Kasturba Road,IPL Match: RCB vs SRH,28517,115226,13.16,3.04,92.57,3,164.92,79.45,71.48,86.43,896,Thunderstorm,Yes,High,87,"IPL Match at Chinnaswamy Stadium (RCB vs SRH, 28,517 spectators). Heavy crowd movement on Kasturba Road during peak match hours (22:00). Road DNA: 87. Reroute via Richmond Road flyover."
2025-04-24,16,4,Chinnaswamy Stadium Zone,Cubbon Road,IPL Match: RCB vs MI,33027,97374,13.85,2.98,112.37,3,136.66,73.85,72.16,92.71,1474,Light Rain,No,Severe,94,"IPL Match at Chinnaswamy Stadium (RCB vs MI, 33,027 spectators). Heavy crowd movement on Cubbon Road during peak match hours (16:00). Road DNA: 94. Reroute via Richmond Road flyover."
2025-03-02,23,3,Chinnaswamy Stadium Zone,MG Road,IPL Match: RCB vs KKR,30945,125428,7.83,3.04,97.0,4,128.76,69.81,85.58,88.84,1877,Heavy Rain,No,Severe,93,"IPL Match at Chinnaswamy Stadium (RCB vs KKR, 30,945 spectators). Heavy crowd movement on MG Road during peak match hours (23:00). Road DNA: 93. Reroute via Richmond Road flyover."
2025-04-21,20,4,Chinnaswamy Stadium Zone,MG Road,IPL Match: RCB vs RR,31040,119302,10.51,4.3,98.23,0,167.54,75.89,85.03,95.89,1884,Light Rain,Yes,Severe,94,"IPL Match at Chinnaswamy Stadium (RCB vs RR, 31,040 spectators). Heavy crowd movement on MG Road during peak match hours (20:00). Road DNA: 94. Reroute via Richmond Road flyover."
2025-05-07,20,5,Chinnaswamy Stadium Zone,MG Road,IPL Match: RCB vs KKR,28240,129654,11.98,3.8,107.9,4,126.27,66.9,83.09,97.85,2889,Heavy Rain,Yes,Severe,79,"IPL Match at Chinnaswamy Stadium (RCB vs KKR, 28,240 spectators). Heavy crowd movement on MG Road during peak match hours (20:00). Road DNA: 79. Reroute via Richmond Road flyover."
2025-04-05,19,4,Chinnaswamy Stadium Zone,Kasturba Road,IPL Match: RCB vs RR,34228,101482,8.2,3.85,102.59,0,176.96,67.05,73.33,92.15,3121,Light Rain,No,Severe,94,"IPL Match at Chinnaswamy Stadium (RCB vs RR, 34,228 spectators). Heavy crowd movement on Kasturba Road during peak match hours (19:00). Road DNA: 94. Reroute via Richmond Road flyover."
2025-05-06,23,5,Chinnaswamy Stadium Zone,Residency Road,IPL Match: RCB vs RR,28055,97472,11.22,2.98,96.9,0,157.85,78.06,78.94,89.57,3456,Thunderstorm,Yes,High,78,"IPL Match at Chinnaswamy Stadium (RCB vs RR, 28,055 spectators). Heavy crowd movement on Residency Road during peak match hours (23:00). Road DNA: 78. Reroute via Richmond Road flyover."
2025-03-25,19,3,Chinnaswamy Stadium Zone,Kasturba Road,IPL Match: RCB vs RR,31317,91289,7.32,3.9,110.81,2,184.06,82.39,88.1,86.53,2004,Light Rain,No,Severe,78,"IPL Match at Chinnaswamy Stadium (RCB vs RR, 31,317 spectators). Heavy crowd movement on Kasturba Road during peak match hours (19:00). Road DNA: 78. Reroute via Richmond Road flyover."
2025-04-23,17,4,Chinnaswamy Stadium Zone,Kasturba Road,IPL Match: RCB vs RR,32870,118958,13.11,2.53,110.85,3,177.85,82.6,82.78,93.86,1791,Heavy Rain,Yes,Severe,81,"IPL Match at Chinnaswamy Stadium (RCB vs RR, 32,870 spectators). Heavy crowd movement on Kasturba Road during peak match hours (17:00). Road DNA: 81. Reroute via Richmond Road flyover."
2025-04-02,20,4,Chinnaswamy Stadium Zone,Richmond Road,IPL Match: RCB vs GT,34830,78084,15.74,1.77,81.63,2,137.24,72.09,78.74,92.53,2597,Clear,Yes,Medium,68,"IPL Match at Chinnaswamy Stadium (RCB vs GT, 34,830 spectators). Heavy crowd movement on Richmond Road during peak match hours (20:00). Road DNA: 68. Reroute via Richmond Road flyover."
2025-05-06,21,5,Chinnaswamy Stadium Zone,Richmond Road,IPL Match: RCB vs MI,32541,72859,23.75,2.4,89.72,0,159.51,66.32,81.07,98.6,3193,Thunderstorm,No,Medium,65,"IPL Match at Chinnaswamy Stadium (RCB vs MI, 32,541 spectators). Heavy crowd movement on Richmond Road during peak match hours (21:00). Road DNA: 65. Reroute via Richmond Road flyover."
2025-05-02,16,5,Chinnaswamy Stadium Zone,Cubbon Road,IPL Match: RCB vs RR,33248,65585,17.89,1.99,83.68,4,121.97,65.44,79.65,87.87,3001,Clear,Yes,Medium,56,"IPL Match at Chinnaswamy Stadium (RCB vs RR, 33,248 spectators). Heavy crowd movement on Cubbon Road during peak match hours (16:00). Road DNA: 56. Reroute via Richmond Road flyover."
2025-04-17,21,4,Chinnaswamy Stadium Zone,Cubbon Road,IPL Match: RCB vs GT,34716,60280,23.81,1.82,82.68,1,178.1,65.03,87.99,95.36,2025,Clear,No,Medium,65,"IPL Match at Chinnaswamy Stadium (RCB vs GT, 34,716 spectators). Heavy crowd movement on Cubbon Road during peak match hours (21:00). Road DNA: 65. Reroute via Richmond Road flyover."
2025-04-02,19,4,Chinnaswamy Stadium Zone,MG Road,IPL Match: RCB vs DC,29138,120243,10.23,3.26,104.88,3,121.12,76.59,77.9,97.74,1947,Heavy Rain,No,Severe,85,"IPL Match at Chinnaswamy Stadium (RCB vs DC, 29,138 spectators). Heavy crowd movement on MG Road during peak match hours (19:00). Road DNA: 85. Reroute via Richmond Road flyover."
2025-05-07,23,5,Chinnaswamy Stadium Zone,Residency Road,IPL Match: RCB vs MI,34009,103165,7.33,3.09,97.11,2,125.43,60.54,83.49,97.35,2174,Heavy Rain,No,Severe,95,"IPL Match at Chinnaswamy Stadium (RCB vs MI, 34,009 spectators). Heavy crowd movement on Residency Road during peak match hours (23:00). Road DNA: 95. Reroute via Richmond Road flyover."
2025-03-24,22,3,Chinnaswamy Stadium Zone,MG Road,IPL Match: RCB vs GT,31285,117716,8.31,3.17,103.64,3,186.87,81.18,76.56,97.58,3044,Heavy Rain,Yes,Severe,90,"IPL Match at Chinnaswamy Stadium (RCB vs GT, 31,285 spectators). Heavy crowd movement on MG Road during peak match hours (22:00). Road DNA: 90. Reroute via Richmond Road flyover."
2025-03-18,21,3,Chinnaswamy Stadium Zone,MG Road,IPL Match: RCB vs DC,34519,106208,13.7,3.42,102.39,3,128.66,64.27,85.01,86.57,2040,Heavy Rain,No,Severe,90,"IPL Match at Chinnaswamy Stadium (RCB vs DC, 34,519 spectators). Heavy crowd movement on MG Road during peak match hours (21:00). Road DNA: 90. Reroute via Richmond Road flyover."
2025-04-07,20,4,Chinnaswamy Stadium Zone,Richmond Road,IPL Match: RCB vs CSK,32427,107537,9.14,3.1,110.72,2,156.09,77.57,71.72,88.38,3455,Light Rain,Yes,Severe,92,"IPL Match at Chinnaswamy Stadium (RCB vs CSK, 32,427 spectators). Heavy crowd movement on Richmond Road during peak match hours (20:00). Road DNA: 92. Reroute via Richmond Road flyover."
2025-04-01,23,4,Chinnaswamy Stadium Zone,MG Road,IPL Match: RCB vs KKR,34012,90364,13.58,3.45,98.18,0,126.56,64.38,83.18,92.33,1386,Light Rain,No,Severe,82,"IPL Match at Chinnaswamy Stadium (RCB vs KKR, 34,012 spectators). Heavy crowd movement on MG Road during peak match hours (23:00). Road DNA: 82. Reroute via Richmond Road flyover."
2025-03-02,18,3,Chinnaswamy Stadium Zone,Residency Road,IPL Match: RCB vs DC,32883,123274,9.67,3.22,110.57,3,143.5,84.53,76.89,86.97,3380,Heavy Rain,No,Severe,82,"IPL Match at Chinnaswamy Stadium (RCB vs DC, 32,883 spectators). Heavy crowd movement on Residency Road during peak match hours (18:00). Road DNA: 82. Reroute via Richmond Road flyover."
2025-03-22,18,3,Chinnaswamy Stadium Zone,Infant Jesus Church Junction,IPL Match: RCB vs GT,31184,106936,9.8,3.81,94.22,0,173.7,87.14,85.28,86.15,1909,Clear,Yes,High,94,"IPL Match at Chinnaswamy Stadium (RCB vs GT, 31,184 spectators). Heavy crowd movement on Infant Jesus Church Junction during peak match hours (18:00). Road DNA: 94. Reroute via Richmond Road flyover."
2025-04-25,21,4,Chinnaswamy Stadium Zone,Richmond Road,IPL Match: RCB vs MI,28728,72843,20.05,2.38,90.62,3,150.72,69.26,80.92,86.64,1336,Clear,Yes,Medium,59,"IPL Match at Chinnaswamy Stadium (RCB vs MI, 28,728 spectators). Heavy crowd movement on Richmond Road during peak match hours (21:00). Road DNA: 59. Reroute via Richmond Road flyover."
2025-04-15,22,4,Chinnaswamy Stadium Zone,Residency Road,IPL Match: RCB vs DC,32450,117738,11.3,2.59,98.62,4,140.45,70.99,78.59,97.4,2208,Heavy Rain,Yes,Severe,86,"IPL Match at Chinnaswamy Stadium (RCB vs DC, 32,450 spectators). Heavy crowd movement on Residency Road during peak match hours (22:00). Road DNA: 86. Reroute via Richmond Road flyover."
2025-05-09,21,5,Chinnaswamy Stadium Zone,Cubbon Road,IPL Match: RCB vs CSK,31845,60561,19.19,2.03,78.29,0,146.22,86.8,85.23,97.89,1924,Clear,No,Medium,60,"IPL Match at Chinnaswamy Stadium (RCB vs CSK, 31,845 spectators). Heavy crowd movement on Cubbon Road during peak match hours (21:00). Road DNA: 60. Reroute via Richmond Road flyover."
2025-05-05,23,5,Chinnaswamy Stadium Zone,Residency Road,IPL Match: RCB vs LSG,31055,125369,10.75,4.21,104.84,4,126.65,89.58,73.81,98.71,2553,Clear,No,High,79,"IPL Match at Chinnaswamy Stadium (RCB vs LSG, 31,055 spectators). Heavy crowd movement on Residency Road during peak match hours (23:00). Road DNA: 79. Reroute via Richmond Road flyover."
2025-03-05,18,3,Chinnaswamy Stadium Zone,Infant Jesus Church Junction,IPL Match: RCB vs KKR,33555,122780,7.15,2.95,109.58,1,151.31,83.53,89.11,87.8,1925,Heavy Rain,No,Severe,88,"IPL Match at Chinnaswamy Stadium (RCB vs KKR, 33,555 spectators). Heavy crowd movement on Infant Jesus Church Junction during peak match hours (18:00). Road DNA: 88. Reroute via Richmond Road flyover."
2025-04-25,20,4,Chinnaswamy Stadium Zone,Infant Jesus Church Junction,IPL Match: RCB vs MI,33262,73355,18.39,1.72,83.38,3,125.18,70.28,75.14,92.58,3406,Clear,Yes,Medium,60,"IPL Match at Chinnaswamy Stadium (RCB vs MI, 33,262 spectators). Heavy crowd movement on Infant Jesus Church Junction during peak match hours (20:00). Road DNA: 60. Reroute via Richmond Road flyover."
2025-05-05,16,5,Chinnaswamy Stadium Zone,Infant Jesus Church Junction,IPL Match: RCB vs RR,28712,61181,24.91,1.92,89.71,0,156.21,85.81,89.92,85.88,932,Thunderstorm,Yes,Medium,70,"IPL Match at Chinnaswamy Stadium (RCB vs RR, 28,712 spectators). Heavy crowd movement on Infant Jesus Church Junction during peak match hours (16:00). Road DNA: 70. Reroute via Richmond Road flyover."
2025-04-07,16,4,Chinnaswamy Stadium Zone,Richmond Road,IPL Match: RCB vs MI,34742,91413,7.14,2.78,95.53,2,158.01,75.28,82.33,91.94,1830,Heavy Rain,Yes,Severe,88,"IPL Match at Chinnaswamy Stadium (RCB vs MI, 34,742 spectators). Heavy crowd movement on Richmond Road during peak match hours (16:00). Road DNA: 88. Reroute via Richmond Road flyover."
2025-04-07,22,4,Chinnaswamy Stadium Zone,Infant Jesus Church Junction,IPL Match: RCB vs GT,31215,94941,11.42,2.77,105.85,4,139.94,88.1,88.35,85.55,2911,Light Rain,Yes,Severe,84,"IPL Match at Chinnaswamy Stadium (RCB vs GT, 31,215 spectators). Heavy crowd movement on Infant Jesus Church Junction during peak match hours (22:00). Road DNA: 84. Reroute via Richmond Road flyover."
2025-05-02,18,5,Chinnaswamy Stadium Zone,Cubbon Road,IPL Match: RCB vs MI,34405,107257,9.77,3.46,100.0,4,132.43,77.8,80.11,86.75,2568,Clear,No,High,89,"IPL Match at Chinnaswamy Stadium (RCB vs MI, 34,405 spectators). Heavy crowd movement on Cubbon Road during peak match hours (18:00). Road DNA: 89. Reroute via Richmond Road flyover."
2025-03-13,22,3,Chinnaswamy Stadium Zone,Kasturba Road,IPL Match: RCB vs CSK,31279,111399,13.71,3.11,109.36,4,172.15,78.65,83.78,95.96,3335,Heavy Rain,No,Severe,79,"IPL Match at Chinnaswamy Stadium (RCB vs CSK, 31,279 spectators). Heavy crowd movement on Kasturba Road during peak match hours (22:00). Road DNA: 79. Reroute via Richmond Road flyover."
2025-03-14,19,3,Chinnaswamy Stadium Zone,MG Road,IPL Match: RCB vs GT,32746,88383,12.55,3.31,104.8,3,123.45,79.16,74.16,92.27,1393,Heavy Rain,No,Severe,93,"IPL Match at Chinnaswamy Stadium (RCB vs GT, 32,746 spectators). Heavy crowd movement on MG Road during peak match hours (19:00). Road DNA: 93. Reroute via Richmond Road flyover."
2025-03-27,17,3,Chinnaswamy Stadium Zone,Cubbon Road,IPL Match: RCB vs KKR,33822,110125,11.22,3.89,100.73,0,177.8,82.05,89.34,96.04,1355,Light Rain,No,Severe,95,"IPL Match at Chinnaswamy Stadium (RCB vs KKR, 33,822 spectators). Heavy crowd movement on Cubbon Road during peak match hours (17:00). Road DNA: 95. Reroute via Richmond Road flyover."
2025-05-10,18,5,Chinnaswamy Stadium Zone,Infant Jesus Church Junction,IPL Match: RCB vs SRH,32309,96073,8.05,4.26,112.9,4,179.05,79.46,83.75,90.3,2593,Thunderstorm,No,High,90,"IPL Match at Chinnaswamy Stadium (RCB vs SRH, 32,309 spectators). Heavy crowd movement on Infant Jesus Church Junction during peak match hours (18:00). Road DNA: 90. Reroute via Richmond Road flyover."
2025-05-24,23,5,Chinnaswamy Stadium Zone,Richmond Road,IPL Match: RCB vs SRH,30659,108588,6.79,2.51,113.63,3,152.53,61.89,78.92,88.55,1738,Thunderstorm,Yes,High,80,"IPL Match at Chinnaswamy Stadium (RCB vs SRH, 30,659 spectators). Heavy crowd movement on Richmond Road during peak match hours (23:00). Road DNA: 80. Reroute via Richmond Road flyover."
2025-03-01,23,3,Chinnaswamy Stadium Zone,Residency Road,IPL Match: RCB vs RR,32173,108280,12.26,3.89,105.51,3,180.3,86.36,72.52,95.64,3036,Light Rain,No,Severe,82,"IPL Match at Chinnaswamy Stadium (RCB vs RR, 32,173 spectators). Heavy crowd movement on Residency Road during peak match hours (23:00). Road DNA: 82. Reroute via Richmond Road flyover."
2025-03-23,17,3,Chinnaswamy Stadium Zone,Kasturba Road,IPL Match: RCB vs KKR,28287,107769,9.6,3.04,98.26,2,165.49,70.35,87.43,85.13,1817,Heavy Rain,No,Severe,85,"IPL Match at Chinnaswamy Stadium (RCB vs KKR, 28,287 spectators). Heavy crowd movement on Kasturba Road during peak match hours (17:00). Road DNA: 85. Reroute via Richmond Road flyover."
2025-05-20,20,5,Chinnaswamy Stadium Zone,Infant Jesus Church Junction,IPL Match: RCB vs SRH,32899,112495,7.76,3.74,110.53,0,125.75,78.74,86.82,93.3,3151,Light Rain,No,Severe,80,"IPL Match at Chinnaswamy Stadium (RCB vs SRH, 32,899 spectators). Heavy crowd movement on Infant Jesus Church Junction during peak match hours (20:00). Road DNA: 80. Reroute via Richmond Road flyover."
2025-04-19,18,4,Chinnaswamy Stadium Zone,Residency Road,IPL Match: RCB vs RR,31569,111905,7.86,3.53,103.84,1,156.17,84.49,82.33,85.99,1710,Thunderstorm,No,High,90,"IPL Match at Chinnaswamy Stadium (RCB vs RR, 31,569 spectators). Heavy crowd movement on Residency Road during peak match hours (18:00). Road DNA: 90. Reroute via Richmond Road flyover."
2025-03-21,20,3,Chinnaswamy Stadium Zone,Richmond Road,IPL Match: RCB vs SRH,32942,57900,21.82,2.15,83.86,2,142.6,86.44,85.99,92.23,2626,Clear,Yes,Medium,62,"IPL Match at Chinnaswamy Stadium (RCB vs SRH, 32,942 spectators). Heavy crowd movement on Richmond Road during peak match hours (20:00). Road DNA: 62. Reroute via Richmond Road flyover."
2025-04-14,19,4,Chinnaswamy Stadium Zone,MG Road,IPL Match: RCB vs CSK,31850,103134,11.38,3.34,100.17,3,165.71,70.13,83.25,91.37,879,Clear,Yes,High,78,"IPL Match at Chinnaswamy Stadium (RCB vs CSK, 31,850 spectators). Heavy crowd movement on MG Road during peak match hours (19:00). Road DNA: 78. Reroute via Richmond Road flyover."
2025-03-05,21,3,Chinnaswamy Stadium Zone,Residency Road,IPL Match: RCB vs MI,31178,83166,18.71,2.4,75.38,1,186.64,66.59,70.55,95.9,1238,Clear,Yes,Medium,60,"IPL Match at Chinnaswamy Stadium (RCB vs MI, 31,178 spectators). Heavy crowd movement on Residency Road during peak match hours (21:00). Road DNA: 60. Reroute via Richmond Road flyover."
2025-03-15,21,3,Chinnaswamy Stadium Zone,Kasturba Road,IPL Match: RCB vs SRH,31939,97436,10.06,2.76,110.05,0,164.39,61.69,80.02,92.96,3344,Light Rain,No,Severe,94,"IPL Match at Chinnaswamy Stadium (RCB vs SRH, 31,939 spectators). Heavy crowd movement on Kasturba Road during peak match hours (21:00). Road DNA: 94. Reroute via Richmond Road flyover."
2025-04-22,21,4,Chinnaswamy Stadium Zone,MG Road,IPL Match: RCB vs LSG,32103,82046,17.43,1.9,71.84,0,148.46,82.98,81.08,96.4,2213,Thunderstorm,No,Medium,71,"IPL Match at Chinnaswamy Stadium (RCB vs LSG, 32,103 spectators). Heavy crowd movement on MG Road during peak match hours (21:00). Road DNA: 71. Reroute via Richmond Road flyover."
2025-05-20,17,5,Chinnaswamy Stadium Zone,Infant Jesus Church Junction,IPL Match: RCB vs MI,33397,110627,12.71,4.11,103.11,4,120.66,75.95,75.2,86.55,1106,Clear,Yes,High,90,"IPL Match at Chinnaswamy Stadium (RCB vs MI, 33,397 spectators). Heavy crowd movement on Infant Jesus Church Junction during peak match hours (17:00). Road DNA: 90. Reroute via Richmond Road flyover."
2025-04-01,16,4,Chinnaswamy Stadium Zone,Kasturba Road,IPL Match: RCB vs SRH,30786,72387,15.7,2.18,86.74,4,167.68,85.32,78.83,98.38,2917,Clear,Yes,Medium,73,"IPL Match at Chinnaswamy Stadium (RCB vs SRH, 30,786 spectators). Heavy crowd movement on Kasturba Road during peak match hours (16:00). Road DNA: 73. Reroute via Richmond Road flyover."
2025-04-13,17,4,Chinnaswamy Stadium Zone,Richmond Road,IPL Match: RCB vs LSG,32200,117439,8.88,4.25,100.26,1,121.26,61.13,85.5,93.69,2511,Clear,Yes,High,84,"IPL Match at Chinnaswamy Stadium (RCB vs LSG, 32,200 spectators). Heavy crowd movement on Richmond Road during peak match hours (17:00). Road DNA: 84. Reroute via Richmond Road flyover."
2025-04-15,17,4,Chinnaswamy Stadium Zone,Cubbon Road,IPL Match: RCB vs MI,34987,97573,11.86,2.66,101.13,1,154.99,69.59,71.62,97.34,2883,Thunderstorm,No,High,95,"IPL Match at Chinnaswamy Stadium (RCB vs MI, 34,987 spectators). Heavy crowd movement on Cubbon Road during peak match hours (17:00). Road DNA: 95. Reroute via Richmond Road flyover."
2025-04-05,17,4,Chinnaswamy Stadium Zone,Richmond Road,IPL Match: RCB vs MI,34272,113571,11.19,2.75,93.73,2,127.14,66.42,78.34,85.26,1438,Clear,Yes,High,87,"IPL Match at Chinnaswamy Stadium (RCB vs MI, 34,272 spectators). Heavy crowd movement on Richmond Road during peak match hours (17:00). Road DNA: 87. Reroute via Richmond Road flyover."
2025-03-01,23,3,Chinnaswamy Stadium Zone,Richmond Road,IPL Match: RCB vs GT,33930,101105,11.85,2.55,112.65,1,158.77,61.84,75.82,95.69,1173,Thunderstorm,No,High,88,"IPL Match at Chinnaswamy Stadium (RCB vs GT, 33,930 spectators). Heavy crowd movement on Richmond Road during peak match hours (23:00). Road DNA: 88. Reroute via Richmond Road flyover."
2025-05-04,20,5,Chinnaswamy Stadium Zone,Kasturba Road,IPL Match: RCB vs RR,30622,63174,17.11,1.81,85.88,1,170.57,73.11,88.87,94.93,2475,Thunderstorm,No,Medium,72,"IPL Match at Chinnaswamy Stadium (RCB vs RR, 30,622 spectators). Heavy crowd movement on Kasturba Road during peak match hours (20:00). Road DNA: 72. Reroute via Richmond Road flyover."
2025-03-04,18,3,Chinnaswamy Stadium Zone,Cubbon Road,IPL Match: RCB vs DC,33039,90430,6.87,3.63,103.83,0,187.94,70.29,76.11,93.98,2242,Light Rain,Yes,Severe,82,"IPL Match at Chinnaswamy Stadium (RCB vs DC, 33,039 spectators). Heavy crowd movement on Cubbon Road during peak match hours (18:00). Road DNA: 82. Reroute via Richmond Road flyover."
2025-05-17,16,5,Chinnaswamy Stadium Zone,Residency Road,IPL Match: RCB vs MI,30474,90312,10.19,3.23,92.06,4,151.41,61.97,78.34,90.44,2483,Heavy Rain,Yes,Severe,84,"IPL Match at Chinnaswamy Stadium (RCB vs MI, 30,474 spectators). Heavy crowd movement on Residency Road during peak match hours (16:00). Road DNA: 84. Reroute via Richmond Road flyover."
2025-04-14,21,4,Chinnaswamy Stadium Zone,Infant Jesus Church Junction,IPL Match: RCB vs KKR,29027,87512,9.0,4.42,102.57,2,139.79,87.66,71.03,91.79,3413,Light Rain,Yes,Severe,85,"IPL Match at Chinnaswamy Stadium (RCB vs KKR, 29,027 spectators). Heavy crowd movement on Infant Jesus Church Junction during peak match hours (21:00). Road DNA: 85. Reroute via Richmond Road flyover."
2025-04-04,23,4,Chinnaswamy Stadium Zone,MG Road,IPL Match: RCB vs SRH,31177,87107,6.93,3.69,111.05,1,186.95,73.0,78.09,99.22,3009,Heavy Rain,Yes,Severe,87,"IPL Match at Chinnaswamy Stadium (RCB vs SRH, 31,177 spectators). Heavy crowd movement on MG Road during peak match hours (23:00). Road DNA: 87. Reroute via Richmond Road flyover."
2025-03-28,18,3,Chinnaswamy Stadium Zone,Richmond Road,IPL Match: RCB vs LSG,28842,120346,7.32,2.59,113.53,3,171.96,67.1,87.23,99.98,2080,Thunderstorm,Yes,High,90,"IPL Match at Chinnaswamy Stadium (RCB vs LSG, 28,842 spectators). Heavy crowd movement on Richmond Road during peak match hours (18:00). Road DNA: 90. Reroute via Richmond Road flyover."
2025-05-19,19,5,Chinnaswamy Stadium Zone,Kasturba Road,IPL Match: RCB vs KKR,32326,121567,11.35,3.14,96.63,1,188.57,80.47,86.26,87.11,2618,Light Rain,No,Severe,81,"IPL Match at Chinnaswamy Stadium (RCB vs KKR, 32,326 spectators). Heavy crowd movement on Kasturba Road during peak match hours (19:00). Road DNA: 81. Reroute via Richmond Road flyover."
2025-03-05,20,3,Chinnaswamy Stadium Zone,Infant Jesus Church Junction,IPL Match: RCB vs CSK,31592,128443,13.93,3.26,99.24,2,146.44,69.43,82.49,90.2,1916,Heavy Rain,Yes,Severe,80,"IPL Match at Chinnaswamy Stadium (RCB vs CSK, 31,592 spectators). Heavy crowd movement on Infant Jesus Church Junction during peak match hours (20:00). Road DNA: 80. Reroute via Richmond Road flyover."
2025-03-06,17,3,Chinnaswamy Stadium Zone,Residency Road,IPL Match: RCB vs DC,30064,102018,13.98,3.59,107.29,4,163.33,73.53,87.57,87.88,1342,Clear,No,High,93,"IPL Match at Chinnaswamy Stadium (RCB vs DC, 30,064 spectators). Heavy crowd movement on Residency Road during peak match hours (17:00). Road DNA: 93. Reroute via Richmond Road flyover."
2025-05-28,16,5,Chinnaswamy Stadium Zone,Kasturba Road,IPL Match: RCB vs MI,33472,127217,10.55,2.92,114.99,3,187.53,74.94,74.41,85.55,3284,Light Rain,Yes,Severe,93,"IPL Match at Chinnaswamy Stadium (RCB vs MI, 33,472 spectators). Heavy crowd movement on Kasturba Road during peak match hours (16:00). Road DNA: 93. Reroute via Richmond Road flyover."
2025-05-23,18,5,Chinnaswamy Stadium Zone,Infant Jesus Church Junction,IPL Match: RCB vs DC,30048,118365,8.75,3.9,110.48,2,151.71,74.8,82.47,86.59,1790,Heavy Rain,Yes,Severe,92,"IPL Match at Chinnaswamy Stadium (RCB vs DC, 30,048 spectators). Heavy crowd movement on Infant Jesus Church Junction during peak match hours (18:00). Road DNA: 92. Reroute via Richmond Road flyover."
2025-05-07,18,5,Chinnaswamy Stadium Zone,Cubbon Road,IPL Match: RCB vs GT,31064,104280,10.27,4.03,111.37,0,122.29,86.96,76.86,89.05,1445,Thunderstorm,No,High,89,"IPL Match at Chinnaswamy Stadium (RCB vs GT, 31,064 spectators). Heavy crowd movement on Cubbon Road during peak match hours (18:00). Road DNA: 89. Reroute via Richmond Road flyover."
2025-05-26,22,5,Chinnaswamy Stadium Zone,MG Road,IPL Match: RCB vs KKR,34838,109511,9.48,3.92,99.46,0,132.77,83.73,74.35,90.92,2370,Thunderstorm,No,High,91,"IPL Match at Chinnaswamy Stadium (RCB vs KKR, 34,838 spectators). Heavy crowd movement on MG Road during peak match hours (22:00). Road DNA: 91. Reroute via Richmond Road flyover."
2025-05-22,19,5,Chinnaswamy Stadium Zone,Cubbon Road,IPL Match: RCB vs KKR,34537,88102,12.3,3.22,102.38,0,124.94,75.88,78.84,90.52,1957,Heavy Rain,Yes,Severe,95,"IPL Match at Chinnaswamy Stadium (RCB vs KKR, 34,537 spectators). Heavy crowd movement on Cubbon Road during peak match hours (19:00). Road DNA: 95. Reroute via Richmond Road flyover."
2025-04-17,22,4,Chinnaswamy Stadium Zone,Cubbon Road,IPL Match: RCB vs CSK,30156,86139,9.76,3.37,110.17,1,150.61,84.76,77.13,93.22,1098,Thunderstorm,No,High,95,"IPL Match at Chinnaswamy Stadium (RCB vs CSK, 30,156 spectators). Heavy crowd movement on Cubbon Road during peak match hours (22:00). Road DNA: 95. Reroute via Richmond Road flyover."
2025-03-19,22,3,Chinnaswamy Stadium Zone,Infant Jesus Church Junction,IPL Match: RCB vs MI,33347,106750,10.48,4.26,106.67,1,127.43,85.65,74.78,85.83,2210,Thunderstorm,No,High,90,"IPL Match at Chinnaswamy Stadium (RCB vs MI, 33,347 spectators). Heavy crowd movement on Infant Jesus Church Junction during peak match hours (22:00). Road DNA: 90. Reroute via Richmond Road flyover."
2025-05-16,23,5,Chinnaswamy Stadium Zone,Richmond Road,IPL Match: RCB vs LSG,30009,85261,12.03,4.06,102.94,3,172.55,71.39,78.03,88.06,2563,Light Rain,Yes,Severe,79,"IPL Match at Chinnaswamy Stadium (RCB vs LSG, 30,009 spectators). Heavy crowd movement on Richmond Road during peak match hours (23:00). Road DNA: 79. Reroute via Richmond Road flyover."
2025-05-25,18,5,Chinnaswamy Stadium Zone,Kasturba Road,IPL Match: RCB vs DC,29671,103139,7.51,2.79,109.73,1,154.31,87.74,75.5,88.15,2969,Light Rain,No,Severe,95,"IPL Match at Chinnaswamy Stadium (RCB vs DC, 29,671 spectators). Heavy crowd movement on Kasturba Road during peak match hours (18:00). Road DNA: 95. Reroute via Richmond Road flyover."
2025-03-06,18,3,Chinnaswamy Stadium Zone,Richmond Road,IPL Match: RCB vs KKR,30584,92303,10.82,3.37,96.41,0,120.5,68.82,80.0,85.85,3066,Heavy Rain,Yes,Severe,92,"IPL Match at Chinnaswamy Stadium (RCB vs KKR, 30,584 spectators). Heavy crowd movement on Richmond Road during peak match hours (18:00). Road DNA: 92. Reroute via Richmond Road flyover."
2025-03-11,22,3,Chinnaswamy Stadium Zone,Kasturba Road,IPL Match: RCB vs MI,30402,100719,9.8,4.11,104.43,3,134.16,77.52,77.73,99.9,3500,Heavy Rain,Yes,Severe,82,"IPL Match at Chinnaswamy Stadium (RCB vs MI, 30,402 spectators). Heavy crowd movement on Kasturba Road during peak match hours (22:00). Road DNA: 82. Reroute via Richmond Road flyover."
2025-04-13,17,4,Chinnaswamy Stadium Zone,Kasturba Road,IPL Match: RCB vs LSG,31567,105928,7.56,2.79,99.31,3,149.72,82.94,72.49,95.46,1129,Light Rain,Yes,Severe,81,"IPL Match at Chinnaswamy Stadium (RCB vs LSG, 31,567 spectators). Heavy crowd movement on Kasturba Road during peak match hours (17:00). Road DNA: 81. Reroute via Richmond Road flyover."
2025-05-18,16,5,Chinnaswamy Stadium Zone,Kasturba Road,IPL Match: RCB vs RR,30631,121365,10.79,3.04,97.86,3,156.9,63.93,89.45,86.86,1709,Heavy Rain,Yes,Severe,85,"IPL Match at Chinnaswamy Stadium (RCB vs RR, 30,631 spectators). Heavy crowd movement on Kasturba Road during peak match hours (16:00). Road DNA: 85. Reroute via Richmond Road flyover."
2025-04-18,20,4,Chinnaswamy Stadium Zone,MG Road,IPL Match: RCB vs KKR,31552,85158,12.64,2.54,98.77,1,142.95,80.54,81.49,94.21,1352,Light Rain,No,Severe,95,"IPL Match at Chinnaswamy Stadium (RCB vs KKR, 31,552 spectators). Heavy crowd movement on MG Road during peak match hours (20:00). Road DNA: 95. Reroute via Richmond Road flyover."
2025-03-04,19,3,Chinnaswamy Stadium Zone,Kasturba Road,IPL Match: RCB vs DC,31766,115224,13.12,2.54,95.44,3,168.98,84.29,81.21,97.82,3204,Light Rain,Yes,Severe,90,"IPL Match at Chinnaswamy Stadium (RCB vs DC, 31,766 spectators). Heavy crowd movement on Kasturba Road during peak match hours (19:00). Road DNA: 90. Reroute via Richmond Road flyover."
2025-03-28,16,3,Chinnaswamy Stadium Zone,Infant Jesus Church Junction,IPL Match: RCB vs LSG,33451,95512,9.66,4.3,103.84,3,182.5,62.18,85.83,93.8,2966,Light Rain,No,Severe,84,"IPL Match at Chinnaswamy Stadium (RCB vs LSG, 33,451 spectators). Heavy crowd movement on Infant Jesus Church Junction during peak match hours (16:00). Road DNA: 84. Reroute via Richmond Road flyover."
2025-04-03,16,4,Chinnaswamy Stadium Zone,Kasturba Road,IPL Match: RCB vs CSK,32787,66847,24.98,1.63,72.07,3,158.03,70.5,85.72,87.16,1294,Thunderstorm,Yes,Medium,59,"IPL Match at Chinnaswamy Stadium (RCB vs CSK, 32,787 spectators). Heavy crowd movement on Kasturba Road during peak match hours (16:00). Road DNA: 59. Reroute via Richmond Road flyover."
2025-04-13,20,4,Chinnaswamy Stadium Zone,MG Road,IPL Match: RCB vs RR,29936,115792,6.65,3.2,105.67,0,152.21,65.59,84.65,96.56,1916,Heavy Rain,No,Severe,91,"IPL Match at Chinnaswamy Stadium (RCB vs RR, 29,936 spectators). Heavy crowd movement on MG Road during peak match hours (20:00). Road DNA: 91. Reroute via Richmond Road flyover."
2025-05-19,17,5,Chinnaswamy Stadium Zone,Cubbon Road,IPL Match: RCB vs MI,30320,124219,6.68,2.72,112.98,4,184.92,72.46,83.79,98.92,1558,Clear,No,High,80,"IPL Match at Chinnaswamy Stadium (RCB vs MI, 30,320 spectators). Heavy crowd movement on Cubbon Road during peak match hours (17:00). Road DNA: 80. Reroute via Richmond Road flyover."
2025-05-04,23,5,Chinnaswamy Stadium Zone,Residency Road,IPL Match: RCB vs SRH,29945,122756,12.63,3.04,105.07,3,173.25,77.32,74.73,98.71,1316,Light Rain,No,Severe,91,"IPL Match at Chinnaswamy Stadium (RCB vs SRH, 29,945 spectators). Heavy crowd movement on Residency Road during peak match hours (23:00). Road DNA: 91. Reroute via Richmond Road flyover."
2025-04-17,21,4,Chinnaswamy Stadium Zone,Cubbon Road,IPL Match: RCB vs SRH,34790,85466,12.93,3.31,106.61,2,155.29,71.41,80.57,86.55,1393,Heavy Rain,Yes,Severe,90,"IPL Match at Chinnaswamy Stadium (RCB vs SRH, 34,790 spectators). Heavy crowd movement on Cubbon Road during peak match hours (21:00). Road DNA: 90. Reroute via Richmond Road flyover."
2025-03-19,17,3,Chinnaswamy Stadium Zone,MG Road,IPL Match: RCB vs RR,30899,124373,11.83,4.03,108.19,2,121.13,79.31,87.77,93.37,3122,Clear,Yes,High,90,"IPL Match at Chinnaswamy Stadium (RCB vs RR, 30,899 spectators). Heavy crowd movement on MG Road during peak match hours (17:00). Road DNA: 90. Reroute via Richmond Road flyover."
2025-04-28,18,4,Chinnaswamy Stadium Zone,Cubbon Road,IPL Match: RCB vs MI,33334,86969,8.28,2.72,103.21,4,154.47,65.23,83.72,88.05,2004,Thunderstorm,Yes,High,94,"IPL Match at Chinnaswamy Stadium (RCB vs MI, 33,334 spectators). Heavy crowd movement on Cubbon Road during peak match hours (18:00). Road DNA: 94. Reroute via Richmond Road flyover."
2025-03-05,20,3,Chinnaswamy Stadium Zone,Kasturba Road,IPL Match: RCB vs LSG,31522,90619,10.16,3.79,104.58,0,140.87,81.91,71.1,93.44,1765,Light Rain,No,Severe,82,"IPL Match at Chinnaswamy Stadium (RCB vs LSG, 31,522 spectators). Heavy crowd movement on Kasturba Road during peak match hours (20:00). Road DNA: 82. Reroute via Richmond Road flyover."
2025-05-16,22,5,Chinnaswamy Stadium Zone,Infant Jesus Church Junction,IPL Match: RCB vs RR,32149,121708,12.97,3.46,106.02,0,176.16,64.26,82.58,94.45,3164,Heavy Rain,No,Severe,94,"IPL Match at Chinnaswamy Stadium (RCB vs RR, 32,149 spectators). Heavy crowd movement on Infant Jesus Church Junction during peak match hours (22:00). Road DNA: 94. Reroute via Richmond Road flyover."
2025-04-23,20,4,Chinnaswamy Stadium Zone,Infant Jesus Church Junction,IPL Match: RCB vs LSG,32840,56742,22.16,2.19,90.23,1,149.79,77.02,77.21,87.55,3078,Clear,No,Medium,61,"IPL Match at Chinnaswamy Stadium (RCB vs LSG, 32,840 spectators). Heavy crowd movement on Infant Jesus Church Junction during peak match hours (20:00). Road DNA: 61. Reroute via Richmond Road flyover."
2025-05-17,21,5,Chinnaswamy Stadium Zone,MG Road,IPL Match: RCB vs GT,34603,74544,19.18,2.28,79.63,1,130.54,87.97,85.13,97.19,1172,Thunderstorm,No,Medium,55,"IPL Match at Chinnaswamy Stadium (RCB vs GT, 34,603 spectators). Heavy crowd movement on MG Road during peak match hours (21:00). Road DNA: 55. Reroute via Richmond Road flyover."
2025-05-14,18,5,Chinnaswamy Stadium Zone,MG Road,IPL Match: RCB vs RR,34630,89113,11.03,3.59,105.66,3,136.91,67.18,82.54,88.85,1048,Light Rain,No,Severe,80,"IPL Match at Chinnaswamy Stadium (RCB vs RR, 34,630 spectators). Heavy crowd movement on MG Road during peak match hours (18:00). Road DNA: 80. Reroute via Richmond Road flyover."
2025-05-22,19,5,Chinnaswamy Stadium Zone,Kasturba Road,IPL Match: RCB vs MI,30030,96667,13.42,3.15,102.38,2,159.06,68.44,82.62,89.03,2593,Light Rain,No,Severe,79,"IPL Match at Chinnaswamy Stadium (RCB vs MI, 30,030 spectators). Heavy crowd movement on Kasturba Road during peak match hours (19:00). Road DNA: 79. Reroute via Richmond Road flyover."
2025-05-15,17,5,Chinnaswamy Stadium Zone,Kasturba Road,IPL Match: RCB vs MI,33693,107432,8.5,4.02,96.92,3,120.58,67.5,86.74,93.95,2739,Clear,No,High,83,"IPL Match at Chinnaswamy Stadium (RCB vs MI, 33,693 spectators). Heavy crowd movement on Kasturba Road during peak match hours (17:00). Road DNA: 83. Reroute via Richmond Road flyover."
2025-04-12,16,4,Chinnaswamy Stadium Zone,Cubbon Road,IPL Match: RCB vs DC,31100,64921,15.41,2.08,85.44,3,174.58,77.55,74.75,95.34,1819,Thunderstorm,Yes,Medium,63,"IPL Match at Chinnaswamy Stadium (RCB vs DC, 31,100 spectators). Heavy crowd movement on Cubbon Road during peak match hours (16:00). Road DNA: 63. Reroute via Richmond Road flyover."
2025-05-24,21,5,Chinnaswamy Stadium Zone,Kasturba Road,IPL Match: RCB vs RR,28300,104952,9.83,3.7,100.84,1,129.68,67.26,74.61,92.7,2817,Light Rain,No,Severe,81,"IPL Match at Chinnaswamy Stadium (RCB vs RR, 28,300 spectators). Heavy crowd movement on Kasturba Road during peak match hours (21:00). Road DNA: 81. Reroute via Richmond Road flyover."
2025-04-16,23,4,Chinnaswamy Stadium Zone,MG Road,IPL Match: RCB vs GT,31258,117163,12.63,4.35,96.03,1,186.2,71.93,83.5,98.68,3049,Heavy Rain,No,Severe,78,"IPL Match at Chinnaswamy Stadium (RCB vs GT, 31,258 spectators). Heavy crowd movement on MG Road during peak match hours (23:00). Road DNA: 78. Reroute via Richmond Road flyover."
2025-03-23,22,3,Chinnaswamy Stadium Zone,MG Road,IPL Match: RCB vs DC,34899,124256,8.57,2.83,98.53,2,145.56,85.76,78.1,88.26,1377,Light Rain,Yes,Severe,90,"IPL Match at Chinnaswamy Stadium (RCB vs DC, 34,899 spectators). Heavy crowd movement on MG Road during peak match hours (22:00). Road DNA: 90. Reroute via Richmond Road flyover."
2025-03-01,18,3,Chinnaswamy Stadium Zone,Cubbon Road,IPL Match: RCB vs GT,28056,101374,13.41,2.84,94.26,2,146.56,81.71,85.98,88.69,2977,Heavy Rain,No,Severe,93,"IPL Match at Chinnaswamy Stadium (RCB vs GT, 28,056 spectators). Heavy crowd movement on Cubbon Road during peak match hours (18:00). Road DNA: 93. Reroute via Richmond Road flyover."
2025-03-27,19,3,Chinnaswamy Stadium Zone,Residency Road,IPL Match: RCB vs LSG,31832,119016,11.87,4.46,105.08,2,135.03,72.64,82.33,96.77,3205,Light Rain,Yes,Severe,80,"IPL Match at Chinnaswamy Stadium (RCB vs LSG, 31,832 spectators). Heavy crowd movement on Residency Road during peak match hours (19:00). Road DNA: 80. Reroute via Richmond Road flyover."
2025-04-26,17,4,Chinnaswamy Stadium Zone,Infant Jesus Church Junction,IPL Match: RCB vs DC,33051,129969,11.99,3.91,93.57,0,125.51,60.98,77.33,93.98,2714,Light Rain,Yes,Severe,92,"IPL Match at Chinnaswamy Stadium (RCB vs DC, 33,051 spectators). Heavy crowd movement on Infant Jesus Church Junction during peak match hours (17:00). Road DNA: 92. Reroute via Richmond Road flyover."
2025-03-21,22,3,Chinnaswamy Stadium Zone,Cubbon Road,IPL Match: RCB vs SRH,31238,90985,12.04,3.91,97.21,4,181.16,75.38,74.98,91.62,2110,Thunderstorm,No,High,78,"IPL Match at Chinnaswamy Stadium (RCB vs SRH, 31,238 spectators). Heavy crowd movement on Cubbon Road during peak match hours (22:00). Road DNA: 78. Reroute via Richmond Road flyover."
2025-04-02,16,4,Chinnaswamy Stadium Zone,Infant Jesus Church Junction,IPL Match: RCB vs GT,28783,57715,16.31,1.87,71.55,3,167.53,79.71,70.89,90.44,2331,Thunderstorm,No,Medium,66,"IPL Match at Chinnaswamy Stadium (RCB vs GT, 28,783 spectators). Heavy crowd movement on Infant Jesus Church Junction during peak match hours (16:00). Road DNA: 66. Reroute via Richmond Road flyover."
2025-04-23,19,4,Chinnaswamy Stadium Zone,Residency Road,IPL Match: RCB vs MI,30799,87108,7.46,3.92,106.87,4,165.7,69.86,70.03,96.08,1902,Thunderstorm,No,High,88,"IPL Match at Chinnaswamy Stadium (RCB vs MI, 30,799 spectators). Heavy crowd movement on Residency Road during peak match hours (19:00). Road DNA: 88. Reroute via Richmond Road flyover."
2025-03-09,18,3,Chinnaswamy Stadium Zone,Residency Road,IPL Match: RCB vs MI,29095,99862,11.02,3.29,97.56,3,148.59,77.87,80.49,94.38,2801,Heavy Rain,Yes,Severe,82,"IPL Match at Chinnaswamy Stadium (RCB vs MI, 29,095 spectators). Heavy crowd movement on Residency Road during peak match hours (18:00). Road DNA: 82. Reroute via Richmond Road flyover."
2025-04-08,16,4,Chinnaswamy Stadium Zone,Cubbon Road,IPL Match: RCB vs DC,34169,104581,12.86,3.68,97.15,0,133.03,86.07,77.98,87.24,3221,Heavy Rain,Yes,Severe,84,"IPL Match at Chinnaswamy Stadium (RCB vs DC, 34,169 spectators). Heavy crowd movement on Cubbon Road during peak match hours (16:00). Road DNA: 84. Reroute via Richmond Road flyover."
2025-03-04,21,3,Chinnaswamy Stadium Zone,Kasturba Road,IPL Match: RCB vs LSG,30964,76938,15.93,2.03,88.3,3,177.41,70.24,75.0,91.59,3216,Clear,No,Medium,74,"IPL Match at Chinnaswamy Stadium (RCB vs LSG, 30,964 spectators). Heavy crowd movement on Kasturba Road during peak match hours (21:00). Road DNA: 74. Reroute via Richmond Road flyover."
2025-04-04,19,4,Chinnaswamy Stadium Zone,Residency Road,IPL Match: RCB vs KKR,32404,99502,8.46,3.54,108.46,0,162.41,62.53,73.53,94.62,2114,Light Rain,Yes,Severe,91,"IPL Match at Chinnaswamy Stadium (RCB vs KKR, 32,404 spectators). Heavy crowd movement on Residency Road during peak match hours (19:00). Road DNA: 91. Reroute via Richmond Road flyover."
2025-04-06,21,4,Chinnaswamy Stadium Zone,Richmond Road,IPL Match: RCB vs CSK,33824,128577,8.81,3.71,110.74,2,175.56,80.92,84.21,89.96,1184,Heavy Rain,No,Severe,94,"IPL Match at Chinnaswamy Stadium (RCB vs CSK, 33,824 spectators). Heavy crowd movement on Richmond Road during peak match hours (21:00). Road DNA: 94. Reroute via Richmond Road flyover."
2025-04-15,23,4,Chinnaswamy Stadium Zone,MG Road,IPL Match: RCB vs GT,32678,123114,9.43,3.7,109.65,2,182.66,66.87,76.58,94.8,1233,Clear,No,High,95,"IPL Match at Chinnaswamy Stadium (RCB vs GT, 32,678 spectators). Heavy crowd movement on MG Road during peak match hours (23:00). Road DNA: 95. Reroute via Richmond Road flyover."
2025-03-08,19,3,Chinnaswamy Stadium Zone,Residency Road,IPL Match: RCB vs DC,30484,113594,13.89,3.21,104.93,4,141.54,68.86,80.63,95.73,2384,Thunderstorm,No,High,88,"IPL Match at Chinnaswamy Stadium (RCB vs DC, 30,484 spectators). Heavy crowd movement on Residency Road during peak match hours (19:00). Road DNA: 88. Reroute via Richmond Road flyover."
2025-03-16,17,3,Chinnaswamy Stadium Zone,MG Road,IPL Match: RCB vs DC,32069,103930,10.64,2.82,92.01,2,175.88,65.07,80.62,94.03,1316,Clear,Yes,High,80,"IPL Match at Chinnaswamy Stadium (RCB vs DC, 32,069 spectators). Heavy crowd movement on MG Road during peak match hours (17:00). Road DNA: 80. Reroute via Richmond Road flyover."
2025-03-28,18,3,Chinnaswamy Stadium Zone,Cubbon Road,IPL Match: RCB vs LSG,32945,104998,10.97,2.9,112.58,4,139.28,71.5,76.13,85.01,1327,Heavy Rain,Yes,Severe,92,"IPL Match at Chinnaswamy Stadium (RCB vs LSG, 32,945 spectators). Heavy crowd movement on Cubbon Road during peak match hours (18:00). Road DNA: 92. Reroute via Richmond Road flyover."
2025-05-27,19,5,Chinnaswamy Stadium Zone,Infant Jesus Church Junction,IPL Match: RCB vs MI,31529,89124,10.63,2.68,113.82,4,170.74,79.46,88.85,93.22,3186,Thunderstorm,Yes,High,78,"IPL Match at Chinnaswamy Stadium (RCB vs MI, 31,529 spectators). Heavy crowd movement on Infant Jesus Church Junction during peak match hours (19:00). Road DNA: 78. Reroute via Richmond Road flyover."
2025-05-04,22,5,Chinnaswamy Stadium Zone,Residency Road,IPL Match: RCB vs SRH,34811,108760,8.11,2.89,106.14,0,151.15,68.82,84.26,92.07,2675,Heavy Rain,Yes,Severe,80,"IPL Match at Chinnaswamy Stadium (RCB vs SRH, 34,811 spectators). Heavy crowd movement on Residency Road during peak match hours (22:00). Road DNA: 80. Reroute via Richmond Road flyover."
2025-04-13,22,4,Chinnaswamy Stadium Zone,Richmond Road,IPL Match: RCB vs GT,33993,108117,8.53,4.45,101.18,1,185.62,87.71,70.22,97.38,1838,Thunderstorm,No,High,80,"IPL Match at Chinnaswamy Stadium (RCB vs GT, 33,993 spectators). Heavy crowd movement on Richmond Road during peak match hours (22:00). Road DNA: 80. Reroute via Richmond Road flyover."
2025-03-11,16,3,Chinnaswamy Stadium Zone,Infant Jesus Church Junction,IPL Match: RCB vs LSG,32537,113444,9.34,2.9,105.18,2,188.71,70.1,70.53,97.12,2534,Light Rain,Yes,Severe,81,"IPL Match at Chinnaswamy Stadium (RCB vs LSG, 32,537 spectators). Heavy crowd movement on Infant Jesus Church Junction during peak match hours (16:00). Road DNA: 81. Reroute via Richmond Road flyover."
2025-04-28,20,4,Chinnaswamy Stadium Zone,Cubbon Road,IPL Match: RCB vs DC,33965,92803,7.04,2.54,102.59,3,184.92,72.25,77.42,95.99,2386,Light Rain,No,Severe,88,"IPL Match at Chinnaswamy Stadium (RCB vs DC, 33,965 spectators). Heavy crowd movement on Cubbon Road during peak match hours (20:00). Road DNA: 88. Reroute via Richmond Road flyover."
2025-05-06,19,5,Chinnaswamy Stadium Zone,Infant Jesus Church Junction,IPL Match: RCB vs CSK,32832,114714,9.93,2.94,111.28,1,120.71,85.13,72.85,89.69,2474,Thunderstorm,No,High,93,"IPL Match at Chinnaswamy Stadium (RCB vs CSK, 32,832 spectators). Heavy crowd movement on Infant Jesus Church Junction during peak match hours (19:00). Road DNA: 93. Reroute via Richmond Road flyover."
2025-04-27,20,4,Chinnaswamy Stadium Zone,Cubbon Road,IPL Match: RCB vs GT,34257,127949,10.75,3.25,108.74,3,157.65,79.65,75.09,97.11,2977,Light Rain,No,Severe,83,"IPL Match at Chinnaswamy Stadium (RCB vs GT, 34,257 spectators). Heavy crowd movement on Cubbon Road during peak match hours (20:00). Road DNA: 83. Reroute via Richmond Road flyover."
2025-03-09,22,3,Chinnaswamy Stadium Zone,MG Road,IPL Match: RCB vs DC,34126,128503,12.66,2.86,111.17,2,153.79,79.52,76.58,89.74,3284,Clear,No,High,82,"IPL Match at Chinnaswamy Stadium (RCB vs DC, 34,126 spectators). Heavy crowd movement on MG Road during peak match hours (22:00). Road DNA: 82. Reroute via Richmond Road flyover."
2025-04-04,23,4,Chinnaswamy Stadium Zone,Cubbon Road,IPL Match: RCB vs GT,29275,87601,10.81,3.18,112.71,2,125.61,87.69,87.85,97.93,1539,Heavy Rain,No,Severe,78,"IPL Match at Chinnaswamy Stadium (RCB vs GT, 29,275 spectators). Heavy crowd movement on Cubbon Road during peak match hours (23:00). Road DNA: 78. Reroute via Richmond Road flyover."
2025-05-22,22,5,Chinnaswamy Stadium Zone,MG Road,IPL Match: RCB vs RR,29568,95762,9.75,2.76,113.45,1,179.09,82.35,72.6,93.08,3035,Clear,Yes,High,85,"IPL Match at Chinnaswamy Stadium (RCB vs RR, 29,568 spectators). Heavy crowd movement on MG Road during peak match hours (22:00). Road DNA: 85. Reroute via Richmond Road flyover."
2025-03-23,19,3,Chinnaswamy Stadium Zone,Cubbon Road,IPL Match: RCB vs CSK,34411,91660,7.75,4.45,108.11,0,132.06,87.04,72.72,95.97,3418,Light Rain,No,Severe,84,"IPL Match at Chinnaswamy Stadium (RCB vs CSK, 34,411 spectators). Heavy crowd movement on Cubbon Road during peak match hours (19:00). Road DNA: 84. Reroute via Richmond Road flyover."
2025-03-18,17,3,Chinnaswamy Stadium Zone,Cubbon Road,IPL Match: RCB vs SRH,29533,95044,8.36,3.12,112.92,4,150.51,67.72,78.39,87.3,2760,Clear,No,High,87,"IPL Match at Chinnaswamy Stadium (RCB vs SRH, 29,533 spectators). Heavy crowd movement on Cubbon Road during peak match hours (17:00). Road DNA: 87. Reroute via Richmond Road flyover."
2025-03-13,23,3,Chinnaswamy Stadium Zone,Kasturba Road,IPL Match: RCB vs SRH,32994,111049,8.65,4.03,101.21,1,138.6,64.02,79.4,98.42,1544,Thunderstorm,No,High,78,"IPL Match at Chinnaswamy Stadium (RCB vs SRH, 32,994 spectators). Heavy crowd movement on Kasturba Road during peak match hours (23:00). Road DNA: 78. Reroute via Richmond Road flyover."
2025-05-14,23,5,Chinnaswamy Stadium Zone,Cubbon Road,IPL Match: RCB vs KKR,32261,114823,9.96,3.82,101.38,0,181.98,83.57,80.29,95.59,1089,Light Rain,No,Severe,87,"IPL Match at Chinnaswamy Stadium (RCB vs KKR, 32,261 spectators). Heavy crowd movement on Cubbon Road during peak match hours (23:00). Road DNA: 87. Reroute via Richmond Road flyover."
2025-05-10,16,5,Chinnaswamy Stadium Zone,Richmond Road,IPL Match: RCB vs MI,32767,71090,22.9,2.21,79.9,3,181.64,84.28,89.21,87.09,1706,Thunderstorm,No,Medium,71,"IPL Match at Chinnaswamy Stadium (RCB vs MI, 32,767 spectators). Heavy crowd movement on Richmond Road during peak match hours (16:00). Road DNA: 71. Reroute via Richmond Road flyover."
2025-05-12,19,5,Chinnaswamy Stadium Zone,Richmond Road,IPL Match: RCB vs LSG,28306,94889,7.69,2.85,98.73,3,135.05,62.67,88.28,86.18,1977,Light Rain,Yes,Severe,88,"IPL Match at Chinnaswamy Stadium (RCB vs LSG, 28,306 spectators). Heavy crowd movement on Richmond Road during peak match hours (19:00). Road DNA: 88. Reroute via Richmond Road flyover."
2025-05-07,23,5,Chinnaswamy Stadium Zone,Infant Jesus Church Junction,IPL Match: RCB vs KKR,32163,106234,6.58,4.48,107.69,4,123.43,63.79,85.69,89.4,1830,Heavy Rain,Yes,Severe,92,"IPL Match at Chinnaswamy Stadium (RCB vs KKR, 32,163 spectators). Heavy crowd movement on Infant Jesus Church Junction during peak match hours (23:00). Road DNA: 92. Reroute via Richmond Road flyover."
2025-05-23,16,5,Chinnaswamy Stadium Zone,Cubbon Road,IPL Match: RCB vs LSG,30904,88418,6.52,4.2,96.27,2,189.32,69.08,85.07,88.95,2562,Heavy Rain,Yes,Severe,83,"IPL Match at Chinnaswamy Stadium (RCB vs LSG, 30,904 spectators). Heavy crowd movement on Cubbon Road during peak match hours (16:00). Road DNA: 83. Reroute via Richmond Road flyover."
2025-04-15,22,4,Chinnaswamy Stadium Zone,Cubbon Road,IPL Match: RCB vs KKR,32449,102824,11.56,4.0,102.82,1,173.55,78.68,73.22,96.28,1281,Clear,Yes,High,83,"IPL Match at Chinnaswamy Stadium (RCB vs KKR, 32,449 spectators). Heavy crowd movement on Cubbon Road during peak match hours (22:00). Road DNA: 83. Reroute via Richmond Road flyover."
2025-04-02,17,4,Chinnaswamy Stadium Zone,Kasturba Road,IPL Match: RCB vs LSG,32141,87575,11.31,3.81,110.73,0,186.34,77.61,71.68,97.35,960,Thunderstorm,No,High,94,"IPL Match at Chinnaswamy Stadium (RCB vs LSG, 32,141 spectators). Heavy crowd movement on Kasturba Road during peak match hours (17:00). Road DNA: 94. Reroute via Richmond Road flyover."
2025-04-28,17,4,Chinnaswamy Stadium Zone,Infant Jesus Church Junction,IPL Match: RCB vs DC,29746,112985,8.28,3.69,102.57,2,180.04,63.47,71.4,94.71,2392,Thunderstorm,No,High,83,"IPL Match at Chinnaswamy Stadium (RCB vs DC, 29,746 spectators). Heavy crowd movement on Infant Jesus Church Junction during peak match hours (17:00). Road DNA: 83. Reroute via Richmond Road flyover."
2025-03-24,18,3,Chinnaswamy Stadium Zone,Kasturba Road,IPL Match: RCB vs LSG,30886,99122,10.63,3.74,104.07,4,135.87,63.91,82.72,93.35,3460,Light Rain,Yes,Severe,86,"IPL Match at Chinnaswamy Stadium (RCB vs LSG, 30,886 spectators). Heavy crowd movement on Kasturba Road during peak match hours (18:00). Road DNA: 86. Reroute via Richmond Road flyover."
2025-04-03,23,4,Chinnaswamy Stadium Zone,MG Road,IPL Match: RCB vs SRH,30531,96164,9.8,4.25,112.2,1,176.06,66.5,76.34,88.53,2512,Clear,Yes,High,84,"IPL Match at Chinnaswamy Stadium (RCB vs SRH, 30,531 spectators). Heavy crowd movement on MG Road during peak match hours (23:00). Road DNA: 84. Reroute via Richmond Road flyover."
2025-04-28,22,4,Chinnaswamy Stadium Zone,MG Road,IPL Match: RCB vs RR,33267,119926,10.97,3.18,97.26,2,142.44,80.81,72.8,91.23,1821,Light Rain,Yes,Severe,89,"IPL Match at Chinnaswamy Stadium (RCB vs RR, 33,267 spectators). Heavy crowd movement on MG Road during peak match hours (22:00). Road DNA: 89. Reroute via Richmond Road flyover."
2025-03-20,23,3,Chinnaswamy Stadium Zone,Kasturba Road,IPL Match: RCB vs GT,33945,92653,13.6,2.65,100.76,2,162.72,72.84,83.95,87.53,2973,Clear,Yes,High,90,"IPL Match at Chinnaswamy Stadium (RCB vs GT, 33,945 spectators). Heavy crowd movement on Kasturba Road during peak match hours (23:00). Road DNA: 90. Reroute via Richmond Road flyover."
2025-05-23,22,5,Chinnaswamy Stadium Zone,Richmond Road,IPL Match: RCB vs GT,32247,103924,9.91,2.96,107.7,1,140.94,73.2,75.3,86.05,1176,Clear,Yes,High,80,"IPL Match at Chinnaswamy Stadium (RCB vs GT, 32,247 spectators). Heavy crowd movement on Richmond Road during peak match hours (22:00). Road DNA: 80. Reroute via Richmond Road flyover."
2025-03-09,18,3,Chinnaswamy Stadium Zone,Cubbon Road,IPL Match: RCB vs KKR,32147,97290,10.53,3.81,104.84,3,154.01,77.77,83.7,86.09,3087,Heavy Rain,No,Severe,79,"IPL Match at Chinnaswamy Stadium (RCB vs KKR, 32,147 spectators). Heavy crowd movement on Cubbon Road during peak match hours (18:00). Road DNA: 79. Reroute via Richmond Road flyover."
2025-03-09,23,3,Chinnaswamy Stadium Zone,Infant Jesus Church Junction,IPL Match: RCB vs GT,34334,105059,10.16,3.51,96.43,4,152.33,67.45,82.72,99.14,3403,Light Rain,Yes,Severe,87,"IPL Match at Chinnaswamy Stadium (RCB vs GT, 34,334 spectators). Heavy crowd movement on Infant Jesus Church Junction during peak match hours (23:00). Road DNA: 87. Reroute via Richmond Road flyover."
2025-04-09,17,4,Chinnaswamy Stadium Zone,Infant Jesus Church Junction,IPL Match: RCB vs MI,29031,127873,6.96,4.34,94.81,2,140.35,78.44,89.38,92.94,2322,Thunderstorm,Yes,High,90,"IPL Match at Chinnaswamy Stadium (RCB vs MI, 29,031 spectators). Heavy crowd movement on Infant Jesus Church Junction during peak match hours (17:00). Road DNA: 90. Reroute via Richmond Road flyover."
2025-03-27,18,3,Chinnaswamy Stadium Zone,Infant Jesus Church Junction,IPL Match: RCB vs SRH,33710,125566,11.22,3.92,98.97,3,137.65,78.38,80.12,88.35,1728,Heavy Rain,No,Severe,91,"IPL Match at Chinnaswamy Stadium (RCB vs SRH, 33,710 spectators). Heavy crowd movement on Infant Jesus Church Junction during peak match hours (18:00). Road DNA: 91. Reroute via Richmond Road flyover."
2025-03-05,17,3,Chinnaswamy Stadium Zone,Infant Jesus Church Junction,IPL Match: RCB vs CSK,33668,129084,13.3,3.3,96.53,3,150.18,80.81,82.38,93.19,3172,Thunderstorm,Yes,High,80,"IPL Match at Chinnaswamy Stadium (RCB vs CSK, 33,668 spectators). Heavy crowd movement on Infant Jesus Church Junction during peak match hours (17:00). Road DNA: 80. Reroute via Richmond Road flyover."
2025-04-16,21,4,Chinnaswamy Stadium Zone,Infant Jesus Church Junction,IPL Match: RCB vs RR,28971,79229,18.31,2.03,84.42,0,152.6,86.23,77.51,99.84,3388,Thunderstorm,Yes,Medium,64,"IPL Match at Chinnaswamy Stadium (RCB vs RR, 28,971 spectators). Heavy crowd movement on Infant Jesus Church Junction during peak match hours (21:00). Road DNA: 64. Reroute via Richmond Road flyover."
2025-03-20,17,3,Chinnaswamy Stadium Zone,Residency Road,IPL Match: RCB vs SRH,29440,121559,10.47,3.48,99.06,1,162.83,87.22,87.99,99.6,2260,Thunderstorm,Yes,High,90,"IPL Match at Chinnaswamy Stadium (RCB vs SRH, 29,440 spectators). Heavy crowd movement on Residency Road during peak match hours (17:00). Road DNA: 90. Reroute via Richmond Road flyover."
2025-05-21,18,5,Chinnaswamy Stadium Zone,Richmond Road,IPL Match: RCB vs KKR,34864,109087,7.99,3.77,106.05,3,177.7,76.44,71.68,91.31,3451,Clear,Yes,High,80,"IPL Match at Chinnaswamy Stadium (RCB vs KKR, 34,864 spectators). Heavy crowd movement on Richmond Road during peak match hours (18:00). Road DNA: 80. Reroute via Richmond Road flyover."
2025-05-19,23,5,Chinnaswamy Stadium Zone,Cubbon Road,IPL Match: RCB vs LSG,32914,85074,9.45,3.98,111.28,1,161.59,68.18,79.62,97.29,1959,Heavy Rain,Yes,Severe,80,"IPL Match at Chinnaswamy Stadium (RCB vs LSG, 32,914 spectators). Heavy crowd movement on Cubbon Road during peak match hours (23:00). Road DNA: 80. Reroute via Richmond Road flyover."
2025-03-11,18,3,Chinnaswamy Stadium Zone,Residency Road,IPL Match: RCB vs MI,30923,103868,10.53,3.63,110.32,4,180.47,78.39,81.85,88.41,1960,Light Rain,Yes,Severe,94,"IPL Match at Chinnaswamy Stadium (RCB vs MI, 30,923 spectators). Heavy crowd movement on Residency Road during peak match hours (18:00). Road DNA: 94. Reroute via Richmond Road flyover."
2025-05-28,20,5,Chinnaswamy Stadium Zone,Kasturba Road,IPL Match: RCB vs DC,32963,75579,16.69,2.0,74.7,0,189.87,63.26,76.1,87.78,3194,Clear,Yes,Medium,66,"IPL Match at Chinnaswamy Stadium (RCB vs DC, 32,963 spectators). Heavy crowd movement on Kasturba Road during peak match hours (20:00). Road DNA: 66. Reroute via Richmond Road flyover."
2025-03-12,16,3,Chinnaswamy Stadium Zone,Cubbon Road,IPL Match: RCB vs RR,32963,75896,20.22,1.78,83.35,4,144.23,89.62,89.59,92.83,2386,Thunderstorm,Yes,Medium,57,"IPL Match at Chinnaswamy Stadium (RCB vs RR, 32,963 spectators). Heavy crowd movement on Cubbon Road during peak match hours (16:00). Road DNA: 57. Reroute via Richmond Road flyover."
2025-04-10,18,4,Chinnaswamy Stadium Zone,Residency Road,IPL Match: RCB vs RR,31897,109154,10.46,4.26,107.57,0,167.86,76.22,72.04,94.21,2499,Light Rain,No,Severe,93,"IPL Match at Chinnaswamy Stadium (RCB vs RR, 31,897 spectators). Heavy crowd movement on Residency Road during peak match hours (18:00). Road DNA: 93. Reroute via Richmond Road flyover."
2025-04-26,21,4,Chinnaswamy Stadium Zone,MG Road,IPL Match: RCB vs SRH,30315,91794,13.52,2.74,96.39,1,166.2,71.12,81.36,93.55,3310,Light Rain,No,Severe,89,"IPL Match at Chinnaswamy Stadium (RCB vs SRH, 30,315 spectators). Heavy crowd movement on MG Road during peak match hours (21:00). Road DNA: 89. Reroute via Richmond Road flyover."
2025-03-21,20,3,Chinnaswamy Stadium Zone,MG Road,IPL Match: RCB vs MI,34294,88346,13.89,3.41,110.7,0,174.83,86.67,78.79,97.73,1468,Light Rain,No,Severe,80,"IPL Match at Chinnaswamy Stadium (RCB vs MI, 34,294 spectators). Heavy crowd movement on MG Road during peak match hours (20:00). Road DNA: 80. Reroute via Richmond Road flyover."
2025-04-06,17,4,Chinnaswamy Stadium Zone,Kasturba Road,IPL Match: RCB vs MI,29647,108649,11.95,3.58,102.58,4,185.36,85.17,89.07,93.82,2160,Light Rain,No,Severe,80,"IPL Match at Chinnaswamy Stadium (RCB vs MI, 29,647 spectators). Heavy crowd movement on Kasturba Road during peak match hours (17:00). Road DNA: 80. Reroute via Richmond Road flyover."
2025-03-07,21,3,Chinnaswamy Stadium Zone,Cubbon Road,IPL Match: RCB vs RR,29935,81457,16.72,1.93,79.6,1,127.72,85.02,72.21,90.47,2896,Thunderstorm,Yes,Medium,63,"IPL Match at Chinnaswamy Stadium (RCB vs RR, 29,935 spectators). Heavy crowd movement on Cubbon Road during peak match hours (21:00). Road DNA: 63. Reroute via Richmond Road flyover."
2025-04-19,19,4,Chinnaswamy Stadium Zone,Residency Road,IPL Match: RCB vs LSG,29400,96591,10.64,4.43,100.97,4,163.28,87.65,77.81,86.11,1538,Clear,No,High,81,"IPL Match at Chinnaswamy Stadium (RCB vs LSG, 29,400 spectators). Heavy crowd movement on Residency Road during peak match hours (19:00). Road DNA: 81. Reroute via Richmond Road flyover."
2025-05-12,16,5,Chinnaswamy Stadium Zone,Cubbon Road,IPL Match: RCB vs LSG,29139,115846,10.48,3.15,109.53,1,128.59,72.28,74.68,96.52,1505,Light Rain,Yes,Severe,78,"IPL Match at Chinnaswamy Stadium (RCB vs LSG, 29,139 spectators). Heavy crowd movement on Cubbon Road during peak match hours (16:00). Road DNA: 78. Reroute via Richmond Road flyover."
2025-03-02,16,3,Chinnaswamy Stadium Zone,Infant Jesus Church Junction,IPL Match: RCB vs CSK,34657,81167,18.48,1.78,90.44,0,131.89,78.83,86.86,89.52,3205,Thunderstorm,No,Medium,70,"IPL Match at Chinnaswamy Stadium (RCB vs CSK, 34,657 spectators). Heavy crowd movement on Infant Jesus Church Junction during peak match hours (16:00). Road DNA: 70. Reroute via Richmond Road flyover."
2025-03-26,16,3,Chinnaswamy Stadium Zone,MG Road,IPL Match: RCB vs KKR,32193,110690,9.28,3.86,111.05,0,152.31,83.96,84.64,99.32,3225,Heavy Rain,Yes,Severe,89,"IPL Match at Chinnaswamy Stadium (RCB vs KKR, 32,193 spectators). Heavy crowd movement on MG Road during peak match hours (16:00). Road DNA: 89. Reroute via Richmond Road flyover."
2025-04-15,22,4,Chinnaswamy Stadium Zone,Kasturba Road,IPL Match: RCB vs DC,29046,117328,7.75,4.38,112.11,1,180.57,89.63,74.27,91.21,2405,Clear,No,High,87,"IPL Match at Chinnaswamy Stadium (RCB vs DC, 29,046 spectators). Heavy crowd movement on Kasturba Road during peak match hours (22:00). Road DNA: 87. Reroute via Richmond Road flyover."
2025-04-08,21,4,Chinnaswamy Stadium Zone,Residency Road,IPL Match: RCB vs DC,28545,70261,16.18,2.32,87.08,2,158.18,61.97,73.36,86.35,3297,Thunderstorm,Yes,Medium,73,"IPL Match at Chinnaswamy Stadium (RCB vs DC, 28,545 spectators). Heavy crowd movement on Residency Road during peak match hours (21:00). Road DNA: 73. Reroute via Richmond Road flyover."
2025-05-14,18,5,Chinnaswamy Stadium Zone,MG Road,IPL Match: RCB vs MI,34602,85197,13.23,3.33,112.67,0,160.02,80.22,89.38,88.33,3197,Heavy Rain,No,Severe,83,"IPL Match at Chinnaswamy Stadium (RCB vs MI, 34,602 spectators). Heavy crowd movement on MG Road during peak match hours (18:00). Road DNA: 83. Reroute via Richmond Road flyover."
2025-04-09,17,4,Chinnaswamy Stadium Zone,Kasturba Road,IPL Match: RCB vs RR,31700,121995,8.1,3.17,112.21,1,142.58,79.45,77.86,93.02,2604,Thunderstorm,No,High,91,"IPL Match at Chinnaswamy Stadium (RCB vs RR, 31,700 spectators). Heavy crowd movement on Kasturba Road during peak match hours (17:00). Road DNA: 91. Reroute via Richmond Road flyover."
2025-04-28,16,4,Chinnaswamy Stadium Zone,Cubbon Road,IPL Match: RCB vs MI,30408,79103,15.19,1.75,79.9,3,165.78,86.55,77.47,92.4,3475,Clear,No,Medium,63,"IPL Match at Chinnaswamy Stadium (RCB vs MI, 30,408 spectators). Heavy crowd movement on Cubbon Road during peak match hours (16:00). Road DNA: 63. Reroute via Richmond Road flyover."
2025-03-22,20,3,Chinnaswamy Stadium Zone,Residency Road,IPL Match: RCB vs LSG,28214,68782,24.87,2.19,75.1,4,133.95,67.99,83.16,97.95,962,Clear,No,Medium,68,"IPL Match at Chinnaswamy Stadium (RCB vs LSG, 28,214 spectators). Heavy crowd movement on Residency Road during peak match hours (20:00). Road DNA: 68. Reroute via Richmond Road flyover."
2025-03-08,16,3,Chinnaswamy Stadium Zone,MG Road,IPL Match: RCB vs LSG,28903,62179,22.7,2.23,81.29,0,131.06,89.71,77.87,88.09,3293,Thunderstorm,No,Medium,57,"IPL Match at Chinnaswamy Stadium (RCB vs LSG, 28,903 spectators). Heavy crowd movement on MG Road during peak match hours (16:00). Road DNA: 57. Reroute via Richmond Road flyover."
2025-04-16,16,4,Chinnaswamy Stadium Zone,MG Road,IPL Match: RCB vs KKR,31821,81418,15.95,2.4,81.05,1,146.61,72.24,88.09,97.34,1114,Thunderstorm,Yes,Medium,63,"IPL Match at Chinnaswamy Stadium (RCB vs KKR, 31,821 spectators). Heavy crowd movement on MG Road during peak match hours (16:00). Road DNA: 63. Reroute via Richmond Road flyover."
2025-04-08,22,4,Chinnaswamy Stadium Zone,Infant Jesus Church Junction,IPL Match: RCB vs SRH,31845,128663,13.62,3.43,94.41,1,132.94,66.94,84.05,93.67,1442,Thunderstorm,No,High,95,"IPL Match at Chinnaswamy Stadium (RCB vs SRH, 31,845 spectators). Heavy crowd movement on Infant Jesus Church Junction during peak match hours (22:00). Road DNA: 95. Reroute via Richmond Road flyover."
2025-04-22,23,4,Chinnaswamy Stadium Zone,MG Road,IPL Match: RCB vs GT,28095,103676,9.41,4.22,111.52,0,177.58,73.41,71.21,88.37,1983,Heavy Rain,No,Severe,92,"IPL Match at Chinnaswamy Stadium (RCB vs GT, 28,095 spectators). Heavy crowd movement on MG Road during peak match hours (23:00). Road DNA: 92. Reroute via Richmond Road flyover."
2025-05-22,23,5,Chinnaswamy Stadium Zone,Richmond Road,IPL Match: RCB vs RR,33607,111292,10.77,3.0,113.43,0,159.6,70.04,89.52,92.38,3349,Heavy Rain,Yes,Severe,82,"IPL Match at Chinnaswamy Stadium (RCB vs RR, 33,607 spectators). Heavy crowd movement on Richmond Road during peak match hours (23:00). Road DNA: 82. Reroute via Richmond Road flyover."
2025-04-18,22,4,Chinnaswamy Stadium Zone,MG Road,IPL Match: RCB vs KKR,29722,85723,8.83,3.84,98.37,0,139.95,77.22,87.78,94.37,1873,Light Rain,No,Severe,94,"IPL Match at Chinnaswamy Stadium (RCB vs KKR, 29,722 spectators). Heavy crowd movement on MG Road during peak match hours (22:00). Road DNA: 94. Reroute via Richmond Road flyover."
2025-04-18,21,4,Chinnaswamy Stadium Zone,Cubbon Road,IPL Match: RCB vs RR,31462,95535,8.54,4.28,107.54,1,175.77,68.4,80.71,97.49,3205,Heavy Rain,No,Severe,83,"IPL Match at Chinnaswamy Stadium (RCB vs RR, 31,462 spectators). Heavy crowd movement on Cubbon Road during peak match hours (21:00). Road DNA: 83. Reroute via Richmond Road flyover."
2025-03-01,22,3,Chinnaswamy Stadium Zone,Kasturba Road,IPL Match: RCB vs GT,34473,94566,7.19,3.37,102.07,1,121.77,66.85,88.07,90.97,2075,Thunderstorm,Yes,High,83,"IPL Match at Chinnaswamy Stadium (RCB vs GT, 34,473 spectators). Heavy crowd movement on Kasturba Road during peak match hours (22:00). Road DNA: 83. Reroute via Richmond Road flyover."
2025-03-28,23,3,Chinnaswamy Stadium Zone,Cubbon Road,IPL Match: RCB vs KKR,32548,91595,10.92,3.0,94.7,3,132.11,64.59,82.69,85.26,2517,Light Rain,Yes,Severe,84,"IPL Match at Chinnaswamy Stadium (RCB vs KKR, 32,548 spectators). Heavy crowd movement on Cubbon Road during peak match hours (23:00). Road DNA: 84. Reroute via Richmond Road flyover."
2025-04-16,19,4,Chinnaswamy Stadium Zone,MG Road,IPL Match: RCB vs GT,34941,124787,7.88,2.8,95.7,0,139.95,75.84,89.02,92.24,1533,Light Rain,No,Severe,80,"IPL Match at Chinnaswamy Stadium (RCB vs GT, 34,941 spectators). Heavy crowd movement on MG Road during peak match hours (19:00). Road DNA: 80. Reroute via Richmond Road flyover."
2025-05-08,18,5,Chinnaswamy Stadium Zone,Infant Jesus Church Junction,IPL Match: RCB vs SRH,30193,99266,9.26,4.24,103.51,3,122.29,78.15,73.58,94.31,2302,Clear,No,High,80,"IPL Match at Chinnaswamy Stadium (RCB vs SRH, 30,193 spectators). Heavy crowd movement on Infant Jesus Church Junction during peak match hours (18:00). Road DNA: 80. Reroute via Richmond Road flyover."
2025-03-13,18,3,Chinnaswamy Stadium Zone,Richmond Road,IPL Match: RCB vs LSG,33912,98782,12.57,3.71,110.56,0,143.29,73.07,72.9,88.66,2125,Clear,Yes,High,87,"IPL Match at Chinnaswamy Stadium (RCB vs LSG, 33,912 spectators). Heavy crowd movement on Richmond Road during peak match hours (18:00). Road DNA: 87. Reroute via Richmond Road flyover."
2025-05-21,16,5,Chinnaswamy Stadium Zone,Cubbon Road,IPL Match: RCB vs KKR,29713,71741,24.59,2.21,79.51,3,122.43,88.38,77.67,86.93,1102,Thunderstorm,No,Medium,74,"IPL Match at Chinnaswamy Stadium (RCB vs KKR, 29,713 spectators). Heavy crowd movement on Cubbon Road during peak match hours (16:00). Road DNA: 74. Reroute via Richmond Road flyover."
2025-03-21,17,3,Chinnaswamy Stadium Zone,Residency Road,IPL Match: RCB vs SRH,33660,95635,7.4,4.11,99.64,2,135.21,74.76,88.46,89.03,990,Light Rain,Yes,Severe,81,"IPL Match at Chinnaswamy Stadium (RCB vs SRH, 33,660 spectators). Heavy crowd movement on Residency Road during peak match hours (17:00). Road DNA: 81. Reroute via Richmond Road flyover."
2025-03-24,22,3,Chinnaswamy Stadium Zone,Cubbon Road,IPL Match: RCB vs RR,33222,116137,10.82,4.15,92.59,4,138.1,64.35,73.62,91.16,1570,Heavy Rain,No,Severe,85,"IPL Match at Chinnaswamy Stadium (RCB vs RR, 33,222 spectators). Heavy crowd movement on Cubbon Road during peak match hours (22:00). Road DNA: 85. Reroute via Richmond Road flyover."
2025-05-19,17,5,Chinnaswamy Stadium Zone,Kasturba Road,IPL Match: RCB vs DC,32586,110541,10.12,3.75,97.2,1,145.43,86.08,76.38,94.04,3446,Thunderstorm,No,High,86,"IPL Match at Chinnaswamy Stadium (RCB vs DC, 32,586 spectators). Heavy crowd movement on Kasturba Road during peak match hours (17:00). Road DNA: 86. Reroute via Richmond Road flyover."
2025-04-19,19,4,Chinnaswamy Stadium Zone,Infant Jesus Church Junction,IPL Match: RCB vs CSK,33164,100459,11.24,2.79,100.97,3,124.1,70.44,82.54,86.97,2461,Heavy Rain,No,Severe,80,"IPL Match at Chinnaswamy Stadium (RCB vs CSK, 33,164 spectators). Heavy crowd movement on Infant Jesus Church Junction during peak match hours (19:00). Road DNA: 80. Reroute via Richmond Road flyover."
2025-04-26,22,4,Chinnaswamy Stadium Zone,Residency Road,IPL Match: RCB vs RR,32838,95723,8.11,3.23,108.64,2,184.41,78.2,85.34,89.23,909,Clear,No,High,91,"IPL Match at Chinnaswamy Stadium (RCB vs RR, 32,838 spectators). Heavy crowd movement on Residency Road during peak match hours (22:00). Road DNA: 91. Reroute via Richmond Road flyover."
2025-05-22,16,5,Chinnaswamy Stadium Zone,Residency Road,IPL Match: RCB vs MI,33341,101034,6.56,3.12,114.18,3,120.67,61.54,89.23,90.71,1793,Light Rain,Yes,Severe,87,"IPL Match at Chinnaswamy Stadium (RCB vs MI, 33,341 spectators). Heavy crowd movement on Residency Road during peak match hours (16:00). Road DNA: 87. Reroute via Richmond Road flyover."
2025-05-05,20,5,Chinnaswamy Stadium Zone,MG Road,IPL Match: RCB vs LSG,34107,125756,7.55,4.38,113.58,1,146.23,80.37,88.08,90.04,3104,Light Rain,No,Severe,83,"IPL Match at Chinnaswamy Stadium (RCB vs LSG, 34,107 spectators). Heavy crowd movement on MG Road during peak match hours (20:00). Road DNA: 83. Reroute via Richmond Road flyover."
2025-04-19,18,4,Chinnaswamy Stadium Zone,MG Road,IPL Match: RCB vs RR,33409,93392,8.98,3.07,107.87,2,126.57,70.55,71.97,86.56,3192,Thunderstorm,No,High,89,"IPL Match at Chinnaswamy Stadium (RCB vs RR, 33,409 spectators). Heavy crowd movement on MG Road during peak match hours (18:00). Road DNA: 89. Reroute via Richmond Road flyover."
2025-04-16,21,4,Chinnaswamy Stadium Zone,Richmond Road,IPL Match: RCB vs RR,34043,93527,9.92,4.05,112.39,3,146.43,75.56,88.68,95.34,2859,Heavy Rain,Yes,Severe,87,"IPL Match at Chinnaswamy Stadium (RCB vs RR, 34,043 spectators). Heavy crowd movement on Richmond Road during peak match hours (21:00). Road DNA: 87. Reroute via Richmond Road flyover."
2025-04-15,20,4,Chinnaswamy Stadium Zone,MG Road,IPL Match: RCB vs MI,32663,81593,23.67,1.88,89.09,2,135.43,72.02,74.05,93.43,1874,Thunderstorm,Yes,Medium,61,"IPL Match at Chinnaswamy Stadium (RCB vs MI, 32,663 spectators). Heavy crowd movement on MG Road during peak match hours (20:00). Road DNA: 61. Reroute via Richmond Road flyover."
2025-05-19,16,5,Chinnaswamy Stadium Zone,Infant Jesus Church Junction,IPL Match: RCB vs CSK,31826,98821,13.07,3.62,112.2,2,178.56,73.92,77.23,99.27,817,Light Rain,Yes,Severe,86,"IPL Match at Chinnaswamy Stadium (RCB vs CSK, 31,826 spectators). Heavy crowd movement on Infant Jesus Church Junction during peak match hours (16:00). Road DNA: 86. Reroute via Richmond Road flyover."
2025-04-28,19,4,Chinnaswamy Stadium Zone,Residency Road,IPL Match: RCB vs RR,29698,117998,7.43,4.05,113.57,2,175.28,62.05,84.22,88.34,2857,Light Rain,No,Severe,91,"IPL Match at Chinnaswamy Stadium (RCB vs RR, 29,698 spectators). Heavy crowd movement on Residency Road during peak match hours (19:00). Road DNA: 91. Reroute via Richmond Road flyover."
2025-03-06,20,3,Chinnaswamy Stadium Zone,Cubbon Road,IPL Match: RCB vs LSG,31070,63280,15.2,2.03,82.13,3,177.96,66.32,84.15,86.15,2658,Thunderstorm,Yes,Medium,70,"IPL Match at Chinnaswamy Stadium (RCB vs LSG, 31,070 spectators). Heavy crowd movement on Cubbon Road during peak match hours (20:00). Road DNA: 70. Reroute via Richmond Road flyover."
2025-03-28,21,3,Chinnaswamy Stadium Zone,Richmond Road,IPL Match: RCB vs KKR,28911,57157,17.0,1.72,90.68,1,176.8,80.89,83.54,85.05,2546,Clear,No,Medium,66,"IPL Match at Chinnaswamy Stadium (RCB vs KKR, 28,911 spectators). Heavy crowd movement on Richmond Road during peak match hours (21:00). Road DNA: 66. Reroute via Richmond Road flyover."
2025-04-03,21,4,Chinnaswamy Stadium Zone,Cubbon Road,IPL Match: RCB vs LSG,29222,122782,11.04,3.85,114.62,3,136.6,87.63,75.01,93.24,3091,Heavy Rain,Yes,Severe,88,"IPL Match at Chinnaswamy Stadium (RCB vs LSG, 29,222 spectators). Heavy crowd movement on Cubbon Road during peak match hours (21:00). Road DNA: 88. Reroute via Richmond Road flyover."
2025-04-10,18,4,Chinnaswamy Stadium Zone,MG Road,IPL Match: RCB vs RR,31589,88131,7.32,4.42,92.47,2,145.96,85.41,72.66,85.36,2799,Light Rain,No,Severe,85,"IPL Match at Chinnaswamy Stadium (RCB vs RR, 31,589 spectators). Heavy crowd movement on MG Road during peak match hours (18:00). Road DNA: 85. Reroute via Richmond Road flyover."
2025-04-09,23,4,Chinnaswamy Stadium Zone,MG Road,IPL Match: RCB vs MI,30449,88132,11.61,3.64,112.7,2,152.49,77.74,82.43,85.89,1617,Light Rain,Yes,Severe,80,"IPL Match at Chinnaswamy Stadium (RCB vs MI, 30,449 spectators). Heavy crowd movement on MG Road during peak match hours (23:00). Road DNA: 80. Reroute via Richmond Road flyover."
2025-04-10,21,4,Chinnaswamy Stadium Zone,Residency Road,IPL Match: RCB vs MI,28039,58122,21.42,1.7,83.67,4,174.63,85.85,84.79,92.46,1795,Thunderstorm,Yes,Medium,74,"IPL Match at Chinnaswamy Stadium (RCB vs MI, 28,039 spectators). Heavy crowd movement on Residency Road during peak match hours (21:00). Road DNA: 74. Reroute via Richmond Road flyover."
2025-05-22,21,5,Chinnaswamy Stadium Zone,Kasturba Road,IPL Match: RCB vs CSK,30113,107496,9.16,3.58,112.93,1,177.05,72.58,85.61,92.08,1271,Light Rain,No,Severe,89,"IPL Match at Chinnaswamy Stadium (RCB vs CSK, 30,113 spectators). Heavy crowd movement on Kasturba Road during peak match hours (21:00). Road DNA: 89. Reroute via Richmond Road flyover."
2025-03-27,20,3,Chinnaswamy Stadium Zone,Kasturba Road,IPL Match: RCB vs SRH,28739,60733,17.42,2.26,90.46,4,156.49,76.79,88.99,92.17,2447,Clear,No,Medium,59,"IPL Match at Chinnaswamy Stadium (RCB vs SRH, 28,739 spectators). Heavy crowd movement on Kasturba Road during peak match hours (20:00). Road DNA: 59. Reroute via Richmond Road flyover."
2025-03-17,19,3,Chinnaswamy Stadium Zone,Infant Jesus Church Junction,IPL Match: RCB vs GT,34892,97970,6.9,3.99,99.86,3,158.58,67.84,85.38,93.67,1131,Heavy Rain,Yes,Severe,84,"IPL Match at Chinnaswamy Stadium (RCB vs GT, 34,892 spectators). Heavy crowd movement on Infant Jesus Church Junction during peak match hours (19:00). Road DNA: 84. Reroute via Richmond Road flyover."
2025-04-03,21,4,Chinnaswamy Stadium Zone,Kasturba Road,IPL Match: RCB vs RR,29825,128100,6.8,3.89,109.09,1,128.66,64.63,72.76,94.86,1812,Light Rain,No,Severe,81,"IPL Match at Chinnaswamy Stadium (RCB vs RR, 29,825 spectators). Heavy crowd movement on Kasturba Road during peak match hours (21:00). Road DNA: 81. Reroute via Richmond Road flyover."
2025-03-02,21,3,Chinnaswamy Stadium Zone,Residency Road,IPL Match: RCB vs DC,30101,85271,11.23,4.41,101.35,0,163.69,89.51,80.02,95.36,2143,Light Rain,No,Severe,91,"IPL Match at Chinnaswamy Stadium (RCB vs DC, 30,101 spectators). Heavy crowd movement on Residency Road during peak match hours (21:00). Road DNA: 91. Reroute via Richmond Road flyover."
2025-03-13,16,3,Chinnaswamy Stadium Zone,Cubbon Road,IPL Match: RCB vs LSG,31812,64578,21.37,1.64,83.85,1,128.36,83.29,88.32,93.94,3336,Thunderstorm,Yes,Medium,74,"IPL Match at Chinnaswamy Stadium (RCB vs LSG, 31,812 spectators). Heavy crowd movement on Cubbon Road during peak match hours (16:00). Road DNA: 74. Reroute via Richmond Road flyover."
2025-03-25,23,3,Chinnaswamy Stadium Zone,Richmond Road,IPL Match: RCB vs DC,32662,123671,10.4,4.47,101.99,2,126.35,71.86,82.49,94.59,3170,Thunderstorm,Yes,High,92,"IPL Match at Chinnaswamy Stadium (RCB vs DC, 32,662 spectators). Heavy crowd movement on Richmond Road during peak match hours (23:00). Road DNA: 92. Reroute via Richmond Road flyover."
2025-04-08,22,4,Chinnaswamy Stadium Zone,Residency Road,IPL Match: RCB vs MI,30269,89000,13.91,4.41,113.48,0,133.21,64.13,88.67,94.72,1272,Clear,Yes,High,84,"IPL Match at Chinnaswamy Stadium (RCB vs MI, 30,269 spectators). Heavy crowd movement on Residency Road during peak match hours (22:00). Road DNA: 84. Reroute via Richmond Road flyover."
2025-03-19,19,3,Chinnaswamy Stadium Zone,Cubbon Road,IPL Match: RCB vs DC,29782,121179,13.64,2.85,96.96,3,121.42,72.96,72.55,91.35,2515,Light Rain,No,Severe,79,"IPL Match at Chinnaswamy Stadium (RCB vs DC, 29,782 spectators). Heavy crowd movement on Cubbon Road during peak match hours (19:00). Road DNA: 79. Reroute via Richmond Road flyover."
2025-05-02,20,5,Chinnaswamy Stadium Zone,Cubbon Road,IPL Match: RCB vs KKR,28080,71935,23.6,2.17,80.63,0,176.76,72.17,71.2,94.59,2099,Clear,Yes,Medium,69,"IPL Match at Chinnaswamy Stadium (RCB vs KKR, 28,080 spectators). Heavy crowd movement on Cubbon Road during peak match hours (20:00). Road DNA: 69. Reroute via Richmond Road flyover."
2025-04-18,20,4,Chinnaswamy Stadium Zone,MG Road,IPL Match: RCB vs LSG,33181,59824,24.47,1.93,72.02,4,170.43,73.58,73.95,99.54,1911,Clear,Yes,Medium,60,"IPL Match at Chinnaswamy Stadium (RCB vs LSG, 33,181 spectators). Heavy crowd movement on MG Road during peak match hours (20:00). Road DNA: 60. Reroute via Richmond Road flyover."
2025-05-06,23,5,Chinnaswamy Stadium Zone,Kasturba Road,IPL Match: RCB vs DC,28757,118395,10.97,3.56,108.55,0,184.88,69.45,75.74,95.02,3014,Thunderstorm,Yes,High,89,"IPL Match at Chinnaswamy Stadium (RCB vs DC, 28,757 spectators). Heavy crowd movement on Kasturba Road during peak match hours (23:00). Road DNA: 89. Reroute via Richmond Road flyover."
2025-05-19,21,5,Chinnaswamy Stadium Zone,MG Road,IPL Match: RCB vs MI,33012,98419,9.73,4.09,105.0,2,185.5,84.28,70.31,88.08,2083,Light Rain,No,Severe,93,"IPL Match at Chinnaswamy Stadium (RCB vs MI, 33,012 spectators). Heavy crowd movement on MG Road during peak match hours (21:00). Road DNA: 93. Reroute via Richmond Road flyover."
2025-04-13,21,4,Chinnaswamy Stadium Zone,Infant Jesus Church Junction,IPL Match: RCB vs GT,32771,59027,15.45,2.29,83.45,3,171.77,74.29,86.53,99.65,2312,Clear,Yes,Medium,56,"IPL Match at Chinnaswamy Stadium (RCB vs GT, 32,771 spectators). Heavy crowd movement on Infant Jesus Church Junction during peak match hours (21:00). Road DNA: 56. Reroute via Richmond Road flyover."
2025-04-28,20,4,Chinnaswamy Stadium Zone,MG Road,IPL Match: RCB vs DC,33641,105201,13.43,3.76,94.14,1,177.33,82.27,76.09,95.3,1547,Light Rain,No,Severe,93,"IPL Match at Chinnaswamy Stadium (RCB vs DC, 33,641 spectators). Heavy crowd movement on MG Road during peak match hours (20:00). Road DNA: 93. Reroute via Richmond Road flyover."
2025-03-20,20,3,Chinnaswamy Stadium Zone,Richmond Road,IPL Match: RCB vs MI,31180,101504,11.25,2.55,97.8,1,153.38,88.29,81.21,88.13,2473,Heavy Rain,No,Severe,88,"IPL Match at Chinnaswamy Stadium (RCB vs MI, 31,180 spectators). Heavy crowd movement on Richmond Road during peak match hours (20:00). Road DNA: 88. Reroute via Richmond Road flyover."
2025-03-01,18,3,Chinnaswamy Stadium Zone,Cubbon Road,IPL Match: RCB vs GT,28118,100671,12.14,3.64,99.77,2,131.46,84.06,79.11,86.84,2726,Thunderstorm,Yes,High,79,"IPL Match at Chinnaswamy Stadium (RCB vs GT, 28,118 spectators). Heavy crowd movement on Cubbon Road during peak match hours (18:00). Road DNA: 79. Reroute via Richmond Road flyover."
2025-04-27,18,4,Chinnaswamy Stadium Zone,Kasturba Road,IPL Match: RCB vs MI,34526,126473,13.95,3.64,104.52,2,169.96,71.59,86.39,90.19,2082,Clear,No,High,85,"IPL Match at Chinnaswamy Stadium (RCB vs MI, 34,526 spectators). Heavy crowd movement on Kasturba Road during peak match hours (18:00). Road DNA: 85. Reroute via Richmond Road flyover."
2025-05-13,20,5,Chinnaswamy Stadium Zone,Residency Road,IPL Match: RCB vs CSK,29584,124081,11.27,2.83,102.5,4,176.62,68.24,77.24,92.01,1227,Heavy Rain,Yes,Severe,87,"IPL Match at Chinnaswamy Stadium (RCB vs CSK, 29,584 spectators). Heavy crowd movement on Residency Road during peak match hours (20:00). Road DNA: 87. Reroute via Richmond Road flyover."
2025-04-11,19,4,Chinnaswamy Stadium Zone,Residency Road,IPL Match: RCB vs KKR,31382,113715,12.08,2.79,102.83,4,136.19,87.11,83.4,86.49,2952,Light Rain,No,Severe,82,"IPL Match at Chinnaswamy Stadium (RCB vs KKR, 31,382 spectators). Heavy crowd movement on Residency Road during peak match hours (19:00). Road DNA: 82. Reroute via Richmond Road flyover."
2025-05-20,16,5,Chinnaswamy Stadium Zone,Cubbon Road,IPL Match: RCB vs CSK,34616,92144,12.66,3.83,93.71,2,158.64,66.82,80.83,86.9,880,Light Rain,No,Severe,91,"IPL Match at Chinnaswamy Stadium (RCB vs CSK, 34,616 spectators). Heavy crowd movement on Cubbon Road during peak match hours (16:00). Road DNA: 91. Reroute via Richmond Road flyover."
2025-04-09,17,4,Chinnaswamy Stadium Zone,Residency Road,IPL Match: RCB vs LSG,29415,101485,11.53,4.29,106.18,2,182.55,89.41,73.36,95.3,1211,Heavy Rain,No,Severe,89,"IPL Match at Chinnaswamy Stadium (RCB vs LSG, 29,415 spectators). Heavy crowd movement on Residency Road during peak match hours (17:00). Road DNA: 89. Reroute via Richmond Road flyover."
2025-04-12,22,4,Chinnaswamy Stadium Zone,Cubbon Road,IPL Match: RCB vs CSK,31032,101899,7.34,4.04,102.93,0,164.26,67.43,74.71,85.05,1963,Clear,No,High,89,"IPL Match at Chinnaswamy Stadium (RCB vs CSK, 31,032 spectators). Heavy crowd movement on Cubbon Road during peak match hours (22:00). Road DNA: 89. Reroute via Richmond Road flyover."
2025-03-18,21,3,Chinnaswamy Stadium Zone,Cubbon Road,IPL Match: RCB vs RR,29443,58334,17.9,2.18,84.04,2,175.56,84.78,78.15,91.68,2885,Thunderstorm,Yes,Medium,57,"IPL Match at Chinnaswamy Stadium (RCB vs RR, 29,443 spectators). Heavy crowd movement on Cubbon Road during peak match hours (21:00). Road DNA: 57. Reroute via Richmond Road flyover."
2025-05-09,22,5,Chinnaswamy Stadium Zone,Residency Road,IPL Match: RCB vs KKR,33413,105383,7.31,2.7,114.03,3,154.98,83.59,72.39,91.6,888,Clear,Yes,High,94,"IPL Match at Chinnaswamy Stadium (RCB vs KKR, 33,413 spectators). Heavy crowd movement on Residency Road during peak match hours (22:00). Road DNA: 94. Reroute via Richmond Road flyover."
2025-03-22,19,3,Chinnaswamy Stadium Zone,Richmond Road,IPL Match: RCB vs KKR,32869,119889,10.67,2.95,114.69,2,177.32,82.25,86.19,96.6,1573,Thunderstorm,Yes,High,87,"IPL Match at Chinnaswamy Stadium (RCB vs KKR, 32,869 spectators). Heavy crowd movement on Richmond Road during peak match hours (19:00). Road DNA: 87. Reroute via Richmond Road flyover."
2025-04-23,21,4,Chinnaswamy Stadium Zone,MG Road,IPL Match: RCB vs LSG,32729,81595,15.42,1.89,81.39,2,183.42,82.38,75.6,85.61,1767,Clear,No,Medium,55,"IPL Match at Chinnaswamy Stadium (RCB vs LSG, 32,729 spectators). Heavy crowd movement on MG Road during peak match hours (21:00). Road DNA: 55. Reroute via Richmond Road flyover."
2025-05-13,17,5,Chinnaswamy Stadium Zone,Kasturba Road,IPL Match: RCB vs CSK,29282,122175,9.52,3.62,98.13,4,165.56,83.74,84.71,88.5,2733,Clear,Yes,High,79,"IPL Match at Chinnaswamy Stadium (RCB vs CSK, 29,282 spectators). Heavy crowd movement on Kasturba Road during peak match hours (17:00). Road DNA: 79. Reroute via Richmond Road flyover."
2025-04-15,16,4,Chinnaswamy Stadium Zone,Cubbon Road,IPL Match: RCB vs GT,33966,77152,17.83,2.21,80.88,0,178.52,64.47,70.63,86.11,3296,Thunderstorm,No,Medium,70,"IPL Match at Chinnaswamy Stadium (RCB vs GT, 33,966 spectators). Heavy crowd movement on Cubbon Road during peak match hours (16:00). Road DNA: 70. Reroute via Richmond Road flyover."
2025-04-25,21,4,Chinnaswamy Stadium Zone,MG Road,IPL Match: RCB vs CSK,33491,63385,16.6,2.05,87.85,4,144.26,79.3,70.83,98.6,1183,Clear,Yes,Medium,65,"IPL Match at Chinnaswamy Stadium (RCB vs CSK, 33,491 spectators). Heavy crowd movement on MG Road during peak match hours (21:00). Road DNA: 65. Reroute via Richmond Road flyover."
2025-05-05,18,5,Chinnaswamy Stadium Zone,Infant Jesus Church Junction,IPL Match: RCB vs CSK,30422,102745,10.84,3.36,106.66,2,166.95,77.87,75.28,94.96,2297,Heavy Rain,Yes,Severe,95,"IPL Match at Chinnaswamy Stadium (RCB vs CSK, 30,422 spectators). Heavy crowd movement on Infant Jesus Church Junction during peak match hours (18:00). Road DNA: 95. Reroute via Richmond Road flyover."
2025-05-07,17,5,Chinnaswamy Stadium Zone,Kasturba Road,IPL Match: RCB vs MI,33018,124972,9.59,4.32,95.11,0,157.34,80.14,89.95,88.27,2673,Heavy Rain,No,Severe,95,"IPL Match at Chinnaswamy Stadium (RCB vs MI, 33,018 spectators). Heavy crowd movement on Kasturba Road during peak match hours (17:00). Road DNA: 95. Reroute via Richmond Road flyover."
2025-05-19,23,5,Chinnaswamy Stadium Zone,Infant Jesus Church Junction,IPL Match: RCB vs MI,28018,102747,13.29,3.38,112.61,0,172.2,87.55,77.32,89.62,3402,Heavy Rain,No,Severe,83,"IPL Match at Chinnaswamy Stadium (RCB vs MI, 28,018 spectators). Heavy crowd movement on Infant Jesus Church Junction during peak match hours (23:00). Road DNA: 83. Reroute via Richmond Road flyover."
2025-05-09,23,5,Chinnaswamy Stadium Zone,Residency Road,IPL Match: RCB vs CSK,32322,91288,13.58,4.37,112.72,0,128.71,67.14,73.03,96.86,2911,Light Rain,Yes,Severe,91,"IPL Match at Chinnaswamy Stadium (RCB vs CSK, 32,322 spectators). Heavy crowd movement on Residency Road during peak match hours (23:00). Road DNA: 91. Reroute via Richmond Road flyover."
2025-03-28,21,3,Chinnaswamy Stadium Zone,Kasturba Road,IPL Match: RCB vs CSK,31005,82631,15.9,2.37,87.48,3,161.46,83.72,78.14,93.83,1524,Clear,Yes,Medium,56,"IPL Match at Chinnaswamy Stadium (RCB vs CSK, 31,005 spectators). Heavy crowd movement on Kasturba Road during peak match hours (21:00). Road DNA: 56. Reroute via Richmond Road flyover."
2025-03-06,18,3,Chinnaswamy Stadium Zone,MG Road,IPL Match: RCB vs LSG,33462,94839,13.58,3.94,100.97,0,170.54,83.5,70.35,99.2,2111,Clear,No,High,90,"IPL Match at Chinnaswamy Stadium (RCB vs LSG, 33,462 spectators). Heavy crowd movement on MG Road during peak match hours (18:00). Road DNA: 90. Reroute via Richmond Road flyover."
2025-05-05,21,5,Chinnaswamy Stadium Zone,Cubbon Road,IPL Match: RCB vs GT,32872,80106,24.09,2.34,75.24,3,137.9,70.51,74.16,95.41,3188,Thunderstorm,No,Medium,60,"IPL Match at Chinnaswamy Stadium (RCB vs GT, 32,872 spectators). Heavy crowd movement on Cubbon Road during peak match hours (21:00). Road DNA: 60. Reroute via Richmond Road flyover."
2025-03-27,19,3,Chinnaswamy Stadium Zone,Cubbon Road,IPL Match: RCB vs SRH,31416,92744,7.42,4.4,114.66,2,131.09,71.25,70.36,88.56,1046,Clear,Yes,High,81,"IPL Match at Chinnaswamy Stadium (RCB vs SRH, 31,416 spectators). Heavy crowd movement on Cubbon Road during peak match hours (19:00). Road DNA: 81. Reroute via Richmond Road flyover."
2025-03-25,19,3,Chinnaswamy Stadium Zone,Residency Road,IPL Match: RCB vs SRH,34448,106099,9.83,3.33,98.95,0,176.03,69.97,87.41,95.37,1840,Clear,Yes,High,88,"IPL Match at Chinnaswamy Stadium (RCB vs SRH, 34,448 spectators). Heavy crowd movement on Residency Road during peak match hours (19:00). Road DNA: 88. Reroute via Richmond Road flyover."
2025-03-28,23,3,Chinnaswamy Stadium Zone,Kasturba Road,IPL Match: RCB vs KKR,29994,106460,8.09,3.39,111.06,1,157.18,73.75,80.75,95.78,3117,Heavy Rain,Yes,Severe,82,"IPL Match at Chinnaswamy Stadium (RCB vs KKR, 29,994 spectators). Heavy crowd movement on Kasturba Road during peak match hours (23:00). Road DNA: 82. Reroute via Richmond Road flyover."
2025-04-25,23,4,Chinnaswamy Stadium Zone,MG Road,IPL Match: RCB vs GT,28777,96117,10.48,3.86,95.27,4,181.63,83.13,78.38,88.87,2278,Light Rain,No,Severe,91,"IPL Match at Chinnaswamy Stadium (RCB vs GT, 28,777 spectators). Heavy crowd movement on MG Road during peak match hours (23:00). Road DNA: 91. Reroute via Richmond Road flyover."
2025-03-28,23,3,Chinnaswamy Stadium Zone,Residency Road,IPL Match: RCB vs SRH,32506,117825,9.4,4.01,110.21,1,175.87,77.72,86.06,88.09,1623,Thunderstorm,Yes,High,83,"IPL Match at Chinnaswamy Stadium (RCB vs SRH, 32,506 spectators). Heavy crowd movement on Residency Road during peak match hours (23:00). Road DNA: 83. Reroute via Richmond Road flyover."
2025-05-07,16,5,Chinnaswamy Stadium Zone,Cubbon Road,IPL Match: RCB vs DC,31935,96403,9.75,3.22,106.79,0,158.65,88.83,74.27,95.8,1380,Light Rain,Yes,Severe,78,"IPL Match at Chinnaswamy Stadium (RCB vs DC, 31,935 spectators). Heavy crowd movement on Cubbon Road during peak match hours (16:00). Road DNA: 78. Reroute via Richmond Road flyover."
2025-05-14,16,5,Chinnaswamy Stadium Zone,Kasturba Road,IPL Match: RCB vs GT,32235,90436,11.1,3.58,105.83,1,146.81,81.57,79.44,97.68,1070,Light Rain,No,Severe,90,"IPL Match at Chinnaswamy Stadium (RCB vs GT, 32,235 spectators). Heavy crowd movement on Kasturba Road during peak match hours (16:00). Road DNA: 90. Reroute via Richmond Road flyover."
2025-05-11,23,5,Chinnaswamy Stadium Zone,Richmond Road,IPL Match: RCB vs LSG,34845,97956,10.45,2.95,105.71,2,186.27,89.42,82.49,90.71,1355,Thunderstorm,No,High,87,"IPL Match at Chinnaswamy Stadium (RCB vs LSG, 34,845 spectators). Heavy crowd movement on Richmond Road during peak match hours (23:00). Road DNA: 87. Reroute via Richmond Road flyover."
2025-04-27,17,4,Chinnaswamy Stadium Zone,Infant Jesus Church Junction,IPL Match: RCB vs KKR,31736,114131,7.09,4.34,99.77,0,163.29,84.45,70.12,89.29,1989,Clear,No,High,79,"IPL Match at Chinnaswamy Stadium (RCB vs KKR, 31,736 spectators). Heavy crowd movement on Infant Jesus Church Junction during peak match hours (17:00). Road DNA: 79. Reroute via Richmond Road flyover."
2025-05-21,23,5,Chinnaswamy Stadium Zone,Infant Jesus Church Junction,IPL Match: RCB vs LSG,34398,111876,7.12,3.63,95.11,1,183.85,85.31,82.76,93.25,2925,Light Rain,No,Severe,92,"IPL Match at Chinnaswamy Stadium (RCB vs LSG, 34,398 spectators). Heavy crowd movement on Infant Jesus Church Junction during peak match hours (23:00). Road DNA: 92. Reroute via Richmond Road flyover."
2025-05-18,17,5,Chinnaswamy Stadium Zone,MG Road,IPL Match: RCB vs CSK,33686,101239,12.54,3.5,93.22,2,141.26,66.14,87.26,89.3,2056,Thunderstorm,Yes,High,84,"IPL Match at Chinnaswamy Stadium (RCB vs CSK, 33,686 spectators). Heavy crowd movement on MG Road during peak match hours (17:00). Road DNA: 84. Reroute via Richmond Road flyover."
2025-04-20,19,4,Chinnaswamy Stadium Zone,Cubbon Road,IPL Match: RCB vs CSK,34131,105827,11.8,3.51,94.12,4,149.88,85.22,80.24,94.37,3226,Clear,No,High,80,"IPL Match at Chinnaswamy Stadium (RCB vs CSK, 34,131 spectators). Heavy crowd movement on Cubbon Road during peak match hours (19:00). Road DNA: 80. Reroute via Richmond Road flyover."
2025-05-25,16,5,Chinnaswamy Stadium Zone,Cubbon Road,IPL Match: RCB vs SRH,30807,67723,20.94,1.71,83.26,4,122.36,76.02,75.0,94.7,1503,Clear,Yes,Medium,74,"IPL Match at Chinnaswamy Stadium (RCB vs SRH, 30,807 spectators). Heavy crowd movement on Cubbon Road during peak match hours (16:00). Road DNA: 74. Reroute via Richmond Road flyover."
2025-05-08,22,5,Chinnaswamy Stadium Zone,Kasturba Road,IPL Match: RCB vs SRH,29481,126292,10.39,4.23,114.75,0,160.49,72.03,79.11,98.42,3387,Heavy Rain,No,Severe,78,"IPL Match at Chinnaswamy Stadium (RCB vs SRH, 29,481 spectators). Heavy crowd movement on Kasturba Road during peak match hours (22:00). Road DNA: 78. Reroute via Richmond Road flyover."
2025-04-27,23,4,Chinnaswamy Stadium Zone,Richmond Road,IPL Match: RCB vs DC,31521,110146,11.57,3.85,114.85,1,157.98,73.66,85.49,99.9,1505,Clear,Yes,High,82,"IPL Match at Chinnaswamy Stadium (RCB vs DC, 31,521 spectators). Heavy crowd movement on Richmond Road during peak match hours (23:00). Road DNA: 82. Reroute via Richmond Road flyover."
2025-04-09,16,4,Chinnaswamy Stadium Zone,Richmond Road,IPL Match: RCB vs MI,28603,58205,22.75,2.05,88.27,1,157.4,89.66,78.44,93.97,1166,Thunderstorm,Yes,Medium,69,"IPL Match at Chinnaswamy Stadium (RCB vs MI, 28,603 spectators). Heavy crowd movement on Richmond Road during peak match hours (16:00). Road DNA: 69. Reroute via Richmond Road flyover."
2025-05-18,16,5,Chinnaswamy Stadium Zone,Kasturba Road,IPL Match: RCB vs RR,29460,99367,9.79,2.83,102.9,3,184.2,78.46,88.94,88.63,1234,Heavy Rain,No,Severe,94,"IPL Match at Chinnaswamy Stadium (RCB vs RR, 29,460 spectators). Heavy crowd movement on Kasturba Road during peak match hours (16:00). Road DNA: 94. Reroute via Richmond Road flyover."
2025-03-05,21,3,Chinnaswamy Stadium Zone,Cubbon Road,IPL Match: RCB vs RR,34989,55502,21.48,1.95,76.47,2,181.02,74.45,78.74,88.38,2673,Clear,No,Medium,57,"IPL Match at Chinnaswamy Stadium (RCB vs RR, 34,989 spectators). Heavy crowd movement on Cubbon Road during peak match hours (21:00). Road DNA: 57. Reroute via Richmond Road flyover."
2025-04-11,18,4,Chinnaswamy Stadium Zone,MG Road,IPL Match: RCB vs KKR,33907,100680,8.08,3.87,96.18,1,184.79,87.83,73.66,94.55,1532,Clear,No,High,80,"IPL Match at Chinnaswamy Stadium (RCB vs KKR, 33,907 spectators). Heavy crowd movement on MG Road during peak match hours (18:00). Road DNA: 80. Reroute via Richmond Road flyover."
2025-03-03,19,3,Chinnaswamy Stadium Zone,MG Road,IPL Match: RCB vs GT,30345,96400,12.44,3.43,104.18,0,152.63,80.49,79.58,86.31,1421,Heavy Rain,No,Severe,81,"IPL Match at Chinnaswamy Stadium (RCB vs GT, 30,345 spectators). Heavy crowd movement on MG Road during peak match hours (19:00). Road DNA: 81. Reroute via Richmond Road flyover."
2025-05-02,16,5,Chinnaswamy Stadium Zone,Infant Jesus Church Junction,IPL Match: RCB vs LSG,31518,114256,10.53,4.04,94.48,0,133.71,73.68,74.59,86.84,1709,Heavy Rain,Yes,Severe,88,"IPL Match at Chinnaswamy Stadium (RCB vs LSG, 31,518 spectators). Heavy crowd movement on Infant Jesus Church Junction during peak match hours (16:00). Road DNA: 88. Reroute via Richmond Road flyover."
2025-03-07,20,3,Chinnaswamy Stadium Zone,Infant Jesus Church Junction,IPL Match: RCB vs MI,28873,63365,21.74,1.98,88.58,4,165.23,89.68,73.34,87.88,925,Clear,Yes,Medium,65,"IPL Match at Chinnaswamy Stadium (RCB vs MI, 28,873 spectators). Heavy crowd movement on Infant Jesus Church Junction during peak match hours (20:00). Road DNA: 65. Reroute via Richmond Road flyover."
2025-03-10,19,3,Chinnaswamy Stadium Zone,MG Road,IPL Match: RCB vs GT,28695,119120,9.01,3.72,106.16,4,128.62,75.53,76.15,94.78,1328,Light Rain,Yes,Severe,81,"IPL Match at Chinnaswamy Stadium (RCB vs GT, 28,695 spectators). Heavy crowd movement on MG Road during peak match hours (19:00). Road DNA: 81. Reroute via Richmond Road flyover."
2025-03-19,22,3,Chinnaswamy Stadium Zone,Richmond Road,IPL Match: RCB vs RR,31248,98001,11.17,3.07,95.4,3,126.67,77.74,81.0,89.04,1597,Thunderstorm,No,High,83,"IPL Match at Chinnaswamy Stadium (RCB vs RR, 31,248 spectators). Heavy crowd movement on Richmond Road during peak match hours (22:00). Road DNA: 83. Reroute via Richmond Road flyover."
2025-03-05,19,3,Chinnaswamy Stadium Zone,Kasturba Road,IPL Match: RCB vs RR,33813,87716,8.18,2.72,112.87,0,123.14,85.13,74.11,86.79,1573,Heavy Rain,No,Severe,92,"IPL Match at Chinnaswamy Stadium (RCB vs RR, 33,813 spectators). Heavy crowd movement on Kasturba Road during peak match hours (19:00). Road DNA: 92. Reroute via Richmond Road flyover."
2025-03-01,20,3,Chinnaswamy Stadium Zone,MG Road,IPL Match: RCB vs CSK,32136,67311,21.85,2.37,74.91,0,165.54,78.26,88.84,90.31,1410,Clear,Yes,Medium,58,"IPL Match at Chinnaswamy Stadium (RCB vs CSK, 32,136 spectators). Heavy crowd movement on MG Road during peak match hours (20:00). Road DNA: 58. Reroute via Richmond Road flyover."
2025-03-22,19,3,Chinnaswamy Stadium Zone,Kasturba Road,IPL Match: RCB vs CSK,34887,111835,13.05,2.77,111.98,4,176.1,66.58,81.57,95.03,1724,Clear,Yes,High,86,"IPL Match at Chinnaswamy Stadium (RCB vs CSK, 34,887 spectators). Heavy crowd movement on Kasturba Road during peak match hours (19:00). Road DNA: 86. Reroute via Richmond Road flyover."
2025-05-07,21,5,Chinnaswamy Stadium Zone,Richmond Road,IPL Match: RCB vs DC,33202,56297,15.88,1.62,88.81,2,125.57,79.52,83.82,86.7,3397,Clear,Yes,Medium,74,"IPL Match at Chinnaswamy Stadium (RCB vs DC, 33,202 spectators). Heavy crowd movement on Richmond Road during peak match hours (21:00). Road DNA: 74. Reroute via Richmond Road flyover."
2025-04-01,16,4,Chinnaswamy Stadium Zone,Infant Jesus Church Junction,IPL Match: RCB vs GT,33372,75917,19.74,2.21,80.41,3,129.66,61.08,80.38,85.15,2942,Clear,No,Medium,61,"IPL Match at Chinnaswamy Stadium (RCB vs GT, 33,372 spectators). Heavy crowd movement on Infant Jesus Church Junction during peak match hours (16:00). Road DNA: 61. Reroute via Richmond Road flyover."
2025-04-16,19,4,Chinnaswamy Stadium Zone,Kasturba Road,IPL Match: RCB vs SRH,28345,96733,9.18,2.99,97.66,4,136.44,61.68,81.31,86.88,1025,Thunderstorm,No,High,82,"IPL Match at Chinnaswamy Stadium (RCB vs SRH, 28,345 spectators). Heavy crowd movement on Kasturba Road during peak match hours (19:00). Road DNA: 82. Reroute via Richmond Road flyover."
2025-04-11,18,4,Chinnaswamy Stadium Zone,MG Road,IPL Match: RCB vs GT,29164,112136,11.77,3.92,95.14,2,162.27,66.34,79.99,99.15,3037,Heavy Rain,No,Severe,91,"IPL Match at Chinnaswamy Stadium (RCB vs GT, 29,164 spectators). Heavy crowd movement on MG Road during peak match hours (18:00). Road DNA: 91. Reroute via Richmond Road flyover."
2025-05-02,21,5,Chinnaswamy Stadium Zone,Cubbon Road,IPL Match: RCB vs GT,30103,82527,16.37,1.92,70.01,4,163.73,64.75,74.96,92.5,2419,Thunderstorm,No,Medium,56,"IPL Match at Chinnaswamy Stadium (RCB vs GT, 30,103 spectators). Heavy crowd movement on Cubbon Road during peak match hours (21:00). Road DNA: 56. Reroute via Richmond Road flyover."
2025-03-01,20,3,Chinnaswamy Stadium Zone,Kasturba Road,IPL Match: RCB vs RR,28711,60270,15.24,2.03,79.28,3,161.16,73.78,89.49,98.59,3332,Clear,Yes,Medium,70,"IPL Match at Chinnaswamy Stadium (RCB vs RR, 28,711 spectators). Heavy crowd movement on Kasturba Road during peak match hours (20:00). Road DNA: 70. Reroute via Richmond Road flyover."
2025-03-13,21,3,Chinnaswamy Stadium Zone,Residency Road,IPL Match: RCB vs SRH,33757,103956,9.45,2.7,109.38,1,177.79,75.91,89.5,98.51,879,Heavy Rain,No,Severe,84,"IPL Match at Chinnaswamy Stadium (RCB vs SRH, 33,757 spectators). Heavy crowd movement on Residency Road during peak match hours (21:00). Road DNA: 84. Reroute via Richmond Road flyover."
2025-03-10,22,3,Chinnaswamy Stadium Zone,Infant Jesus Church Junction,IPL Match: RCB vs SRH,29419,123984,13.41,3.76,105.65,0,132.42,89.04,85.99,87.89,3004,Clear,Yes,High,93,"IPL Match at Chinnaswamy Stadium (RCB vs SRH, 29,419 spectators). Heavy crowd movement on Infant Jesus Church Junction during peak match hours (22:00). Road DNA: 93. Reroute via Richmond Road flyover."
2025-04-26,23,4,Chinnaswamy Stadium Zone,Richmond Road,IPL Match: RCB vs GT,31225,116600,11.54,3.8,100.53,1,189.79,77.95,76.14,96.55,2622,Clear,Yes,High,95,"IPL Match at Chinnaswamy Stadium (RCB vs GT, 31,225 spectators). Heavy crowd movement on Richmond Road during peak match hours (23:00). Road DNA: 95. Reroute via Richmond Road flyover."
2025-04-20,23,4,Chinnaswamy Stadium Zone,Residency Road,IPL Match: RCB vs GT,33212,119239,8.11,4.02,100.57,0,146.25,76.38,88.49,91.49,823,Clear,No,High,82,"IPL Match at Chinnaswamy Stadium (RCB vs GT, 33,212 spectators). Heavy crowd movement on Residency Road during peak match hours (23:00). Road DNA: 82. Reroute via Richmond Road flyover."
2025-04-10,18,4,Chinnaswamy Stadium Zone,Richmond Road,IPL Match: RCB vs MI,29751,117158,10.24,3.42,102.71,2,178.84,67.85,86.03,93.45,1756,Light Rain,Yes,Severe,79,"IPL Match at Chinnaswamy Stadium (RCB vs MI, 29,751 spectators). Heavy crowd movement on Richmond Road during peak match hours (18:00). Road DNA: 79. Reroute via Richmond Road flyover."
2025-04-22,18,4,Chinnaswamy Stadium Zone,MG Road,IPL Match: RCB vs LSG,28381,101518,12.11,3.44,108.72,0,176.22,65.08,85.55,92.65,2830,Light Rain,No,Severe,91,"IPL Match at Chinnaswamy Stadium (RCB vs LSG, 28,381 spectators). Heavy crowd movement on MG Road during peak match hours (18:00). Road DNA: 91. Reroute via Richmond Road flyover."
2025-04-22,18,4,Chinnaswamy Stadium Zone,Residency Road,IPL Match: RCB vs RR,28090,97674,8.88,3.51,108.31,2,169.33,81.46,79.94,96.12,1606,Clear,No,High,85,"IPL Match at Chinnaswamy Stadium (RCB vs RR, 28,090 spectators). Heavy crowd movement on Residency Road during peak match hours (18:00). Road DNA: 85. Reroute via Richmond Road flyover."
2025-05-05,19,5,Chinnaswamy Stadium Zone,Cubbon Road,IPL Match: RCB vs RR,28446,96658,13.94,4.23,100.42,3,144.99,80.98,70.85,92.08,2060,Thunderstorm,No,High,95,"IPL Match at Chinnaswamy Stadium (RCB vs RR, 28,446 spectators). Heavy crowd movement on Cubbon Road during peak match hours (19:00). Road DNA: 95. Reroute via Richmond Road flyover."
2025-05-20,21,5,Chinnaswamy Stadium Zone,Infant Jesus Church Junction,IPL Match: RCB vs MI,33019,128611,7.75,4.09,114.98,2,189.55,63.18,71.14,95.47,1871,Light Rain,No,Severe,78,"IPL Match at Chinnaswamy Stadium (RCB vs MI, 33,019 spectators). Heavy crowd movement on Infant Jesus Church Junction during peak match hours (21:00). Road DNA: 78. Reroute via Richmond Road flyover."
2025-04-15,18,4,Chinnaswamy Stadium Zone,Richmond Road,IPL Match: RCB vs GT,33811,87917,8.44,2.66,101.98,1,163.95,83.59,79.25,90.04,2765,Light Rain,No,Severe,84,"IPL Match at Chinnaswamy Stadium (RCB vs GT, 33,811 spectators). Heavy crowd movement on Richmond Road during peak match hours (18:00). Road DNA: 84. Reroute via Richmond Road flyover."
2025-03-28,22,3,Chinnaswamy Stadium Zone,Richmond Road,IPL Match: RCB vs DC,33039,122242,7.44,2.5,110.89,3,128.45,77.31,76.97,95.05,1668,Thunderstorm,Yes,High,80,"IPL Match at Chinnaswamy Stadium (RCB vs DC, 33,039 spectators). Heavy crowd movement on Richmond Road during peak match hours (22:00). Road DNA: 80. Reroute via Richmond Road flyover."
2025-04-13,21,4,Chinnaswamy Stadium Zone,Residency Road,IPL Match: RCB vs RR,31960,77952,19.22,2.01,87.22,4,179.36,65.38,85.45,92.96,3259,Clear,No,Medium,56,"IPL Match at Chinnaswamy Stadium (RCB vs RR, 31,960 spectators). Heavy crowd movement on Residency Road during peak match hours (21:00). Road DNA: 56. Reroute via Richmond Road flyover."
2025-05-04,18,5,Chinnaswamy Stadium Zone,MG Road,IPL Match: RCB vs GT,29945,96758,13.66,3.53,100.94,1,165.9,88.91,74.75,95.05,959,Thunderstorm,No,High,91,"IPL Match at Chinnaswamy Stadium (RCB vs GT, 29,945 spectators). Heavy crowd movement on MG Road during peak match hours (18:00). Road DNA: 91. Reroute via Richmond Road flyover."
2025-04-16,21,4,Chinnaswamy Stadium Zone,MG Road,IPL Match: RCB vs SRH,28285,62741,15.17,2.16,86.61,3,148.14,61.8,77.24,89.66,1106,Clear,Yes,Medium,69,"IPL Match at Chinnaswamy Stadium (RCB vs SRH, 28,285 spectators). Heavy crowd movement on MG Road during peak match hours (21:00). Road DNA: 69. Reroute via Richmond Road flyover."
2025-05-23,21,5,Chinnaswamy Stadium Zone,MG Road,IPL Match: RCB vs GT,33193,70935,22.76,2.2,79.96,4,163.12,66.32,71.51,95.43,980,Thunderstorm,No,Medium,61,"IPL Match at Chinnaswamy Stadium (RCB vs GT, 33,193 spectators). Heavy crowd movement on MG Road during peak match hours (21:00). Road DNA: 61. Reroute via Richmond Road flyover."
2025-03-23,16,3,Chinnaswamy Stadium Zone,Kasturba Road,IPL Match: RCB vs LSG,31773,92284,8.35,4.38,114.21,1,180.23,89.07,73.33,93.16,1408,Heavy Rain,No,Severe,93,"IPL Match at Chinnaswamy Stadium (RCB vs LSG, 31,773 spectators). Heavy crowd movement on Kasturba Road during peak match hours (16:00). Road DNA: 93. Reroute via Richmond Road flyover."
2025-04-01,20,4,Chinnaswamy Stadium Zone,Residency Road,IPL Match: RCB vs DC,32847,65034,15.13,1.7,77.92,3,135.68,88.13,70.76,88.05,1999,Thunderstorm,No,Medium,66,"IPL Match at Chinnaswamy Stadium (RCB vs DC, 32,847 spectators). Heavy crowd movement on Residency Road during peak match hours (20:00). Road DNA: 66. Reroute via Richmond Road flyover."
2025-05-07,18,5,Chinnaswamy Stadium Zone,Kasturba Road,IPL Match: RCB vs GT,30399,129144,9.08,3.35,101.29,3,166.85,69.13,74.62,88.66,2605,Thunderstorm,Yes,High,80,"IPL Match at Chinnaswamy Stadium (RCB vs GT, 30,399 spectators). Heavy crowd movement on Kasturba Road during peak match hours (18:00). Road DNA: 80. Reroute via Richmond Road flyover."
2025-04-06,21,4,Chinnaswamy Stadium Zone,MG Road,IPL Match: RCB vs GT,29801,65930,24.69,1.93,90.08,2,144.57,73.97,77.33,90.23,1193,Clear,Yes,Medium,56,"IPL Match at Chinnaswamy Stadium (RCB vs GT, 29,801 spectators). Heavy crowd movement on MG Road during peak match hours (21:00). Road DNA: 56. Reroute via Richmond Road flyover."
2025-03-17,19,3,Chinnaswamy Stadium Zone,Richmond Road,IPL Match: RCB vs DC,29607,105750,9.6,3.63,103.67,2,150.84,79.94,86.48,99.23,3006,Clear,No,High,94,"IPL Match at Chinnaswamy Stadium (RCB vs DC, 29,607 spectators). Heavy crowd movement on Richmond Road during peak match hours (19:00). Road DNA: 94. Reroute via Richmond Road flyover."
2025-05-21,18,5,Chinnaswamy Stadium Zone,MG Road,IPL Match: RCB vs KKR,29026,117095,11.93,3.32,103.19,0,151.53,65.52,85.5,89.74,2435,Heavy Rain,Yes,Severe,92,"IPL Match at Chinnaswamy Stadium (RCB vs KKR, 29,026 spectators). Heavy crowd movement on MG Road during peak match hours (18:00). Road DNA: 92. Reroute via Richmond Road flyover."
2025-05-07,23,5,Chinnaswamy Stadium Zone,MG Road,IPL Match: RCB vs DC,34035,87885,12.77,3.7,93.5,3,183.36,72.58,72.03,89.04,2698,Thunderstorm,No,High,83,"IPL Match at Chinnaswamy Stadium (RCB vs DC, 34,035 spectators). Heavy crowd movement on MG Road during peak match hours (23:00). Road DNA: 83. Reroute via Richmond Road flyover."
2025-03-28,17,3,Chinnaswamy Stadium Zone,Kasturba Road,IPL Match: RCB vs CSK,29885,112849,7.64,3.51,114.56,4,166.87,65.22,85.35,89.9,1879,Thunderstorm,No,High,94,"IPL Match at Chinnaswamy Stadium (RCB vs CSK, 29,885 spectators). Heavy crowd movement on Kasturba Road during peak match hours (17:00). Road DNA: 94. Reroute via Richmond Road flyover."
2025-05-22,19,5,Chinnaswamy Stadium Zone,Kasturba Road,IPL Match: RCB vs LSG,32585,128230,12.37,4.38,96.17,0,166.29,64.99,80.6,92.07,2888,Light Rain,No,Severe,82,"IPL Match at Chinnaswamy Stadium (RCB vs LSG, 32,585 spectators). Heavy crowd movement on Kasturba Road during peak match hours (19:00). Road DNA: 82. Reroute via Richmond Road flyover."
2025-05-20,23,5,Chinnaswamy Stadium Zone,Richmond Road,IPL Match: RCB vs RR,32699,100243,8.71,3.82,102.5,3,180.09,64.87,82.85,97.88,1935,Light Rain,Yes,Severe,83,"IPL Match at Chinnaswamy Stadium (RCB vs RR, 32,699 spectators). Heavy crowd movement on Richmond Road during peak match hours (23:00). Road DNA: 83. Reroute via Richmond Road flyover."
2025-03-06,20,3,Chinnaswamy Stadium Zone,Richmond Road,IPL Match: RCB vs KKR,30494,75895,20.67,2.2,73.75,1,149.58,67.47,76.1,86.08,802,Clear,No,Medium,69,"IPL Match at Chinnaswamy Stadium (RCB vs KKR, 30,494 spectators). Heavy crowd movement on Richmond Road during peak match hours (20:00). Road DNA: 69. Reroute via Richmond Road flyover."
2025-04-17,18,4,Chinnaswamy Stadium Zone,Residency Road,IPL Match: RCB vs MI,34905,102201,10.59,4.26,114.33,1,127.95,62.28,89.51,90.76,897,Light Rain,Yes,Severe,79,"IPL Match at Chinnaswamy Stadium (RCB vs MI, 34,905 spectators). Heavy crowd movement on Residency Road during peak match hours (18:00). Road DNA: 79. Reroute via Richmond Road flyover."
2025-04-20,21,4,Chinnaswamy Stadium Zone,Residency Road,IPL Match: RCB vs KKR,33481,95462,7.71,3.24,114.89,0,161.19,87.41,89.6,96.28,2888,Heavy Rain,Yes,Severe,90,"IPL Match at Chinnaswamy Stadium (RCB vs KKR, 33,481 spectators). Heavy crowd movement on Residency Road during peak match hours (21:00). Road DNA: 90. Reroute via Richmond Road flyover."
2025-03-13,16,3,Chinnaswamy Stadium Zone,Richmond Road,IPL Match: RCB vs GT,33970,120344,10.94,3.71,100.84,3,181.94,80.21,80.25,92.55,854,Heavy Rain,No,Severe,86,"IPL Match at Chinnaswamy Stadium (RCB vs GT, 33,970 spectators). Heavy crowd movement on Richmond Road during peak match hours (16:00). Road DNA: 86. Reroute via Richmond Road flyover."
2025-03-17,22,3,Chinnaswamy Stadium Zone,Infant Jesus Church Junction,IPL Match: RCB vs GT,31201,100659,11.7,4.21,92.83,3,147.94,73.81,89.11,90.04,2157,Clear,Yes,High,80,"IPL Match at Chinnaswamy Stadium (RCB vs GT, 31,201 spectators). Heavy crowd movement on Infant Jesus Church Junction during peak match hours (22:00). Road DNA: 80. Reroute via Richmond Road flyover."
2025-03-13,22,3,Chinnaswamy Stadium Zone,Richmond Road,IPL Match: RCB vs RR,29322,86911,11.37,3.11,96.23,1,153.32,89.64,74.71,93.37,1424,Heavy Rain,Yes,Severe,80,"IPL Match at Chinnaswamy Stadium (RCB vs RR, 29,322 spectators). Heavy crowd movement on Richmond Road during peak match hours (22:00). Road DNA: 80. Reroute via Richmond Road flyover."
2025-04-22,19,4,Chinnaswamy Stadium Zone,Infant Jesus Church Junction,IPL Match: RCB vs KKR,29627,108077,6.51,4.05,93.66,4,161.85,61.11,71.74,93.63,1533,Thunderstorm,Yes,High,83,"IPL Match at Chinnaswamy Stadium (RCB vs KKR, 29,627 spectators). Heavy crowd movement on Infant Jesus Church Junction during peak match hours (19:00). Road DNA: 83. Reroute via Richmond Road flyover."
2025-04-13,19,4,Chinnaswamy Stadium Zone,MG Road,IPL Match: RCB vs GT,34887,86979,9.59,2.54,96.74,3,157.29,86.81,74.91,95.93,1214,Heavy Rain,Yes,Severe,85,"IPL Match at Chinnaswamy Stadium (RCB vs GT, 34,887 spectators). Heavy crowd movement on MG Road during peak match hours (19:00). Road DNA: 85. Reroute via Richmond Road flyover."
2025-05-11,21,5,Chinnaswamy Stadium Zone,Infant Jesus Church Junction,IPL Match: RCB vs LSG,32312,60850,16.79,1.9,82.68,4,127.11,61.12,70.14,87.52,3271,Thunderstorm,No,Medium,60,"IPL Match at Chinnaswamy Stadium (RCB vs LSG, 32,312 spectators). Heavy crowd movement on Infant Jesus Church Junction during peak match hours (21:00). Road DNA: 60. Reroute via Richmond Road flyover."
2025-05-12,19,5,Chinnaswamy Stadium Zone,Richmond Road,IPL Match: RCB vs LSG,28367,121909,9.01,3.58,98.47,1,134.79,62.59,83.42,88.03,2152,Light Rain,No,Severe,87,"IPL Match at Chinnaswamy Stadium (RCB vs LSG, 28,367 spectators). Heavy crowd movement on Richmond Road during peak match hours (19:00). Road DNA: 87. Reroute via Richmond Road flyover."
2025-03-02,18,3,Chinnaswamy Stadium Zone,Richmond Road,IPL Match: RCB vs MI,30694,109237,6.86,3.25,95.7,3,174.05,79.62,79.14,97.94,3092,Heavy Rain,Yes,Severe,91,"IPL Match at Chinnaswamy Stadium (RCB vs MI, 30,694 spectators). Heavy crowd movement on Richmond Road during peak match hours (18:00). Road DNA: 91. Reroute via Richmond Road flyover."
2025-05-28,19,5,Chinnaswamy Stadium Zone,Infant Jesus Church Junction,IPL Match: RCB vs CSK,33064,122821,7.73,4.1,110.04,4,184.4,77.18,89.6,96.54,2456,Thunderstorm,Yes,High,90,"IPL Match at Chinnaswamy Stadium (RCB vs CSK, 33,064 spectators). Heavy crowd movement on Infant Jesus Church Junction during peak match hours (19:00). Road DNA: 90. Reroute via Richmond Road flyover."
2025-05-11,23,5,Chinnaswamy Stadium Zone,Residency Road,IPL Match: RCB vs GT,30526,91035,6.83,2.77,98.09,0,148.65,80.78,82.53,98.61,2665,Thunderstorm,Yes,High,92,"IPL Match at Chinnaswamy Stadium (RCB vs GT, 30,526 spectators). Heavy crowd movement on Residency Road during peak match hours (23:00). Road DNA: 92. Reroute via Richmond Road flyover."
2025-04-09,16,4,Chinnaswamy Stadium Zone,MG Road,IPL Match: RCB vs GT,29612,72821,24.39,2.19,73.66,3,188.18,61.43,77.07,97.79,2202,Thunderstorm,Yes,Medium,58,"IPL Match at Chinnaswamy Stadium (RCB vs GT, 29,612 spectators). Heavy crowd movement on MG Road during peak match hours (16:00). Road DNA: 58. Reroute via Richmond Road flyover."
2025-05-06,21,5,Chinnaswamy Stadium Zone,Infant Jesus Church Junction,IPL Match: RCB vs RR,29492,88928,6.82,2.72,93.53,4,170.53,76.04,85.82,95.13,2052,Heavy Rain,No,Severe,81,"IPL Match at Chinnaswamy Stadium (RCB vs RR, 29,492 spectators). Heavy crowd movement on Infant Jesus Church Junction during peak match hours (21:00). Road DNA: 81. Reroute via Richmond Road flyover."
2025-03-26,21,3,Chinnaswamy Stadium Zone,Cubbon Road,IPL Match: RCB vs MI,28419,82537,17.77,2.04,84.45,0,121.22,88.88,71.2,92.66,2674,Thunderstorm,Yes,Medium,65,"IPL Match at Chinnaswamy Stadium (RCB vs MI, 28,419 spectators). Heavy crowd movement on Cubbon Road during peak match hours (21:00). Road DNA: 65. Reroute via Richmond Road flyover."
2025-03-01,18,3,Chinnaswamy Stadium Zone,Richmond Road,IPL Match: RCB vs GT,34714,122626,10.46,3.77,93.12,3,173.92,69.43,86.47,98.09,992,Heavy Rain,Yes,Severe,87,"IPL Match at Chinnaswamy Stadium (RCB vs GT, 34,714 spectators). Heavy crowd movement on Richmond Road during peak match hours (18:00). Road DNA: 87. Reroute via Richmond Road flyover."
2025-04-19,17,4,Chinnaswamy Stadium Zone,Kasturba Road,IPL Match: RCB vs CSK,29815,112316,9.36,3.67,108.83,2,132.88,87.98,73.21,99.79,3349,Thunderstorm,Yes,High,89,"IPL Match at Chinnaswamy Stadium (RCB vs CSK, 29,815 spectators). Heavy crowd movement on Kasturba Road during peak match hours (17:00). Road DNA: 89. Reroute via Richmond Road flyover."
2025-04-10,19,4,Chinnaswamy Stadium Zone,Cubbon Road,IPL Match: RCB vs MI,28959,86432,12.01,3.3,95.89,4,121.47,60.2,89.12,89.07,1038,Heavy Rain,No,Severe,86,"IPL Match at Chinnaswamy Stadium (RCB vs MI, 28,959 spectators). Heavy crowd movement on Cubbon Road during peak match hours (19:00). Road DNA: 86. Reroute via Richmond Road flyover."
2025-05-14,17,5,Chinnaswamy Stadium Zone,Kasturba Road,IPL Match: RCB vs SRH,28806,111993,9.41,2.78,102.87,1,167.04,86.64,89.85,93.86,2124,Heavy Rain,Yes,Severe,91,"IPL Match at Chinnaswamy Stadium (RCB vs SRH, 28,806 spectators). Heavy crowd movement on Kasturba Road during peak match hours (17:00). Road DNA: 91. Reroute via Richmond Road flyover."
2025-05-25,16,5,Chinnaswamy Stadium Zone,Residency Road,IPL Match: RCB vs RR,29275,63515,19.87,1.62,90.1,1,161.43,87.91,78.47,95.23,1041,Thunderstorm,No,Medium,63,"IPL Match at Chinnaswamy Stadium (RCB vs RR, 29,275 spectators). Heavy crowd movement on Residency Road during peak match hours (16:00). Road DNA: 63. Reroute via Richmond Road flyover."
2025-03-19,22,3,Chinnaswamy Stadium Zone,Infant Jesus Church Junction,IPL Match: RCB vs MI,32875,109115,9.6,2.86,106.82,2,125.17,85.47,88.49,98.19,2904,Light Rain,No,Severe,81,"IPL Match at Chinnaswamy Stadium (RCB vs MI, 32,875 spectators). Heavy crowd movement on Infant Jesus Church Junction during peak match hours (22:00). Road DNA: 81. Reroute via Richmond Road flyover."
2025-03-23,23,3,Chinnaswamy Stadium Zone,Infant Jesus Church Junction,IPL Match: RCB vs DC,34162,88795,7.86,4.38,108.77,2,154.6,82.87,76.87,86.5,1422,Light Rain,Yes,Severe,84,"IPL Match at Chinnaswamy Stadium (RCB vs DC, 34,162 spectators). Heavy crowd movement on Infant Jesus Church Junction during peak match hours (23:00). Road DNA: 84. Reroute via Richmond Road flyover."
2025-03-14,22,3,Chinnaswamy Stadium Zone,MG Road,IPL Match: RCB vs RR,31782,94911,9.23,3.22,106.37,4,183.49,75.72,84.93,85.63,2791,Heavy Rain,Yes,Severe,80,"IPL Match at Chinnaswamy Stadium (RCB vs RR, 31,782 spectators). Heavy crowd movement on MG Road during peak match hours (22:00). Road DNA: 80. Reroute via Richmond Road flyover."
2025-04-07,17,4,Chinnaswamy Stadium Zone,Richmond Road,IPL Match: RCB vs GT,28746,112267,8.6,3.88,93.52,2,183.75,61.55,83.2,91.11,2097,Clear,No,High,80,"IPL Match at Chinnaswamy Stadium (RCB vs GT, 28,746 spectators). Heavy crowd movement on Richmond Road during peak match hours (17:00). Road DNA: 80. Reroute via Richmond Road flyover."
2025-03-14,17,3,Chinnaswamy Stadium Zone,Residency Road,IPL Match: RCB vs DC,31982,126332,10.14,2.81,94.19,1,154.55,75.89,79.68,91.4,807,Thunderstorm,Yes,High,80,"IPL Match at Chinnaswamy Stadium (RCB vs DC, 31,982 spectators). Heavy crowd movement on Residency Road during peak match hours (17:00). Road DNA: 80. Reroute via Richmond Road flyover."
2025-04-13,19,4,Chinnaswamy Stadium Zone,Kasturba Road,IPL Match: RCB vs SRH,29449,91883,12.44,2.71,103.67,2,144.63,61.85,72.39,92.53,1176,Clear,No,High,88,"IPL Match at Chinnaswamy Stadium (RCB vs SRH, 29,449 spectators). Heavy crowd movement on Kasturba Road during peak match hours (19:00). Road DNA: 88. Reroute via Richmond Road flyover."
2025-04-21,20,4,Chinnaswamy Stadium Zone,Cubbon Road,IPL Match: RCB vs KKR,31035,70285,16.08,1.8,80.72,2,183.46,78.12,72.47,98.73,1232,Thunderstorm,No,Medium,71,"IPL Match at Chinnaswamy Stadium (RCB vs KKR, 31,035 spectators). Heavy crowd movement on Cubbon Road during peak match hours (20:00). Road DNA: 71. Reroute via Richmond Road flyover."
2025-03-04,18,3,Chinnaswamy Stadium Zone,MG Road,IPL Match: RCB vs DC,30639,110851,8.86,4.38,98.57,4,124.74,73.47,82.62,89.61,3070,Light Rain,Yes,Severe,92,"IPL Match at Chinnaswamy Stadium (RCB vs DC, 30,639 spectators). Heavy crowd movement on MG Road during peak match hours (18:00). Road DNA: 92. Reroute via Richmond Road flyover."
2025-05-05,17,5,Chinnaswamy Stadium Zone,Kasturba Road,IPL Match: RCB vs MI,31381,105250,12.43,2.74,114.36,1,151.24,79.82,71.29,90.22,2406,Clear,Yes,High,93,"IPL Match at Chinnaswamy Stadium (RCB vs MI, 31,381 spectators). Heavy crowd movement on Kasturba Road during peak match hours (17:00). Road DNA: 93. Reroute via Richmond Road flyover."
2025-05-05,20,5,Chinnaswamy Stadium Zone,Kasturba Road,IPL Match: RCB vs MI,34628,91735,8.69,3.78,92.56,1,140.26,79.44,77.59,89.04,2517,Light Rain,Yes,Severe,84,"IPL Match at Chinnaswamy Stadium (RCB vs MI, 34,628 spectators). Heavy crowd movement on Kasturba Road during peak match hours (20:00). Road DNA: 84. Reroute via Richmond Road flyover."
2025-05-01,17,5,Chinnaswamy Stadium Zone,Cubbon Road,IPL Match: RCB vs LSG,28548,123774,13.78,4.13,111.38,2,187.22,86.72,86.55,91.51,1309,Light Rain,Yes,Severe,81,"IPL Match at Chinnaswamy Stadium (RCB vs LSG, 28,548 spectators). Heavy crowd movement on Cubbon Road during peak match hours (17:00). Road DNA: 81. Reroute via Richmond Road flyover."
2025-04-17,21,4,Chinnaswamy Stadium Zone,Richmond Road,IPL Match: RCB vs DC,30766,58181,17.24,2.38,89.27,3,146.79,64.02,75.08,99.81,1129,Clear,No,Medium,68,"IPL Match at Chinnaswamy Stadium (RCB vs DC, 30,766 spectators). Heavy crowd movement on Richmond Road during peak match hours (21:00). Road DNA: 68. Reroute via Richmond Road flyover."
2025-03-03,20,3,Chinnaswamy Stadium Zone,Residency Road,IPL Match: RCB vs DC,28054,120568,9.08,3.59,113.64,1,168.48,62.21,70.8,93.5,2516,Heavy Rain,Yes,Severe,84,"IPL Match at Chinnaswamy Stadium (RCB vs DC, 28,054 spectators). Heavy crowd movement on Residency Road during peak match hours (20:00). Road DNA: 84. Reroute via Richmond Road flyover."
2025-05-07,20,5,Chinnaswamy Stadium Zone,Residency Road,IPL Match: RCB vs SRH,34156,70627,18.24,2.13,86.7,1,141.4,89.09,75.11,93.32,2302,Clear,Yes,Medium,62,"IPL Match at Chinnaswamy Stadium (RCB vs SRH, 34,156 spectators). Heavy crowd movement on Residency Road during peak match hours (20:00). Road DNA: 62. Reroute via Richmond Road flyover."
2025-05-28,19,5,Chinnaswamy Stadium Zone,Infant Jesus Church Junction,IPL Match: RCB vs GT,34710,110582,7.11,3.17,103.76,0,164.38,74.52,70.68,93.49,2315,Light Rain,Yes,Severe,87,"IPL Match at Chinnaswamy Stadium (RCB vs GT, 34,710 spectators). Heavy crowd movement on Infant Jesus Church Junction during peak match hours (19:00). Road DNA: 87. Reroute via Richmond Road flyover."
2025-04-01,21,4,Chinnaswamy Stadium Zone,Kasturba Road,IPL Match: RCB vs MI,30337,62631,21.2,2.11,74.95,1,176.23,70.18,78.67,85.49,2420,Clear,No,Medium,55,"IPL Match at Chinnaswamy Stadium (RCB vs MI, 30,337 spectators). Heavy crowd movement on Kasturba Road during peak match hours (21:00). Road DNA: 55. Reroute via Richmond Road flyover."
2025-03-01,18,3,Chinnaswamy Stadium Zone,Richmond Road,IPL Match: RCB vs KKR,33979,115938,8.45,4.05,113.15,2,161.83,85.14,86.4,91.91,2204,Clear,No,High,89,"IPL Match at Chinnaswamy Stadium (RCB vs KKR, 33,979 spectators). Heavy crowd movement on Richmond Road during peak match hours (18:00). Road DNA: 89. Reroute via Richmond Road flyover."
2025-05-02,20,5,Chinnaswamy Stadium Zone,MG Road,IPL Match: RCB vs CSK,28787,59330,15.54,1.77,77.69,1,180.59,71.35,85.46,98.16,1062,Clear,Yes,Medium,64,"IPL Match at Chinnaswamy Stadium (RCB vs CSK, 28,787 spectators). Heavy crowd movement on MG Road during peak match hours (20:00). Road DNA: 64. Reroute via Richmond Road flyover."
2025-03-15,17,3,Chinnaswamy Stadium Zone,Residency Road,IPL Match: RCB vs RR,31467,96641,10.2,4.24,105.33,0,143.87,70.63,84.13,94.8,3002,Light Rain,No,Severe,94,"IPL Match at Chinnaswamy Stadium (RCB vs RR, 31,467 spectators). Heavy crowd movement on Residency Road during peak match hours (17:00). Road DNA: 94. Reroute via Richmond Road flyover."
2025-05-02,21,5,Chinnaswamy Stadium Zone,Cubbon Road,IPL Match: RCB vs CSK,29446,99677,8.76,2.93,101.49,3,187.65,77.27,73.7,99.5,1999,Heavy Rain,Yes,Severe,79,"IPL Match at Chinnaswamy Stadium (RCB vs CSK, 29,446 spectators). Heavy crowd movement on Cubbon Road during peak match hours (21:00). Road DNA: 79. Reroute via Richmond Road flyover."
2025-05-18,20,5,Chinnaswamy Stadium Zone,Infant Jesus Church Junction,IPL Match: RCB vs KKR,31129,79157,16.97,1.65,75.81,4,130.52,67.48,70.93,85.75,1970,Thunderstorm,No,Medium,74,"IPL Match at Chinnaswamy Stadium (RCB vs KKR, 31,129 spectators). Heavy crowd movement on Infant Jesus Church Junction during peak match hours (20:00). Road DNA: 74. Reroute via Richmond Road flyover."
2025-04-21,23,4,Chinnaswamy Stadium Zone,Infant Jesus Church Junction,IPL Match: RCB vs SRH,31472,120453,12.36,3.26,114.31,2,140.72,78.28,83.44,94.81,1932,Clear,No,High,83,"IPL Match at Chinnaswamy Stadium (RCB vs SRH, 31,472 spectators). Heavy crowd movement on Infant Jesus Church Junction during peak match hours (23:00). Road DNA: 83. Reroute via Richmond Road flyover."
2025-03-23,23,3,Chinnaswamy Stadium Zone,MG Road,IPL Match: RCB vs MI,31421,87535,13.38,3.49,110.05,3,129.81,69.02,70.78,86.17,2089,Clear,No,High,82,"IPL Match at Chinnaswamy Stadium (RCB vs MI, 31,421 spectators). Heavy crowd movement on MG Road during peak match hours (23:00). Road DNA: 82. Reroute via Richmond Road flyover."
2025-05-14,22,5,Chinnaswamy Stadium Zone,Kasturba Road,IPL Match: RCB vs CSK,34222,97841,12.8,3.15,108.4,0,167.77,72.86,73.95,88.75,1448,Heavy Rain,Yes,Severe,88,"IPL Match at Chinnaswamy Stadium (RCB vs CSK, 34,222 spectators). Heavy crowd movement on Kasturba Road during peak match hours (22:00). Road DNA: 88. Reroute via Richmond Road flyover."
2025-04-25,16,4,Chinnaswamy Stadium Zone,Cubbon Road,IPL Match: RCB vs DC,33279,65651,18.87,1.88,78.41,4,186.89,73.73,73.6,94.26,3459,Thunderstorm,No,Medium,57,"IPL Match at Chinnaswamy Stadium (RCB vs DC, 33,279 spectators). Heavy crowd movement on Cubbon Road during peak match hours (16:00). Road DNA: 57. Reroute via Richmond Road flyover."
2025-04-04,22,4,Chinnaswamy Stadium Zone,Infant Jesus Church Junction,IPL Match: RCB vs LSG,29662,92821,11.11,2.75,100.2,1,127.5,72.03,83.6,87.43,1001,Light Rain,Yes,Severe,91,"IPL Match at Chinnaswamy Stadium (RCB vs LSG, 29,662 spectators). Heavy crowd movement on Infant Jesus Church Junction during peak match hours (22:00). Road DNA: 91. Reroute via Richmond Road flyover."
2025-03-06,21,3,Chinnaswamy Stadium Zone,Infant Jesus Church Junction,IPL Match: RCB vs RR,33470,80705,22.6,2.09,83.42,2,163.36,77.25,73.3,91.87,1707,Thunderstorm,No,Medium,68,"IPL Match at Chinnaswamy Stadium (RCB vs RR, 33,470 spectators). Heavy crowd movement on Infant Jesus Church Junction during peak match hours (21:00). Road DNA: 68. Reroute via Richmond Road flyover."
2025-03-18,18,3,Chinnaswamy Stadium Zone,MG Road,IPL Match: RCB vs RR,28889,85870,11.29,3.0,102.71,2,178.81,89.23,74.19,89.31,3037,Light Rain,Yes,Severe,94,"IPL Match at Chinnaswamy Stadium (RCB vs RR, 28,889 spectators). Heavy crowd movement on MG Road during peak match hours (18:00). Road DNA: 94. Reroute via Richmond Road flyover."
2025-04-22,20,4,Chinnaswamy Stadium Zone,Kasturba Road,IPL Match: RCB vs RR,34373,93207,11.08,3.5,109.14,4,187.07,60.3,81.44,88.13,2865,Heavy Rain,No,Severe,93,"IPL Match at Chinnaswamy Stadium (RCB vs RR, 34,373 spectators). Heavy crowd movement on Kasturba Road during peak match hours (20:00). Road DNA: 93. Reroute via Richmond Road flyover."
2025-05-12,23,5,Chinnaswamy Stadium Zone,Residency Road,IPL Match: RCB vs CSK,29238,115109,8.34,3.05,109.7,1,130.93,86.24,71.83,96.34,2345,Thunderstorm,Yes,High,80,"IPL Match at Chinnaswamy Stadium (RCB vs CSK, 29,238 spectators). Heavy crowd movement on Residency Road during peak match hours (23:00). Road DNA: 80. Reroute via Richmond Road flyover."
2025-05-08,18,5,Chinnaswamy Stadium Zone,Richmond Road,IPL Match: RCB vs MI,29441,100545,9.7,3.02,93.15,4,163.73,62.36,76.69,93.22,1706,Clear,Yes,High,87,"IPL Match at Chinnaswamy Stadium (RCB vs MI, 29,441 spectators). Heavy crowd movement on Richmond Road during peak match hours (18:00). Road DNA: 87. Reroute via Richmond Road flyover."
2025-05-20,21,5,Chinnaswamy Stadium Zone,Cubbon Road,IPL Match: RCB vs MI,32237,77824,17.69,1.83,77.93,0,128.62,71.74,77.35,98.8,2414,Clear,Yes,Medium,61,"IPL Match at Chinnaswamy Stadium (RCB vs MI, 32,237 spectators). Heavy crowd movement on Cubbon Road during peak match hours (21:00). Road DNA: 61. Reroute via Richmond Road flyover."
2025-03-01,21,3,Chinnaswamy Stadium Zone,Infant Jesus Church Junction,IPL Match: RCB vs GT,28977,92852,10.96,2.54,100.66,1,146.61,73.91,84.41,89.91,1870,Heavy Rain,Yes,Severe,90,"IPL Match at Chinnaswamy Stadium (RCB vs GT, 28,977 spectators). Heavy crowd movement on Infant Jesus Church Junction during peak match hours (21:00). Road DNA: 90. Reroute via Richmond Road flyover."
2025-05-08,19,5,Chinnaswamy Stadium Zone,Residency Road,IPL Match: RCB vs LSG,32929,120155,10.05,4.21,100.82,3,165.37,62.43,79.57,86.57,3302,Clear,No,High,81,"IPL Match at Chinnaswamy Stadium (RCB vs LSG, 32,929 spectators). Heavy crowd movement on Residency Road during peak match hours (19:00). Road DNA: 81. Reroute via Richmond Road flyover."
2025-03-13,21,3,Chinnaswamy Stadium Zone,Kasturba Road,IPL Match: RCB vs MI,30882,85418,12.1,2.87,104.3,2,180.89,89.38,81.13,85.62,902,Heavy Rain,Yes,Severe,86,"IPL Match at Chinnaswamy Stadium (RCB vs MI, 30,882 spectators). Heavy crowd movement on Kasturba Road during peak match hours (21:00). Road DNA: 86. Reroute via Richmond Road flyover."
2025-04-21,22,4,Chinnaswamy Stadium Zone,Residency Road,IPL Match: RCB vs CSK,32660,107398,9.3,4.31,114.41,0,189.21,81.17,70.15,88.44,815,Light Rain,Yes,Severe,89,"IPL Match at Chinnaswamy Stadium (RCB vs CSK, 32,660 spectators). Heavy crowd movement on Residency Road during peak match hours (22:00). Road DNA: 89. Reroute via Richmond Road flyover."
2025-05-21,20,5,Chinnaswamy Stadium Zone,Cubbon Road,IPL Match: RCB vs LSG,29177,57917,16.13,2.01,74.16,2,121.23,74.4,77.33,99.16,3094,Thunderstorm,Yes,Medium,55,"IPL Match at Chinnaswamy Stadium (RCB vs LSG, 29,177 spectators). Heavy crowd movement on Cubbon Road during peak match hours (20:00). Road DNA: 55. Reroute via Richmond Road flyover."
2025-05-21,20,5,Chinnaswamy Stadium Zone,Residency Road,IPL Match: RCB vs MI,29232,65874,16.16,1.62,89.59,3,183.74,73.58,73.87,86.37,2942,Thunderstorm,Yes,Medium,55,"IPL Match at Chinnaswamy Stadium (RCB vs MI, 29,232 spectators). Heavy crowd movement on Residency Road during peak match hours (20:00). Road DNA: 55. Reroute via Richmond Road flyover."
2025-05-28,17,5,Chinnaswamy Stadium Zone,Residency Road,IPL Match: RCB vs DC,30559,103550,11.31,3.56,104.14,1,132.03,66.12,82.35,85.21,3478,Heavy Rain,Yes,Severe,81,"IPL Match at Chinnaswamy Stadium (RCB vs DC, 30,559 spectators). Heavy crowd movement on Residency Road during peak match hours (17:00). Road DNA: 81. Reroute via Richmond Road flyover."
2025-03-28,18,3,Chinnaswamy Stadium Zone,Infant Jesus Church Junction,IPL Match: RCB vs LSG,29528,103115,10.48,3.34,102.23,4,141.0,74.93,74.95,96.25,870,Light Rain,No,Severe,82,"IPL Match at Chinnaswamy Stadium (RCB vs LSG, 29,528 spectators). Heavy crowd movement on Infant Jesus Church Junction during peak match hours (18:00). Road DNA: 82. Reroute via Richmond Road flyover."
2025-04-13,23,4,Chinnaswamy Stadium Zone,Residency Road,IPL Match: RCB vs RR,34268,91337,11.77,3.99,96.33,3,149.05,85.26,89.87,96.05,2467,Thunderstorm,Yes,High,95,"IPL Match at Chinnaswamy Stadium (RCB vs RR, 34,268 spectators). Heavy crowd movement on Residency Road during peak match hours (23:00). Road DNA: 95. Reroute via Richmond Road flyover."
2025-04-15,23,4,Chinnaswamy Stadium Zone,Residency Road,IPL Match: RCB vs RR,34811,123331,7.44,4.34,111.09,3,164.06,79.97,73.39,93.66,3031,Clear,Yes,High,81,"IPL Match at Chinnaswamy Stadium (RCB vs RR, 34,811 spectators). Heavy crowd movement on Residency Road during peak match hours (23:00). Road DNA: 81. Reroute via Richmond Road flyover."
2025-04-23,18,4,Chinnaswamy Stadium Zone,Kasturba Road,IPL Match: RCB vs DC,28975,122282,9.68,3.53,107.81,1,142.26,78.92,82.06,85.73,878,Clear,No,High,82,"IPL Match at Chinnaswamy Stadium (RCB vs DC, 28,975 spectators). Heavy crowd movement on Kasturba Road during peak match hours (18:00). Road DNA: 82. Reroute via Richmond Road flyover."
2025-04-28,16,4,Chinnaswamy Stadium Zone,Richmond Road,IPL Match: RCB vs KKR,28821,82144,15.76,1.84,76.39,1,164.69,70.03,73.31,95.22,1391,Thunderstorm,No,Medium,65,"IPL Match at Chinnaswamy Stadium (RCB vs KKR, 28,821 spectators). Heavy crowd movement on Richmond Road during peak match hours (16:00). Road DNA: 65. Reroute via Richmond Road flyover."
2025-04-09,22,4,Chinnaswamy Stadium Zone,Infant Jesus Church Junction,IPL Match: RCB vs MI,32871,117317,7.53,4.08,112.39,1,127.76,86.6,86.8,87.41,1146,Thunderstorm,Yes,High,78,"IPL Match at Chinnaswamy Stadium (RCB vs MI, 32,871 spectators). Heavy crowd movement on Infant Jesus Church Junction during peak match hours (22:00). Road DNA: 78. Reroute via Richmond Road flyover."
2025-05-08,22,5,Chinnaswamy Stadium Zone,Residency Road,IPL Match: RCB vs MI,28789,113081,10.9,4.4,104.49,1,186.81,67.17,73.51,99.7,1793,Light Rain,No,Severe,93,"IPL Match at Chinnaswamy Stadium (RCB vs MI, 28,789 spectators). Heavy crowd movement on Residency Road during peak match hours (22:00). Road DNA: 93. Reroute via Richmond Road flyover."
2025-05-27,19,5,Chinnaswamy Stadium Zone,Residency Road,IPL Match: RCB vs RR,30211,101801,8.96,3.31,107.48,4,151.17,69.22,73.61,99.7,2543,Light Rain,Yes,Severe,79,"IPL Match at Chinnaswamy Stadium (RCB vs RR, 30,211 spectators). Heavy crowd movement on Residency Road during peak match hours (19:00). Road DNA: 79. Reroute via Richmond Road flyover."
2025-04-02,18,4,Chinnaswamy Stadium Zone,Infant Jesus Church Junction,IPL Match: RCB vs CSK,29542,129630,9.5,2.57,100.97,0,179.21,73.7,77.88,85.59,3202,Thunderstorm,No,High,95,"IPL Match at Chinnaswamy Stadium (RCB vs CSK, 29,542 spectators). Heavy crowd movement on Infant Jesus Church Junction during peak match hours (18:00). Road DNA: 95. Reroute via Richmond Road flyover."
2025-05-17,22,5,Chinnaswamy Stadium Zone,Cubbon Road,IPL Match: RCB vs SRH,31701,101215,7.93,4.24,106.26,3,158.52,74.68,83.86,91.36,3013,Clear,No,High,81,"IPL Match at Chinnaswamy Stadium (RCB vs SRH, 31,701 spectators). Heavy crowd movement on Cubbon Road during peak match hours (22:00). Road DNA: 81. Reroute via Richmond Road flyover."
2025-03-16,21,3,Chinnaswamy Stadium Zone,MG Road,IPL Match: RCB vs RR,31823,69012,24.49,2.35,90.57,4,182.04,84.74,73.56,96.38,820,Thunderstorm,Yes,Medium,56,"IPL Match at Chinnaswamy Stadium (RCB vs RR, 31,823 spectators). Heavy crowd movement on MG Road during peak match hours (21:00). Road DNA: 56. Reroute via Richmond Road flyover."
2025-04-24,18,4,Chinnaswamy Stadium Zone,MG Road,IPL Match: RCB vs MI,34047,129145,9.19,3.21,106.81,1,144.19,71.36,80.86,91.41,881,Thunderstorm,No,High,90,"IPL Match at Chinnaswamy Stadium (RCB vs MI, 34,047 spectators). Heavy crowd movement on MG Road during peak match hours (18:00). Road DNA: 90. Reroute via Richmond Road flyover."
2025-05-28,20,5,Chinnaswamy Stadium Zone,MG Road,IPL Match: RCB vs KKR,30164,94889,11.5,4.43,109.42,0,135.45,72.74,89.57,85.68,1338,Heavy Rain,Yes,Severe,81,"IPL Match at Chinnaswamy Stadium (RCB vs KKR, 30,164 spectators). Heavy crowd movement on MG Road during peak match hours (20:00). Road DNA: 81. Reroute via Richmond Road flyover."
2025-03-19,22,3,Chinnaswamy Stadium Zone,Kasturba Road,IPL Match: RCB vs RR,29005,91267,10.57,3.41,97.6,4,145.03,71.4,83.69,86.78,1059,Heavy Rain,No,Severe,86,"IPL Match at Chinnaswamy Stadium (RCB vs RR, 29,005 spectators). Heavy crowd movement on Kasturba Road during peak match hours (22:00). Road DNA: 86. Reroute via Richmond Road flyover."
2025-04-25,21,4,Chinnaswamy Stadium Zone,Residency Road,IPL Match: RCB vs DC,31759,93338,10.11,2.78,97.17,1,177.52,61.04,84.83,86.25,3170,Heavy Rain,No,Severe,83,"IPL Match at Chinnaswamy Stadium (RCB vs DC, 31,759 spectators). Heavy crowd movement on Residency Road during peak match hours (21:00). Road DNA: 83. Reroute via Richmond Road flyover."
2025-05-19,18,5,Chinnaswamy Stadium Zone,Cubbon Road,IPL Match: RCB vs KKR,32543,86877,11.2,2.7,108.25,0,167.62,83.73,77.95,86.43,2275,Light Rain,Yes,Severe,89,"IPL Match at Chinnaswamy Stadium (RCB vs KKR, 32,543 spectators). Heavy crowd movement on Cubbon Road during peak match hours (18:00). Road DNA: 89. Reroute via Richmond Road flyover."
2025-03-18,23,3,Chinnaswamy Stadium Zone,Richmond Road,IPL Match: RCB vs LSG,32711,121307,12.58,2.9,93.27,4,157.51,80.31,87.25,98.78,1181,Heavy Rain,Yes,Severe,81,"IPL Match at Chinnaswamy Stadium (RCB vs LSG, 32,711 spectators). Heavy crowd movement on Richmond Road during peak match hours (23:00). Road DNA: 81. Reroute via Richmond Road flyover."
2025-03-04,22,3,Chinnaswamy Stadium Zone,MG Road,IPL Match: RCB vs MI,28538,102647,13.71,4.23,95.43,0,184.8,75.51,82.25,86.21,2591,Heavy Rain,No,Severe,92,"IPL Match at Chinnaswamy Stadium (RCB vs MI, 28,538 spectators). Heavy crowd movement on MG Road during peak match hours (22:00). Road DNA: 92. Reroute via Richmond Road flyover."
2025-05-21,17,5,Chinnaswamy Stadium Zone,Cubbon Road,IPL Match: RCB vs SRH,30579,95080,8.72,4.3,106.92,1,152.3,88.79,83.65,90.73,2927,Light Rain,Yes,Severe,93,"IPL Match at Chinnaswamy Stadium (RCB vs SRH, 30,579 spectators). Heavy crowd movement on Cubbon Road during peak match hours (17:00). Road DNA: 93. Reroute via Richmond Road flyover."
2025-03-28,17,3,Chinnaswamy Stadium Zone,MG Road,IPL Match: RCB vs KKR,32874,100264,11.65,3.93,113.51,4,149.08,86.34,74.05,87.99,3155,Clear,Yes,High,92,"IPL Match at Chinnaswamy Stadium (RCB vs KKR, 32,874 spectators). Heavy crowd movement on MG Road during peak match hours (17:00). Road DNA: 92. Reroute via Richmond Road flyover."
2025-04-28,19,4,Chinnaswamy Stadium Zone,Kasturba Road,IPL Match: RCB vs KKR,31315,92025,9.02,3.35,95.68,3,161.85,60.91,79.43,98.28,2629,Thunderstorm,Yes,High,81,"IPL Match at Chinnaswamy Stadium (RCB vs KKR, 31,315 spectators). Heavy crowd movement on Kasturba Road during peak match hours (19:00). Road DNA: 81. Reroute via Richmond Road flyover."
2025-04-27,22,4,Chinnaswamy Stadium Zone,Richmond Road,IPL Match: RCB vs RR,33393,89360,7.03,3.98,101.75,1,122.46,85.53,81.19,87.15,1972,Heavy Rain,Yes,Severe,79,"IPL Match at Chinnaswamy Stadium (RCB vs RR, 33,393 spectators). Heavy crowd movement on Richmond Road during peak match hours (22:00). Road DNA: 79. Reroute via Richmond Road flyover."
2025-04-26,17,4,Chinnaswamy Stadium Zone,MG Road,IPL Match: RCB vs GT,30311,85488,9.03,3.03,105.93,2,121.26,71.1,83.43,92.16,2493,Clear,No,High,94,"IPL Match at Chinnaswamy Stadium (RCB vs GT, 30,311 spectators). Heavy crowd movement on MG Road during peak match hours (17:00). Road DNA: 94. Reroute via Richmond Road flyover."
2025-03-20,21,3,Chinnaswamy Stadium Zone,Kasturba Road,IPL Match: RCB vs DC,33914,63691,20.02,2.13,78.47,3,166.78,64.54,80.45,92.48,1230,Thunderstorm,Yes,Medium,66,"IPL Match at Chinnaswamy Stadium (RCB vs DC, 33,914 spectators). Heavy crowd movement on Kasturba Road during peak match hours (21:00). Road DNA: 66. Reroute via Richmond Road flyover."
2025-05-21,16,5,Chinnaswamy Stadium Zone,Residency Road,IPL Match: RCB vs KKR,28121,74387,18.08,2.26,81.35,1,150.13,84.04,77.64,90.03,1178,Clear,No,Medium,62,"IPL Match at Chinnaswamy Stadium (RCB vs KKR, 28,121 spectators). Heavy crowd movement on Residency Road during peak match hours (16:00). Road DNA: 62. Reroute via Richmond Road flyover."
2025-05-17,21,5,Chinnaswamy Stadium Zone,Residency Road,IPL Match: RCB vs LSG,33367,76824,17.68,2.32,75.16,3,153.66,69.95,81.91,86.64,1966,Clear,Yes,Medium,65,"IPL Match at Chinnaswamy Stadium (RCB vs LSG, 33,367 spectators). Heavy crowd movement on Residency Road during peak match hours (21:00). Road DNA: 65. Reroute via Richmond Road flyover."
2025-04-18,22,4,Chinnaswamy Stadium Zone,Kasturba Road,IPL Match: RCB vs KKR,29126,96797,8.19,4.13,102.47,0,164.41,71.51,83.68,87.94,1232,Heavy Rain,Yes,Severe,85,"IPL Match at Chinnaswamy Stadium (RCB vs KKR, 29,126 spectators). Heavy crowd movement on Kasturba Road during peak match hours (22:00). Road DNA: 85. Reroute via Richmond Road flyover."
2025-04-04,18,4,Chinnaswamy Stadium Zone,MG Road,IPL Match: RCB vs CSK,28707,86529,13.48,4.31,110.77,0,185.88,77.95,85.88,98.33,1013,Heavy Rain,Yes,Severe,88,"IPL Match at Chinnaswamy Stadium (RCB vs CSK, 28,707 spectators). Heavy crowd movement on MG Road during peak match hours (18:00). Road DNA: 88. Reroute via Richmond Road flyover."
2025-05-12,23,5,Chinnaswamy Stadium Zone,Cubbon Road,IPL Match: RCB vs SRH,31671,103916,11.63,3.44,103.28,1,135.43,75.1,82.46,88.75,3178,Heavy Rain,Yes,Severe,94,"IPL Match at Chinnaswamy Stadium (RCB vs SRH, 31,671 spectators). Heavy crowd movement on Cubbon Road during peak match hours (23:00). Road DNA: 94. Reroute via Richmond Road flyover."
2025-04-03,20,4,Chinnaswamy Stadium Zone,MG Road,IPL Match: RCB vs DC,34241,64985,22.9,1.87,76.31,2,140.93,84.98,73.19,96.87,3482,Thunderstorm,No,Medium,63,"IPL Match at Chinnaswamy Stadium (RCB vs DC, 34,241 spectators). Heavy crowd movement on MG Road during peak match hours (20:00). Road DNA: 63. Reroute via Richmond Road flyover."
2025-03-20,22,3,Chinnaswamy Stadium Zone,Richmond Road,IPL Match: RCB vs MI,33936,95360,11.01,4.31,99.62,1,143.66,66.16,82.46,85.54,1002,Heavy Rain,Yes,Severe,86,"IPL Match at Chinnaswamy Stadium (RCB vs MI, 33,936 spectators). Heavy crowd movement on Richmond Road during peak match hours (22:00). Road DNA: 86. Reroute via Richmond Road flyover."
2025-03-01,21,3,Chinnaswamy Stadium Zone,Cubbon Road,IPL Match: RCB vs LSG,32701,104795,10.69,2.69,104.9,1,125.84,72.01,75.97,85.12,2828,Heavy Rain,Yes,Severe,90,"IPL Match at Chinnaswamy Stadium (RCB vs LSG, 32,701 spectators). Heavy crowd movement on Cubbon Road during peak match hours (21:00). Road DNA: 90. Reroute via Richmond Road flyover."
2025-03-22,22,3,Chinnaswamy Stadium Zone,Infant Jesus Church Junction,IPL Match: RCB vs KKR,30511,87863,7.09,4.21,102.65,1,177.79,77.75,80.65,91.53,2785,Thunderstorm,Yes,High,83,"IPL Match at Chinnaswamy Stadium (RCB vs KKR, 30,511 spectators). Heavy crowd movement on Infant Jesus Church Junction during peak match hours (22:00). Road DNA: 83. Reroute via Richmond Road flyover."
2025-04-20,23,4,Chinnaswamy Stadium Zone,Residency Road,IPL Match: RCB vs LSG,33485,90125,10.95,3.51,92.59,4,152.9,76.86,81.48,87.39,2776,Thunderstorm,Yes,High,84,"IPL Match at Chinnaswamy Stadium (RCB vs LSG, 33,485 spectators). Heavy crowd movement on Residency Road during peak match hours (23:00). Road DNA: 84. Reroute via Richmond Road flyover."
2025-03-06,23,3,Chinnaswamy Stadium Zone,MG Road,IPL Match: RCB vs CSK,34342,116503,11.85,4.41,94.31,0,156.35,69.42,87.14,89.29,2404,Light Rain,Yes,Severe,87,"IPL Match at Chinnaswamy Stadium (RCB vs CSK, 34,342 spectators). Heavy crowd movement on MG Road during peak match hours (23:00). Road DNA: 87. Reroute via Richmond Road flyover."
2025-04-04,23,4,Chinnaswamy Stadium Zone,Kasturba Road,IPL Match: RCB vs LSG,30853,123255,12.71,3.91,92.76,1,127.92,84.46,84.48,96.89,2503,Light Rain,Yes,Severe,84,"IPL Match at Chinnaswamy Stadium (RCB vs LSG, 30,853 spectators). Heavy crowd movement on Kasturba Road during peak match hours (23:00). Road DNA: 84. Reroute via Richmond Road flyover."
2025-04-25,21,4,Chinnaswamy Stadium Zone,Cubbon Road,IPL Match: RCB vs RR,31639,83064,21.18,1.76,88.72,0,140.02,68.83,70.49,86.22,3068,Clear,Yes,Medium,61,"IPL Match at Chinnaswamy Stadium (RCB vs RR, 31,639 spectators). Heavy crowd movement on Cubbon Road during peak match hours (21:00). Road DNA: 61. Reroute via Richmond Road flyover."
2025-05-09,18,5,Chinnaswamy Stadium Zone,Infant Jesus Church Junction,IPL Match: RCB vs KKR,29992,104305,9.89,3.67,114.72,1,170.22,68.38,72.52,91.55,2109,Light Rain,Yes,Severe,90,"IPL Match at Chinnaswamy Stadium (RCB vs KKR, 29,992 spectators). Heavy crowd movement on Infant Jesus Church Junction during peak match hours (18:00). Road DNA: 90. Reroute via Richmond Road flyover."
2025-05-22,21,5,Chinnaswamy Stadium Zone,Cubbon Road,IPL Match: RCB vs SRH,32704,113571,11.08,3.09,111.9,0,182.23,84.12,71.65,90.78,1810,Light Rain,Yes,Severe,90,"IPL Match at Chinnaswamy Stadium (RCB vs SRH, 32,704 spectators). Heavy crowd movement on Cubbon Road during peak match hours (21:00). Road DNA: 90. Reroute via Richmond Road flyover."
2025-04-05,23,4,Chinnaswamy Stadium Zone,MG Road,IPL Match: RCB vs MI,28512,104938,10.06,4.49,104.74,1,172.28,75.6,84.13,99.8,2523,Thunderstorm,No,High,88,"IPL Match at Chinnaswamy Stadium (RCB vs MI, 28,512 spectators). Heavy crowd movement on MG Road during peak match hours (23:00). Road DNA: 88. Reroute via Richmond Road flyover."
2025-03-02,16,3,Chinnaswamy Stadium Zone,Cubbon Road,IPL Match: RCB vs GT,30062,127618,10.59,3.51,113.14,3,139.85,71.96,87.41,95.72,2748,Light Rain,Yes,Severe,91,"IPL Match at Chinnaswamy Stadium (RCB vs GT, 30,062 spectators). Heavy crowd movement on Cubbon Road during peak match hours (16:00). Road DNA: 91. Reroute via Richmond Road flyover."
2025-05-22,18,5,Chinnaswamy Stadium Zone,Kasturba Road,IPL Match: RCB vs CSK,28843,101664,13.63,3.77,97.38,2,139.91,66.47,79.5,98.2,2225,Light Rain,Yes,Severe,89,"IPL Match at Chinnaswamy Stadium (RCB vs CSK, 28,843 spectators). Heavy crowd movement on Kasturba Road during peak match hours (18:00). Road DNA: 89. Reroute via Richmond Road flyover."
2025-05-08,17,5,Chinnaswamy Stadium Zone,Infant Jesus Church Junction,IPL Match: RCB vs MI,32581,120866,13.16,3.74,100.59,1,143.9,86.85,84.62,90.75,3313,Light Rain,Yes,Severe,84,"IPL Match at Chinnaswamy Stadium (RCB vs MI, 32,581 spectators). Heavy crowd movement on Infant Jesus Church Junction during peak match hours (17:00). Road DNA: 84. Reroute via Richmond Road flyover."
2025-05-11,22,5,Chinnaswamy Stadium Zone,Residency Road,IPL Match: RCB vs GT,30326,86213,9.83,3.75,112.83,0,149.18,68.11,79.61,92.28,1794,Light Rain,No,Severe,88,"IPL Match at Chinnaswamy Stadium (RCB vs GT, 30,326 spectators). Heavy crowd movement on Residency Road during peak match hours (22:00). Road DNA: 88. Reroute via Richmond Road flyover."
2025-04-19,21,4,Chinnaswamy Stadium Zone,Cubbon Road,IPL Match: RCB vs SRH,31037,93354,11.48,4.48,97.94,1,179.75,84.51,84.28,89.86,2147,Heavy Rain,Yes,Severe,93,"IPL Match at Chinnaswamy Stadium (RCB vs SRH, 31,037 spectators). Heavy crowd movement on Cubbon Road during peak match hours (21:00). Road DNA: 93. Reroute via Richmond Road flyover."
2025-05-16,23,5,Chinnaswamy Stadium Zone,Kasturba Road,IPL Match: RCB vs RR,34784,119656,10.08,3.35,111.11,4,152.22,89.32,74.64,91.48,1884,Thunderstorm,No,High,88,"IPL Match at Chinnaswamy Stadium (RCB vs RR, 34,784 spectators). Heavy crowd movement on Kasturba Road during peak match hours (23:00). Road DNA: 88. Reroute via Richmond Road flyover."
2025-04-03,20,4,Chinnaswamy Stadium Zone,Infant Jesus Church Junction,IPL Match: RCB vs DC,28017,73468,18.32,2.09,70.63,0,129.1,82.34,78.8,97.33,1979,Thunderstorm,No,Medium,58,"IPL Match at Chinnaswamy Stadium (RCB vs DC, 28,017 spectators). Heavy crowd movement on Infant Jesus Church Junction during peak match hours (20:00). Road DNA: 58. Reroute via Richmond Road flyover."
2025-04-02,19,4,Chinnaswamy Stadium Zone,Cubbon Road,IPL Match: RCB vs KKR,31170,115578,8.5,3.72,96.87,2,183.74,60.58,72.68,98.48,1159,Thunderstorm,Yes,High,82,"IPL Match at Chinnaswamy Stadium (RCB vs KKR, 31,170 spectators). Heavy crowd movement on Cubbon Road during peak match hours (19:00). Road DNA: 82. Reroute via Richmond Road flyover."
2025-04-04,20,4,Chinnaswamy Stadium Zone,Kasturba Road,IPL Match: RCB vs DC,33675,91975,7.3,2.62,113.14,1,181.22,79.77,76.45,94.42,2136,Light Rain,Yes,Severe,88,"IPL Match at Chinnaswamy Stadium (RCB vs DC, 33,675 spectators). Heavy crowd movement on Kasturba Road during peak match hours (20:00). Road DNA: 88. Reroute via Richmond Road flyover."
2025-04-06,21,4,Chinnaswamy Stadium Zone,Kasturba Road,IPL Match: RCB vs CSK,34950,73095,19.98,2.26,76.89,1,149.88,65.41,82.07,88.99,1842,Clear,Yes,Medium,69,"IPL Match at Chinnaswamy Stadium (RCB vs CSK, 34,950 spectators). Heavy crowd movement on Kasturba Road during peak match hours (21:00). Road DNA: 69. Reroute via Richmond Road flyover."
2025-04-24,19,4,Chinnaswamy Stadium Zone,MG Road,IPL Match: RCB vs LSG,29053,127802,7.2,3.97,112.39,2,163.32,70.0,83.14,94.34,862,Clear,Yes,High,92,"IPL Match at Chinnaswamy Stadium (RCB vs LSG, 29,053 spectators). Heavy crowd movement on MG Road during peak match hours (19:00). Road DNA: 92. Reroute via Richmond Road flyover."
2025-05-07,23,5,Chinnaswamy Stadium Zone,Richmond Road,IPL Match: RCB vs KKR,30180,111955,7.85,2.89,95.4,2,144.55,67.93,88.98,89.88,1677,Heavy Rain,No,Severe,80,"IPL Match at Chinnaswamy Stadium (RCB vs KKR, 30,180 spectators). Heavy crowd movement on Richmond Road during peak match hours (23:00). Road DNA: 80. Reroute via Richmond Road flyover."
2025-05-25,21,5,Chinnaswamy Stadium Zone,Kasturba Road,IPL Match: RCB vs MI,33018,100760,9.01,3.42,103.18,1,187.5,73.57,85.35,92.85,2914,Heavy Rain,Yes,Severe,87,"IPL Match at Chinnaswamy Stadium (RCB vs MI, 33,018 spectators). Heavy crowd movement on Kasturba Road during peak match hours (21:00). Road DNA: 87. Reroute via Richmond Road flyover."
2025-04-14,17,4,Chinnaswamy Stadium Zone,Residency Road,IPL Match: RCB vs SRH,32510,127799,10.78,3.67,106.73,2,138.47,68.09,86.15,85.82,1187,Light Rain,Yes,Severe,82,"IPL Match at Chinnaswamy Stadium (RCB vs SRH, 32,510 spectators). Heavy crowd movement on Residency Road during peak match hours (17:00). Road DNA: 82. Reroute via Richmond Road flyover."
2025-05-25,20,5,Chinnaswamy Stadium Zone,Residency Road,IPL Match: RCB vs DC,29365,64830,17.2,1.92,80.34,2,189.41,72.49,77.32,98.53,2888,Clear,No,Medium,66,"IPL Match at Chinnaswamy Stadium (RCB vs DC, 29,365 spectators). Heavy crowd movement on Residency Road during peak match hours (20:00). Road DNA: 66. Reroute via Richmond Road flyover."
2025-05-21,22,5,Chinnaswamy Stadium Zone,Richmond Road,IPL Match: RCB vs LSG,34469,87648,8.08,3.13,112.66,1,121.93,68.8,82.87,88.77,926,Clear,Yes,High,84,"IPL Match at Chinnaswamy Stadium (RCB vs LSG, 34,469 spectators). Heavy crowd movement on Richmond Road during peak match hours (22:00). Road DNA: 84. Reroute via Richmond Road flyover."
2025-05-03,18,5,Chinnaswamy Stadium Zone,MG Road,IPL Match: RCB vs GT,34688,107581,6.86,4.35,96.11,4,126.05,88.88,73.7,88.91,3243,Clear,Yes,High,85,"IPL Match at Chinnaswamy Stadium (RCB vs GT, 34,688 spectators). Heavy crowd movement on MG Road during peak match hours (18:00). Road DNA: 85. Reroute via Richmond Road flyover."
2025-04-14,17,4,Chinnaswamy Stadium Zone,Infant Jesus Church Junction,IPL Match: RCB vs DC,32445,109698,9.53,3.8,113.83,1,132.54,87.34,70.46,93.71,1793,Light Rain,No,Severe,86,"IPL Match at Chinnaswamy Stadium (RCB vs DC, 32,445 spectators). Heavy crowd movement on Infant Jesus Church Junction during peak match hours (17:00). Road DNA: 86. Reroute via Richmond Road flyover."
2025-03-15,19,3,Chinnaswamy Stadium Zone,Kasturba Road,IPL Match: RCB vs RR,28338,127421,10.05,3.38,95.55,4,158.17,76.32,79.04,98.62,1680,Clear,No,High,87,"IPL Match at Chinnaswamy Stadium (RCB vs RR, 28,338 spectators). Heavy crowd movement on Kasturba Road during peak match hours (19:00). Road DNA: 87. Reroute via Richmond Road flyover."
2025-03-11,22,3,Chinnaswamy Stadium Zone,Infant Jesus Church Junction,IPL Match: RCB vs DC,31024,117778,10.15,2.83,96.15,1,165.91,72.78,78.18,93.55,1690,Heavy Rain,Yes,Severe,78,"IPL Match at Chinnaswamy Stadium (RCB vs DC, 31,024 spectators). Heavy crowd movement on Infant Jesus Church Junction during peak match hours (22:00). Road DNA: 78. Reroute via Richmond Road flyover."
2025-03-21,18,3,Chinnaswamy Stadium Zone,Kasturba Road,IPL Match: RCB vs CSK,28444,124481,10.81,4.03,110.4,4,141.04,60.15,89.83,90.25,880,Heavy Rain,Yes,Severe,83,"IPL Match at Chinnaswamy Stadium (RCB vs CSK, 28,444 spectators). Heavy crowd movement on Kasturba Road during peak match hours (18:00). Road DNA: 83. Reroute via Richmond Road flyover."
2025-04-01,23,4,Chinnaswamy Stadium Zone,Richmond Road,IPL Match: RCB vs GT,28852,85042,12.18,4.19,114.78,4,185.73,60.48,86.09,99.21,2301,Clear,Yes,High,84,"IPL Match at Chinnaswamy Stadium (RCB vs GT, 28,852 spectators). Heavy crowd movement on Richmond Road during peak match hours (23:00). Road DNA: 84. Reroute via Richmond Road flyover."
2025-05-15,21,5,Chinnaswamy Stadium Zone,Residency Road,IPL Match: RCB vs CSK,34356,80738,19.88,1.7,90.15,0,136.53,87.81,85.03,96.89,1955,Thunderstorm,Yes,Medium,60,"IPL Match at Chinnaswamy Stadium (RCB vs CSK, 34,356 spectators). Heavy crowd movement on Residency Road during peak match hours (21:00). Road DNA: 60. Reroute via Richmond Road flyover."
2025-03-10,19,3,Chinnaswamy Stadium Zone,Infant Jesus Church Junction,IPL Match: RCB vs DC,34218,122652,7.73,2.68,93.13,3,129.08,89.41,75.31,86.55,2351,Heavy Rain,No,Severe,85,"IPL Match at Chinnaswamy Stadium (RCB vs DC, 34,218 spectators). Heavy crowd movement on Infant Jesus Church Junction during peak match hours (19:00). Road DNA: 85. Reroute via Richmond Road flyover."
2025-05-06,21,5,Chinnaswamy Stadium Zone,Infant Jesus Church Junction,IPL Match: RCB vs DC,28272,93987,13.02,4.06,93.32,1,173.24,84.79,89.23,92.03,1273,Heavy Rain,Yes,Severe,89,"IPL Match at Chinnaswamy Stadium (RCB vs DC, 28,272 spectators). Heavy crowd movement on Infant Jesus Church Junction during peak match hours (21:00). Road DNA: 89. Reroute via Richmond Road flyover."
2025-03-04,22,3,Chinnaswamy Stadium Zone,Richmond Road,IPL Match: RCB vs RR,30358,92357,13.86,4.14,113.64,1,140.45,78.07,76.41,94.27,2904,Light Rain,No,Severe,85,"IPL Match at Chinnaswamy Stadium (RCB vs RR, 30,358 spectators). Heavy crowd movement on Richmond Road during peak match hours (22:00). Road DNA: 85. Reroute via Richmond Road flyover."
2025-05-21,20,5,Chinnaswamy Stadium Zone,Cubbon Road,IPL Match: RCB vs CSK,30568,85747,9.15,2.79,103.98,3,163.13,63.71,85.44,98.06,3474,Heavy Rain,No,Severe,95,"IPL Match at Chinnaswamy Stadium (RCB vs CSK, 30,568 spectators). Heavy crowd movement on Cubbon Road during peak match hours (20:00). Road DNA: 95. Reroute via Richmond Road flyover."
2025-04-06,23,4,Chinnaswamy Stadium Zone,Residency Road,IPL Match: RCB vs LSG,32741,90902,7.56,3.79,94.56,1,147.89,68.68,83.09,90.79,2135,Heavy Rain,Yes,Severe,95,"IPL Match at Chinnaswamy Stadium (RCB vs LSG, 32,741 spectators). Heavy crowd movement on Residency Road during peak match hours (23:00). Road DNA: 95. Reroute via Richmond Road flyover."
2025-04-03,18,4,Chinnaswamy Stadium Zone,Residency Road,IPL Match: RCB vs GT,29832,91711,13.81,3.64,97.31,0,160.71,72.46,81.39,96.45,3139,Light Rain,No,Severe,83,"IPL Match at Chinnaswamy Stadium (RCB vs GT, 29,832 spectators). Heavy crowd movement on Residency Road during peak match hours (18:00). Road DNA: 83. Reroute via Richmond Road flyover."
2025-04-02,18,4,Chinnaswamy Stadium Zone,Residency Road,IPL Match: RCB vs GT,28012,120342,6.84,2.74,96.49,4,188.98,74.71,73.22,90.41,3143,Light Rain,Yes,Severe,89,"IPL Match at Chinnaswamy Stadium (RCB vs GT, 28,012 spectators). Heavy crowd movement on Residency Road during peak match hours (18:00). Road DNA: 89. Reroute via Richmond Road flyover."
2025-05-18,18,5,Chinnaswamy Stadium Zone,Cubbon Road,IPL Match: RCB vs DC,29179,95954,12.59,3.29,95.52,1,180.72,87.76,71.46,86.51,1797,Heavy Rain,Yes,Severe,82,"IPL Match at Chinnaswamy Stadium (RCB vs DC, 29,179 spectators). Heavy crowd movement on Cubbon Road during peak match hours (18:00). Road DNA: 82. Reroute via Richmond Road flyover."
2025-03-22,20,3,Chinnaswamy Stadium Zone,Residency Road,IPL Match: RCB vs MI,34949,87440,13.01,4.36,110.55,4,167.36,78.49,82.59,95.44,3276,Light Rain,No,Severe,79,"IPL Match at Chinnaswamy Stadium (RCB vs MI, 34,949 spectators). Heavy crowd movement on Residency Road during peak match hours (20:00). Road DNA: 79. Reroute via Richmond Road flyover."
2025-04-15,20,4,Chinnaswamy Stadium Zone,Cubbon Road,IPL Match: RCB vs DC,33543,124121,8.64,2.61,100.6,1,121.25,77.6,75.59,92.28,1922,Heavy Rain,Yes,Severe,84,"IPL Match at Chinnaswamy Stadium (RCB vs DC, 33,543 spectators). Heavy crowd movement on Cubbon Road during peak match hours (20:00). Road DNA: 84. Reroute via Richmond Road flyover."
2025-05-15,20,5,Chinnaswamy Stadium Zone,Infant Jesus Church Junction,IPL Match: RCB vs GT,31136,91229,7.36,4.24,98.98,2,174.85,85.02,75.52,86.33,1162,Light Rain,Yes,Severe,78,"IPL Match at Chinnaswamy Stadium (RCB vs GT, 31,136 spectators). Heavy crowd movement on Infant Jesus Church Junction during peak match hours (20:00). Road DNA: 78. Reroute via Richmond Road flyover."
2025-04-03,16,4,Chinnaswamy Stadium Zone,Infant Jesus Church Junction,IPL Match: RCB vs GT,28840,108531,12.98,2.79,104.65,4,152.0,79.96,73.54,87.14,2033,Heavy Rain,No,Severe,81,"IPL Match at Chinnaswamy Stadium (RCB vs GT, 28,840 spectators). Heavy crowd movement on Infant Jesus Church Junction during peak match hours (16:00). Road DNA: 81. Reroute via Richmond Road flyover."
2025-04-28,22,4,Chinnaswamy Stadium Zone,MG Road,IPL Match: RCB vs DC,28763,87494,11.77,3.36,113.8,0,171.92,86.43,75.34,88.07,2827,Light Rain,Yes,Severe,95,"IPL Match at Chinnaswamy Stadium (RCB vs DC, 28,763 spectators). Heavy crowd movement on MG Road during peak match hours (22:00). Road DNA: 95. Reroute via Richmond Road flyover."
2025-04-14,21,4,Chinnaswamy Stadium Zone,Richmond Road,IPL Match: RCB vs DC,28531,75242,17.92,1.86,83.18,4,156.67,87.79,72.12,85.51,1446,Thunderstorm,Yes,Medium,75,"IPL Match at Chinnaswamy Stadium (RCB vs DC, 28,531 spectators). Heavy crowd movement on Richmond Road during peak match hours (21:00). Road DNA: 75. Reroute via Richmond Road flyover."
2025-03-10,17,3,Chinnaswamy Stadium Zone,Richmond Road,IPL Match: RCB vs LSG,34855,110294,8.15,3.68,96.45,0,148.33,63.7,72.69,95.17,1350,Heavy Rain,No,Severe,81,"IPL Match at Chinnaswamy Stadium (RCB vs LSG, 34,855 spectators). Heavy crowd movement on Richmond Road during peak match hours (17:00). Road DNA: 81. Reroute via Richmond Road flyover."
2025-05-20,21,5,Chinnaswamy Stadium Zone,MG Road,IPL Match: RCB vs LSG,31235,80856,21.57,1.62,82.2,2,122.63,86.32,78.55,91.7,2008,Clear,No,Medium,73,"IPL Match at Chinnaswamy Stadium (RCB vs LSG, 31,235 spectators). Heavy crowd movement on MG Road during peak match hours (21:00). Road DNA: 73. Reroute via Richmond Road flyover."
2025-04-21,22,4,Chinnaswamy Stadium Zone,Richmond Road,IPL Match: RCB vs CSK,28369,123227,12.22,3.74,102.37,3,144.79,70.93,86.01,98.24,2240,Clear,No,High,94,"IPL Match at Chinnaswamy Stadium (RCB vs CSK, 28,369 spectators). Heavy crowd movement on Richmond Road during peak match hours (22:00). Road DNA: 94. Reroute via Richmond Road flyover."
2025-03-17,20,3,Chinnaswamy Stadium Zone,Cubbon Road,IPL Match: RCB vs SRH,32287,69888,20.26,1.77,89.71,1,172.66,77.07,74.11,94.16,3329,Thunderstorm,No,Medium,56,"IPL Match at Chinnaswamy Stadium (RCB vs SRH, 32,287 spectators). Heavy crowd movement on Cubbon Road during peak match hours (20:00). Road DNA: 56. Reroute via Richmond Road flyover."
2025-04-20,16,4,Chinnaswamy Stadium Zone,Infant Jesus Church Junction,IPL Match: RCB vs LSG,30481,122259,8.38,3.61,104.87,2,175.38,71.5,77.41,91.71,1104,Heavy Rain,No,Severe,91,"IPL Match at Chinnaswamy Stadium (RCB vs LSG, 30,481 spectators). Heavy crowd movement on Infant Jesus Church Junction during peak match hours (16:00). Road DNA: 91. Reroute via Richmond Road flyover."
2025-03-23,17,3,Chinnaswamy Stadium Zone,Richmond Road,IPL Match: RCB vs MI,28044,96358,13.29,4.36,112.0,2,120.17,71.44,82.67,97.0,2344,Heavy Rain,Yes,Severe,89,"IPL Match at Chinnaswamy Stadium (RCB vs MI, 28,044 spectators). Heavy crowd movement on Richmond Road during peak match hours (17:00). Road DNA: 89. Reroute via Richmond Road flyover."
2025-05-10,17,5,Chinnaswamy Stadium Zone,MG Road,IPL Match: RCB vs RR,31790,120903,6.66,4.11,99.36,3,121.86,61.04,86.72,94.42,2371,Clear,Yes,High,87,"IPL Match at Chinnaswamy Stadium (RCB vs RR, 31,790 spectators). Heavy crowd movement on MG Road during peak match hours (17:00). Road DNA: 87. Reroute via Richmond Road flyover."
2025-05-23,18,5,Chinnaswamy Stadium Zone,Infant Jesus Church Junction,IPL Match: RCB vs RR,32851,129723,8.02,3.51,95.15,2,147.46,78.02,85.97,91.55,2332,Clear,Yes,High,88,"IPL Match at Chinnaswamy Stadium (RCB vs RR, 32,851 spectators). Heavy crowd movement on Infant Jesus Church Junction during peak match hours (18:00). Road DNA: 88. Reroute via Richmond Road flyover."
2025-04-16,22,4,Chinnaswamy Stadium Zone,Infant Jesus Church Junction,IPL Match: RCB vs LSG,28417,105080,8.61,2.75,106.41,2,131.49,71.5,73.04,88.15,2865,Light Rain,Yes,Severe,89,"IPL Match at Chinnaswamy Stadium (RCB vs LSG, 28,417 spectators). Heavy crowd movement on Infant Jesus Church Junction during peak match hours (22:00). Road DNA: 89. Reroute via Richmond Road flyover."
2025-03-21,18,3,Chinnaswamy Stadium Zone,MG Road,IPL Match: RCB vs DC,34973,94155,10.32,2.51,103.99,4,180.5,70.17,84.1,90.84,1693,Heavy Rain,Yes,Severe,80,"IPL Match at Chinnaswamy Stadium (RCB vs DC, 34,973 spectators). Heavy crowd movement on MG Road during peak match hours (18:00). Road DNA: 80. Reroute via Richmond Road flyover."
2025-04-11,19,4,Chinnaswamy Stadium Zone,Kasturba Road,IPL Match: RCB vs CSK,33800,92456,11.89,4.27,98.87,1,177.58,75.17,82.87,96.92,1574,Light Rain,No,Severe,82,"IPL Match at Chinnaswamy Stadium (RCB vs CSK, 33,800 spectators). Heavy crowd movement on Kasturba Road during peak match hours (19:00). Road DNA: 82. Reroute via Richmond Road flyover."
2025-05-13,23,5,Chinnaswamy Stadium Zone,MG Road,IPL Match: RCB vs KKR,29275,123683,13.1,3.06,114.54,3,174.6,88.95,86.3,95.48,2159,Heavy Rain,No,Severe,80,"IPL Match at Chinnaswamy Stadium (RCB vs KKR, 29,275 spectators). Heavy crowd movement on MG Road during peak match hours (23:00). Road DNA: 80. Reroute via Richmond Road flyover."
2025-03-05,21,3,Chinnaswamy Stadium Zone,Infant Jesus Church Junction,IPL Match: RCB vs GT,30964,126757,8.18,4.16,92.69,2,126.88,77.55,89.24,96.67,1582,Light Rain,No,Severe,78,"IPL Match at Chinnaswamy Stadium (RCB vs GT, 30,964 spectators). Heavy crowd movement on Infant Jesus Church Junction during peak match hours (21:00). Road DNA: 78. Reroute via Richmond Road flyover."
2025-05-12,19,5,Chinnaswamy Stadium Zone,Cubbon Road,IPL Match: RCB vs MI,32856,108267,6.7,2.57,95.52,0,188.49,64.98,78.42,91.38,1480,Thunderstorm,No,High,94,"IPL Match at Chinnaswamy Stadium (RCB vs MI, 32,856 spectators). Heavy crowd movement on Cubbon Road during peak match hours (19:00). Road DNA: 94. Reroute via Richmond Road flyover."
2025-05-24,20,5,Chinnaswamy Stadium Zone,Infant Jesus Church Junction,IPL Match: RCB vs GT,30011,93319,6.7,2.9,99.72,4,161.81,86.87,84.99,91.7,2470,Heavy Rain,No,Severe,90,"IPL Match at Chinnaswamy Stadium (RCB vs GT, 30,011 spectators). Heavy crowd movement on Infant Jesus Church Junction during peak match hours (20:00). Road DNA: 90. Reroute via Richmond Road flyover."
2025-04-02,17,4,Chinnaswamy Stadium Zone,Residency Road,IPL Match: RCB vs CSK,31643,121676,9.3,4.36,93.24,4,121.74,84.15,76.87,95.97,1859,Light Rain,No,Severe,79,"IPL Match at Chinnaswamy Stadium (RCB vs CSK, 31,643 spectators). Heavy crowd movement on Residency Road during peak match hours (17:00). Road DNA: 79. Reroute via Richmond Road flyover."
2025-03-11,22,3,Chinnaswamy Stadium Zone,MG Road,IPL Match: RCB vs DC,31996,98529,10.35,3.21,102.57,0,188.53,69.02,86.74,98.98,2879,Thunderstorm,No,High,88,"IPL Match at Chinnaswamy Stadium (RCB vs DC, 31,996 spectators). Heavy crowd movement on MG Road during peak match hours (22:00). Road DNA: 88. Reroute via Richmond Road flyover."
2025-05-19,20,5,Chinnaswamy Stadium Zone,Infant Jesus Church Junction,IPL Match: RCB vs MI,29688,72127,15.07,2.03,86.48,3,120.79,75.89,73.36,96.75,1030,Thunderstorm,No,Medium,74,"IPL Match at Chinnaswamy Stadium (RCB vs MI, 29,688 spectators). Heavy crowd movement on Infant Jesus Church Junction during peak match hours (20:00). Road DNA: 74. Reroute via Richmond Road flyover."
2025-03-14,19,3,Chinnaswamy Stadium Zone,Infant Jesus Church Junction,IPL Match: RCB vs DC,32659,124433,8.15,3.99,102.68,1,129.02,61.32,89.51,90.05,866,Thunderstorm,Yes,High,80,"IPL Match at Chinnaswamy Stadium (RCB vs DC, 32,659 spectators). Heavy crowd movement on Infant Jesus Church Junction during peak match hours (19:00). Road DNA: 80. Reroute via Richmond Road flyover."
2025-05-26,23,5,Chinnaswamy Stadium Zone,MG Road,IPL Match: RCB vs SRH,29875,117163,12.43,4.36,111.42,1,150.72,66.62,74.19,94.83,2820,Heavy Rain,No,Severe,84,"IPL Match at Chinnaswamy Stadium (RCB vs SRH, 29,875 spectators). Heavy crowd movement on MG Road during peak match hours (23:00). Road DNA: 84. Reroute via Richmond Road flyover."
2025-03-26,18,3,Chinnaswamy Stadium Zone,Residency Road,IPL Match: RCB vs KKR,33110,126761,13.76,4.26,102.44,2,189.5,68.33,75.24,96.23,1406,Light Rain,No,Severe,87,"IPL Match at Chinnaswamy Stadium (RCB vs KKR, 33,110 spectators). Heavy crowd movement on Residency Road during peak match hours (18:00). Road DNA: 87. Reroute via Richmond Road flyover."
2025-03-01,23,3,Chinnaswamy Stadium Zone,MG Road,IPL Match: RCB vs KKR,30312,126601,12.96,3.43,94.13,4,122.07,77.92,85.74,99.78,813,Thunderstorm,Yes,High,88,"IPL Match at Chinnaswamy Stadium (RCB vs KKR, 30,312 spectators). Heavy crowd movement on MG Road during peak match hours (23:00). Road DNA: 88. Reroute via Richmond Road flyover."
2025-03-13,22,3,Chinnaswamy Stadium Zone,Residency Road,IPL Match: RCB vs CSK,30575,122907,9.25,4.07,93.45,0,182.92,63.63,77.45,97.95,2441,Clear,Yes,High,95,"IPL Match at Chinnaswamy Stadium (RCB vs CSK, 30,575 spectators). Heavy crowd movement on Residency Road during peak match hours (22:00). Road DNA: 95. Reroute via Richmond Road flyover."
2025-05-16,19,5,Chinnaswamy Stadium Zone,Richmond Road,IPL Match: RCB vs LSG,34495,99166,11.55,2.78,103.29,0,172.22,76.68,74.97,86.85,2745,Thunderstorm,No,High,91,"IPL Match at Chinnaswamy Stadium (RCB vs LSG, 34,495 spectators). Heavy crowd movement on Richmond Road during peak match hours (19:00). Road DNA: 91. Reroute via Richmond Road flyover."
2025-03-28,23,3,Chinnaswamy Stadium Zone,Kasturba Road,IPL Match: RCB vs KKR,28445,97140,7.34,3.97,115.0,1,164.0,86.69,76.85,86.24,1720,Light Rain,Yes,Severe,78,"IPL Match at Chinnaswamy Stadium (RCB vs KKR, 28,445 spectators). Heavy crowd movement on Kasturba Road during peak match hours (23:00). Road DNA: 78. Reroute via Richmond Road flyover."
2025-03-01,17,3,Chinnaswamy Stadium Zone,Richmond Road,IPL Match: RCB vs GT,29944,89301,12.28,2.86,99.08,2,139.14,77.74,84.35,86.39,2453,Heavy Rain,Yes,Severe,79,"IPL Match at Chinnaswamy Stadium (RCB vs GT, 29,944 spectators). Heavy crowd movement on Richmond Road during peak match hours (17:00). Road DNA: 79. Reroute via Richmond Road flyover."
2025-04-01,23,4,Chinnaswamy Stadium Zone,Infant Jesus Church Junction,IPL Match: RCB vs GT,33789,112382,8.19,2.98,96.07,2,136.98,67.16,86.67,88.2,1410,Thunderstorm,Yes,High,85,"IPL Match at Chinnaswamy Stadium (RCB vs GT, 33,789 spectators). Heavy crowd movement on Infant Jesus Church Junction during peak match hours (23:00). Road DNA: 85. Reroute via Richmond Road flyover."
2025-04-16,18,4,Chinnaswamy Stadium Zone,Kasturba Road,IPL Match: RCB vs LSG,34380,100004,12.34,3.63,92.76,4,126.54,62.69,73.16,89.86,1912,Heavy Rain,Yes,Severe,95,"IPL Match at Chinnaswamy Stadium (RCB vs LSG, 34,380 spectators). Heavy crowd movement on Kasturba Road during peak match hours (18:00). Road DNA: 95. Reroute via Richmond Road flyover."
2025-03-09,23,3,Chinnaswamy Stadium Zone,Cubbon Road,IPL Match: RCB vs RR,28315,95200,12.05,2.77,104.4,0,153.29,73.53,72.45,98.46,2497,Heavy Rain,Yes,Severe,88,"IPL Match at Chinnaswamy Stadium (RCB vs RR, 28,315 spectators). Heavy crowd movement on Cubbon Road during peak match hours (23:00). Road DNA: 88. Reroute via Richmond Road flyover."
2025-05-24,17,5,Chinnaswamy Stadium Zone,Kasturba Road,IPL Match: RCB vs GT,28215,94767,7.09,2.83,114.16,3,178.63,75.31,75.56,99.97,3338,Thunderstorm,No,High,91,"IPL Match at Chinnaswamy Stadium (RCB vs GT, 28,215 spectators). Heavy crowd movement on Kasturba Road during peak match hours (17:00). Road DNA: 91. Reroute via Richmond Road flyover."
2025-05-03,23,5,Chinnaswamy Stadium Zone,MG Road,IPL Match: RCB vs CSK,31873,90471,8.53,3.33,98.43,2,122.17,65.52,88.07,95.7,1738,Light Rain,No,Severe,81,"IPL Match at Chinnaswamy Stadium (RCB vs CSK, 31,873 spectators). Heavy crowd movement on MG Road during peak match hours (23:00). Road DNA: 81. Reroute via Richmond Road flyover."
2025-04-03,18,4,Chinnaswamy Stadium Zone,Residency Road,IPL Match: RCB vs DC,28442,128891,7.42,4.21,108.42,2,151.4,78.35,76.52,86.78,2438,Clear,Yes,High,81,"IPL Match at Chinnaswamy Stadium (RCB vs DC, 28,442 spectators). Heavy crowd movement on Residency Road during peak match hours (18:00). Road DNA: 81. Reroute via Richmond Road flyover."
2025-03-04,17,3,Chinnaswamy Stadium Zone,Richmond Road,IPL Match: RCB vs RR,34589,122070,12.32,2.88,100.15,1,167.85,65.16,87.44,97.06,3395,Thunderstorm,Yes,High,95,"IPL Match at Chinnaswamy Stadium (RCB vs RR, 34,589 spectators). Heavy crowd movement on Richmond Road during peak match hours (17:00). Road DNA: 95. Reroute via Richmond Road flyover."
2025-05-09,22,5,Chinnaswamy Stadium Zone,Infant Jesus Church Junction,IPL Match: RCB vs LSG,28121,97840,9.12,3.17,113.95,3,146.06,88.29,85.74,95.66,1400,Thunderstorm,No,High,82,"IPL Match at Chinnaswamy Stadium (RCB vs LSG, 28,121 spectators). Heavy crowd movement on Infant Jesus Church Junction during peak match hours (22:00). Road DNA: 82. Reroute via Richmond Road flyover."
2025-05-26,16,5,Chinnaswamy Stadium Zone,Residency Road,IPL Match: RCB vs CSK,32175,126384,12.91,2.97,100.39,2,185.12,70.15,73.83,87.9,3401,Light Rain,Yes,Severe,87,"IPL Match at Chinnaswamy Stadium (RCB vs CSK, 32,175 spectators). Heavy crowd movement on Residency Road during peak match hours (16:00). Road DNA: 87. Reroute via Richmond Road flyover."
2025-04-13,19,4,Chinnaswamy Stadium Zone,MG Road,IPL Match: RCB vs LSG,28013,120030,11.99,4.34,109.59,2,140.68,69.48,89.72,96.98,1705,Light Rain,No,Severe,82,"IPL Match at Chinnaswamy Stadium (RCB vs LSG, 28,013 spectators). Heavy crowd movement on MG Road during peak match hours (19:00). Road DNA: 82. Reroute via Richmond Road flyover."
2025-04-05,22,4,Chinnaswamy Stadium Zone,MG Road,IPL Match: RCB vs SRH,32232,113040,10.61,4.25,104.74,0,149.39,66.25,79.56,85.77,1043,Thunderstorm,Yes,High,84,"IPL Match at Chinnaswamy Stadium (RCB vs SRH, 32,232 spectators). Heavy crowd movement on MG Road during peak match hours (22:00). Road DNA: 84. Reroute via Richmond Road flyover."
2025-05-14,19,5,Chinnaswamy Stadium Zone,Infant Jesus Church Junction,IPL Match: RCB vs RR,33854,95044,6.86,3.89,96.85,2,120.87,65.46,79.76,85.99,969,Heavy Rain,Yes,Severe,91,"IPL Match at Chinnaswamy Stadium (RCB vs RR, 33,854 spectators). Heavy crowd movement on Infant Jesus Church Junction during peak match hours (19:00). Road DNA: 91. Reroute via Richmond Road flyover."
2025-04-04,20,4,Chinnaswamy Stadium Zone,Richmond Road,IPL Match: RCB vs DC,34573,96249,7.95,2.55,108.36,0,185.14,62.02,73.53,89.51,1098,Heavy Rain,No,Severe,95,"IPL Match at Chinnaswamy Stadium (RCB vs DC, 34,573 spectators). Heavy crowd movement on Richmond Road during peak match hours (20:00). Road DNA: 95. Reroute via Richmond Road flyover."
2025-05-24,17,5,Chinnaswamy Stadium Zone,Kasturba Road,IPL Match: RCB vs GT,30929,128896,13.55,2.92,93.53,2,138.13,81.41,72.19,85.23,3263,Light Rain,No,Severe,80,"IPL Match at Chinnaswamy Stadium (RCB vs GT, 30,929 spectators). Heavy crowd movement on Kasturba Road during peak match hours (17:00). Road DNA: 80. Reroute via Richmond Road flyover."
2025-04-03,19,4,Chinnaswamy Stadium Zone,Residency Road,IPL Match: RCB vs DC,28664,108888,13.61,4.06,101.37,1,146.04,78.93,83.99,88.0,1363,Heavy Rain,Yes,Severe,85,"IPL Match at Chinnaswamy Stadium (RCB vs DC, 28,664 spectators). Heavy crowd movement on Residency Road during peak match hours (19:00). Road DNA: 85. Reroute via Richmond Road flyover."
2025-05-20,19,5,Chinnaswamy Stadium Zone,Infant Jesus Church Junction,IPL Match: RCB vs CSK,30651,124036,8.26,3.7,100.38,2,169.16,89.89,87.61,85.69,2224,Thunderstorm,No,High,83,"IPL Match at Chinnaswamy Stadium (RCB vs CSK, 30,651 spectators). Heavy crowd movement on Infant Jesus Church Junction during peak match hours (19:00). Road DNA: 83. Reroute via Richmond Road flyover."
2025-03-22,23,3,Chinnaswamy Stadium Zone,Richmond Road,IPL Match: RCB vs SRH,31877,124870,7.61,3.87,113.62,0,125.65,72.98,83.1,90.01,3456,Thunderstorm,Yes,High,87,"IPL Match at Chinnaswamy Stadium (RCB vs SRH, 31,877 spectators). Heavy crowd movement on Richmond Road during peak match hours (23:00). Road DNA: 87. Reroute via Richmond Road flyover."
2025-05-08,18,5,Chinnaswamy Stadium Zone,Cubbon Road,IPL Match: RCB vs MI,32129,95657,13.99,3.99,102.07,2,131.67,69.0,76.98,93.44,879,Thunderstorm,Yes,High,87,"IPL Match at Chinnaswamy Stadium (RCB vs MI, 32,129 spectators). Heavy crowd movement on Cubbon Road during peak match hours (18:00). Road DNA: 87. Reroute via Richmond Road flyover."
2025-04-02,19,4,Chinnaswamy Stadium Zone,Cubbon Road,IPL Match: RCB vs CSK,31678,94702,7.06,3.16,94.38,1,189.98,61.49,88.94,88.22,1986,Heavy Rain,No,Severe,95,"IPL Match at Chinnaswamy Stadium (RCB vs CSK, 31,678 spectators). Heavy crowd movement on Cubbon Road during peak match hours (19:00). Road DNA: 95. Reroute via Richmond Road flyover."
2025-05-28,23,5,Chinnaswamy Stadium Zone,Richmond Road,IPL Match: RCB vs CSK,29448,116752,11.76,4.1,112.49,2,142.83,68.01,82.57,86.46,1776,Light Rain,No,Severe,87,"IPL Match at Chinnaswamy Stadium (RCB vs CSK, 29,448 spectators). Heavy crowd movement on Richmond Road during peak match hours (23:00). Road DNA: 87. Reroute via Richmond Road flyover."
2025-03-26,17,3,Chinnaswamy Stadium Zone,Infant Jesus Church Junction,IPL Match: RCB vs MI,30522,94964,8.46,3.24,108.33,4,125.68,70.77,83.28,89.36,1329,Clear,No,High,83,"IPL Match at Chinnaswamy Stadium (RCB vs MI, 30,522 spectators). Heavy crowd movement on Infant Jesus Church Junction during peak match hours (17:00). Road DNA: 83. Reroute via Richmond Road flyover."
2025-04-08,18,4,Chinnaswamy Stadium Zone,Kasturba Road,IPL Match: RCB vs DC,28228,113492,7.11,3.31,105.27,0,121.56,73.55,87.17,99.34,1695,Heavy Rain,No,Severe,95,"IPL Match at Chinnaswamy Stadium (RCB vs DC, 28,228 spectators). Heavy crowd movement on Kasturba Road during peak match hours (18:00). Road DNA: 95. Reroute via Richmond Road flyover."
2025-03-26,17,3,Chinnaswamy Stadium Zone,Cubbon Road,IPL Match: RCB vs MI,34334,88196,8.64,4.04,113.57,0,177.67,67.06,74.75,86.92,1429,Heavy Rain,No,Severe,94,"IPL Match at Chinnaswamy Stadium (RCB vs MI, 34,334 spectators). Heavy crowd movement on Cubbon Road during peak match hours (17:00). Road DNA: 94. Reroute via Richmond Road flyover."
2025-03-19,22,3,Chinnaswamy Stadium Zone,Kasturba Road,IPL Match: RCB vs GT,29443,114606,10.73,4.37,110.57,2,176.98,84.92,78.16,90.72,2167,Clear,No,High,90,"IPL Match at Chinnaswamy Stadium (RCB vs GT, 29,443 spectators). Heavy crowd movement on Kasturba Road during peak match hours (22:00). Road DNA: 90. Reroute via Richmond Road flyover."
2025-05-07,17,5,Chinnaswamy Stadium Zone,Residency Road,IPL Match: RCB vs CSK,30411,120014,8.33,3.13,113.2,1,158.34,69.71,81.21,87.17,3013,Heavy Rain,No,Severe,79,"IPL Match at Chinnaswamy Stadium (RCB vs CSK, 30,411 spectators). Heavy crowd movement on Residency Road during peak match hours (17:00). Road DNA: 79. Reroute via Richmond Road flyover."
2025-03-22,19,3,Chinnaswamy Stadium Zone,Kasturba Road,IPL Match: RCB vs KKR,34197,105783,13.02,4.49,113.89,3,174.73,86.6,85.2,90.5,1931,Clear,Yes,High,80,"IPL Match at Chinnaswamy Stadium (RCB vs KKR, 34,197 spectators). Heavy crowd movement on Kasturba Road during peak match hours (19:00). Road DNA: 80. Reroute via Richmond Road flyover."
2025-04-18,23,4,Chinnaswamy Stadium Zone,Cubbon Road,IPL Match: RCB vs RR,32292,127716,9.7,3.57,102.83,3,177.81,60.06,71.8,91.49,2892,Heavy Rain,No,Severe,89,"IPL Match at Chinnaswamy Stadium (RCB vs RR, 32,292 spectators). Heavy crowd movement on Cubbon Road during peak match hours (23:00). Road DNA: 89. Reroute via Richmond Road flyover."
2025-04-17,18,4,Chinnaswamy Stadium Zone,Cubbon Road,IPL Match: RCB vs DC,29677,100956,7.56,3.31,100.33,1,136.45,75.92,80.79,90.44,3298,Clear,No,High,81,"IPL Match at Chinnaswamy Stadium (RCB vs DC, 29,677 spectators). Heavy crowd movement on Cubbon Road during peak match hours (18:00). Road DNA: 81. Reroute via Richmond Road flyover."
2025-05-13,20,5,Chinnaswamy Stadium Zone,Infant Jesus Church Junction,IPL Match: RCB vs SRH,28848,76390,19.29,1.84,78.52,1,169.03,72.58,85.86,89.88,2667,Clear,No,Medium,75,"IPL Match at Chinnaswamy Stadium (RCB vs SRH, 28,848 spectators). Heavy crowd movement on Infant Jesus Church Junction during peak match hours (20:00). Road DNA: 75. Reroute via Richmond Road flyover."
2025-05-02,21,5,Chinnaswamy Stadium Zone,Infant Jesus Church Junction,IPL Match: RCB vs RR,28858,58471,21.92,2.07,78.96,4,137.99,78.28,80.19,88.88,3153,Thunderstorm,Yes,Medium,72,"IPL Match at Chinnaswamy Stadium (RCB vs RR, 28,858 spectators). Heavy crowd movement on Infant Jesus Church Junction during peak match hours (21:00). Road DNA: 72. Reroute via Richmond Road flyover."
2025-05-05,23,5,Chinnaswamy Stadium Zone,MG Road,IPL Match: RCB vs GT,32979,89888,12.03,3.97,107.57,3,162.39,84.22,88.83,91.4,2264,Heavy Rain,No,Severe,91,"IPL Match at Chinnaswamy Stadium (RCB vs GT, 32,979 spectators). Heavy crowd movement on MG Road during peak match hours (23:00). Road DNA: 91. Reroute via Richmond Road flyover."
2025-05-03,22,5,Chinnaswamy Stadium Zone,Cubbon Road,IPL Match: RCB vs KKR,33484,115268,13.66,3.74,107.7,2,163.9,66.62,83.22,94.81,1068,Heavy Rain,No,Severe,81,"IPL Match at Chinnaswamy Stadium (RCB vs KKR, 33,484 spectators). Heavy crowd movement on Cubbon Road during peak match hours (22:00). Road DNA: 81. Reroute via Richmond Road flyover."
2025-04-17,17,4,Chinnaswamy Stadium Zone,Cubbon Road,IPL Match: RCB vs DC,31567,117406,10.18,3.5,109.9,4,177.06,73.11,85.26,85.73,883,Thunderstorm,Yes,High,82,"IPL Match at Chinnaswamy Stadium (RCB vs DC, 31,567 spectators). Heavy crowd movement on Cubbon Road during peak match hours (17:00). Road DNA: 82. Reroute via Richmond Road flyover."
2025-05-11,19,5,Chinnaswamy Stadium Zone,Cubbon Road,IPL Match: RCB vs DC,30730,100659,7.48,3.59,109.48,0,177.18,84.92,87.37,91.54,3308,Heavy Rain,No,Severe,81,"IPL Match at Chinnaswamy Stadium (RCB vs DC, 30,730 spectators). Heavy crowd movement on Cubbon Road during peak match hours (19:00). Road DNA: 81. Reroute via Richmond Road flyover."
2025-04-27,16,4,Chinnaswamy Stadium Zone,Cubbon Road,IPL Match: RCB vs DC,28949,107178,7.96,3.82,110.02,4,169.9,68.96,83.83,88.24,971,Light Rain,Yes,Severe,84,"IPL Match at Chinnaswamy Stadium (RCB vs DC, 28,949 spectators). Heavy crowd movement on Cubbon Road during peak match hours (16:00). Road DNA: 84. Reroute via Richmond Road flyover."
2025-03-02,21,3,Chinnaswamy Stadium Zone,Residency Road,IPL Match: RCB vs GT,31229,69382,18.77,2.13,80.03,3,133.62,66.9,82.75,97.16,3119,Clear,No,Medium,73,"IPL Match at Chinnaswamy Stadium (RCB vs GT, 31,229 spectators). Heavy crowd movement on Residency Road during peak match hours (21:00). Road DNA: 73. Reroute via Richmond Road flyover."
2025-05-22,16,5,Chinnaswamy Stadium Zone,Cubbon Road,IPL Match: RCB vs SRH,29481,61496,24.71,1.79,90.55,4,122.06,86.15,74.94,93.89,2808,Clear,Yes,Medium,64,"IPL Match at Chinnaswamy Stadium (RCB vs SRH, 29,481 spectators). Heavy crowd movement on Cubbon Road during peak match hours (16:00). Road DNA: 64. Reroute via Richmond Road flyover."
2025-03-11,20,3,Chinnaswamy Stadium Zone,Residency Road,IPL Match: RCB vs CSK,34916,115135,6.98,3.93,106.92,1,134.7,61.91,87.3,98.39,978,Heavy Rain,Yes,Severe,82,"IPL Match at Chinnaswamy Stadium (RCB vs CSK, 34,916 spectators). Heavy crowd movement on Residency Road during peak match hours (20:00). Road DNA: 82. Reroute via Richmond Road flyover."
2025-05-03,20,5,Chinnaswamy Stadium Zone,Cubbon Road,IPL Match: RCB vs KKR,29863,103492,9.46,3.52,98.84,1,163.5,73.53,81.07,86.65,3488,Light Rain,Yes,Severe,86,"IPL Match at Chinnaswamy Stadium (RCB vs KKR, 29,863 spectators). Heavy crowd movement on Cubbon Road during peak match hours (20:00). Road DNA: 86. Reroute via Richmond Road flyover."
2025-04-25,22,4,Chinnaswamy Stadium Zone,Cubbon Road,IPL Match: RCB vs LSG,30710,122933,7.28,3.52,111.16,2,183.93,79.79,83.48,91.05,2848,Thunderstorm,Yes,High,82,"IPL Match at Chinnaswamy Stadium (RCB vs LSG, 30,710 spectators). Heavy crowd movement on Cubbon Road during peak match hours (22:00). Road DNA: 82. Reroute via Richmond Road flyover."
2025-05-13,21,5,Chinnaswamy Stadium Zone,Richmond Road,IPL Match: RCB vs LSG,30906,69143,20.26,1.75,86.37,1,127.84,88.57,78.01,86.46,2394,Clear,No,Medium,60,"IPL Match at Chinnaswamy Stadium (RCB vs LSG, 30,906 spectators). Heavy crowd movement on Richmond Road during peak match hours (21:00). Road DNA: 60. Reroute via Richmond Road flyover."
2025-05-10,22,5,Chinnaswamy Stadium Zone,Infant Jesus Church Junction,IPL Match: RCB vs MI,31853,112236,12.65,3.78,108.97,4,170.15,64.78,73.3,95.68,2240,Clear,No,High,87,"IPL Match at Chinnaswamy Stadium (RCB vs MI, 31,853 spectators). Heavy crowd movement on Infant Jesus Church Junction during peak match hours (22:00). Road DNA: 87. Reroute via Richmond Road flyover."
2025-05-18,23,5,Chinnaswamy Stadium Zone,Infant Jesus Church Junction,IPL Match: RCB vs RR,31093,90346,10.66,2.67,102.9,0,131.48,65.74,89.63,89.4,1041,Light Rain,Yes,Severe,93,"IPL Match at Chinnaswamy Stadium (RCB vs RR, 31,093 spectators). Heavy crowd movement on Infant Jesus Church Junction during peak match hours (23:00). Road DNA: 93. Reroute via Richmond Road flyover."
2025-05-01,17,5,Chinnaswamy Stadium Zone,Kasturba Road,IPL Match: RCB vs RR,31815,103254,9.1,3.12,93.35,0,180.96,61.34,82.73,96.45,3049,Clear,No,High,91,"IPL Match at Chinnaswamy Stadium (RCB vs RR, 31,815 spectators). Heavy crowd movement on Kasturba Road during peak match hours (17:00). Road DNA: 91. Reroute via Richmond Road flyover."
2025-05-19,21,5,Chinnaswamy Stadium Zone,Richmond Road,IPL Match: RCB vs KKR,32003,109408,7.7,4.32,101.73,1,181.33,82.23,84.44,94.39,1526,Light Rain,Yes,Severe,88,"IPL Match at Chinnaswamy Stadium (RCB vs KKR, 32,003 spectators). Heavy crowd movement on Richmond Road during peak match hours (21:00). Road DNA: 88. Reroute via Richmond Road flyover."
2025-04-23,17,4,Chinnaswamy Stadium Zone,MG Road,IPL Match: RCB vs MI,33921,86114,10.2,4.48,103.25,2,171.29,61.4,71.72,90.77,2839,Light Rain,No,Severe,83,"IPL Match at Chinnaswamy Stadium (RCB vs MI, 33,921 spectators). Heavy crowd movement on MG Road during peak match hours (17:00). Road DNA: 83. Reroute via Richmond Road flyover."
2025-05-11,19,5,Chinnaswamy Stadium Zone,Richmond Road,IPL Match: RCB vs LSG,29383,98213,6.68,3.59,92.81,0,122.83,85.96,74.14,99.72,3207,Clear,Yes,High,94,"IPL Match at Chinnaswamy Stadium (RCB vs LSG, 29,383 spectators). Heavy crowd movement on Richmond Road during peak match hours (19:00). Road DNA: 94. Reroute via Richmond Road flyover."
2025-05-15,20,5,Chinnaswamy Stadium Zone,Infant Jesus Church Junction,IPL Match: RCB vs GT,30685,108293,9.94,3.77,106.33,4,170.37,74.33,78.07,93.11,2256,Light Rain,Yes,Severe,79,"IPL Match at Chinnaswamy Stadium (RCB vs GT, 30,685 spectators). Heavy crowd movement on Infant Jesus Church Junction during peak match hours (20:00). Road DNA: 79. Reroute via Richmond Road flyover."
2025-03-01,21,3,Chinnaswamy Stadium Zone,Infant Jesus Church Junction,IPL Match: RCB vs LSG,28755,126559,10.07,3.86,98.36,3,182.69,66.98,73.15,87.2,3376,Light Rain,Yes,Severe,87,"IPL Match at Chinnaswamy Stadium (RCB vs LSG, 28,755 spectators). Heavy crowd movement on Infant Jesus Church Junction during peak match hours (21:00). Road DNA: 87. Reroute via Richmond Road flyover."
2025-03-17,16,3,Chinnaswamy Stadium Zone,Infant Jesus Church Junction,IPL Match: RCB vs LSG,30756,80130,20.36,1.92,78.55,4,128.37,71.48,75.11,86.31,2321,Thunderstorm,Yes,Medium,61,"IPL Match at Chinnaswamy Stadium (RCB vs LSG, 30,756 spectators). Heavy crowd movement on Infant Jesus Church Junction during peak match hours (16:00). Road DNA: 61. Reroute via Richmond Road flyover."
2025-05-09,16,5,Chinnaswamy Stadium Zone,Residency Road,IPL Match: RCB vs RR,29375,69857,20.8,2.25,80.38,2,159.54,84.07,87.46,90.09,1507,Thunderstorm,Yes,Medium,73,"IPL Match at Chinnaswamy Stadium (RCB vs RR, 29,375 spectators). Heavy crowd movement on Residency Road during peak match hours (16:00). Road DNA: 73. Reroute via Richmond Road flyover."
2025-04-08,18,4,Chinnaswamy Stadium Zone,MG Road,IPL Match: RCB vs LSG,33496,87455,11.87,2.8,97.5,1,177.55,73.59,74.53,87.6,2621,Thunderstorm,No,High,87,"IPL Match at Chinnaswamy Stadium (RCB vs LSG, 33,496 spectators). Heavy crowd movement on MG Road during peak match hours (18:00). Road DNA: 87. Reroute via Richmond Road flyover."
2025-05-07,20,5,Chinnaswamy Stadium Zone,Infant Jesus Church Junction,IPL Match: RCB vs KKR,29610,88531,9.26,3.07,108.3,0,176.48,73.36,74.01,99.5,874,Heavy Rain,No,Severe,85,"IPL Match at Chinnaswamy Stadium (RCB vs KKR, 29,610 spectators). Heavy crowd movement on Infant Jesus Church Junction during peak match hours (20:00). Road DNA: 85. Reroute via Richmond Road flyover."
2025-03-16,20,3,Chinnaswamy Stadium Zone,Infant Jesus Church Junction,IPL Match: RCB vs DC,30183,98681,7.08,4.05,107.97,4,155.48,75.06,87.11,85.82,1698,Heavy Rain,No,Severe,79,"IPL Match at Chinnaswamy Stadium (RCB vs DC, 30,183 spectators). Heavy crowd movement on Infant Jesus Church Junction during peak match hours (20:00). Road DNA: 79. Reroute via Richmond Road flyover."
2025-05-26,17,5,Chinnaswamy Stadium Zone,MG Road,IPL Match: RCB vs GT,30909,123299,11.44,3.56,104.51,4,181.92,78.51,86.77,87.31,2896,Clear,Yes,High,87,"IPL Match at Chinnaswamy Stadium (RCB vs GT, 30,909 spectators). Heavy crowd movement on MG Road during peak match hours (17:00). Road DNA: 87. Reroute via Richmond Road flyover."
2025-03-07,18,3,Chinnaswamy Stadium Zone,MG Road,IPL Match: RCB vs CSK,29747,108300,11.32,3.05,106.26,2,154.56,62.03,86.48,98.0,1556,Thunderstorm,Yes,High,94,"IPL Match at Chinnaswamy Stadium (RCB vs CSK, 29,747 spectators). Heavy crowd movement on MG Road during peak match hours (18:00). Road DNA: 94. Reroute via Richmond Road flyover."
2025-04-06,18,4,Chinnaswamy Stadium Zone,Infant Jesus Church Junction,IPL Match: RCB vs GT,33201,95317,10.65,3.56,96.73,1,129.07,70.65,83.95,93.38,1688,Clear,Yes,High,82,"IPL Match at Chinnaswamy Stadium (RCB vs GT, 33,201 spectators). Heavy crowd movement on Infant Jesus Church Junction during peak match hours (18:00). Road DNA: 82. Reroute via Richmond Road flyover."
2025-04-04,19,4,Chinnaswamy Stadium Zone,Infant Jesus Church Junction,IPL Match: RCB vs RR,33100,113583,7.27,2.51,106.86,3,153.69,83.65,75.49,91.8,2369,Heavy Rain,No,Severe,83,"IPL Match at Chinnaswamy Stadium (RCB vs RR, 33,100 spectators). Heavy crowd movement on Infant Jesus Church Junction during peak match hours (19:00). Road DNA: 83. Reroute via Richmond Road flyover."
2025-04-08,22,4,Chinnaswamy Stadium Zone,Cubbon Road,IPL Match: RCB vs DC,31784,116476,10.55,2.95,107.4,2,162.06,78.77,82.73,85.84,2710,Thunderstorm,Yes,High,82,"IPL Match at Chinnaswamy Stadium (RCB vs DC, 31,784 spectators). Heavy crowd movement on Cubbon Road during peak match hours (22:00). Road DNA: 82. Reroute via Richmond Road flyover."
2025-05-11,19,5,Chinnaswamy Stadium Zone,Kasturba Road,IPL Match: RCB vs RR,33147,87011,12.87,3.38,112.54,2,141.14,87.91,75.96,92.56,3014,Light Rain,No,Severe,86,"IPL Match at Chinnaswamy Stadium (RCB vs RR, 33,147 spectators). Heavy crowd movement on Kasturba Road during peak match hours (19:00). Road DNA: 86. Reroute via Richmond Road flyover."
2025-04-18,22,4,Chinnaswamy Stadium Zone,MG Road,IPL Match: RCB vs GT,31444,111541,10.84,2.81,92.31,3,158.59,60.43,83.77,90.31,889,Light Rain,No,Severe,87,"IPL Match at Chinnaswamy Stadium (RCB vs GT, 31,444 spectators). Heavy crowd movement on MG Road during peak match hours (22:00). Road DNA: 87. Reroute via Richmond Road flyover."
2025-05-14,16,5,Chinnaswamy Stadium Zone,Residency Road,IPL Match: RCB vs MI,31982,65398,19.57,2.36,83.96,3,181.85,85.96,76.27,86.16,2157,Clear,Yes,Medium,63,"IPL Match at Chinnaswamy Stadium (RCB vs MI, 31,982 spectators). Heavy crowd movement on Residency Road during peak match hours (16:00). Road DNA: 63. Reroute via Richmond Road flyover."
2025-04-26,17,4,Chinnaswamy Stadium Zone,Kasturba Road,IPL Match: RCB vs DC,28115,88811,11.2,4.26,105.25,1,152.34,70.68,79.47,96.94,2063,Heavy Rain,Yes,Severe,95,"IPL Match at Chinnaswamy Stadium (RCB vs DC, 28,115 spectators). Heavy crowd movement on Kasturba Road during peak match hours (17:00). Road DNA: 95. Reroute via Richmond Road flyover."
2025-03-12,17,3,Chinnaswamy Stadium Zone,MG Road,IPL Match: RCB vs KKR,33692,89121,13.82,3.77,108.0,4,120.19,60.74,84.79,86.8,2696,Heavy Rain,No,Severe,89,"IPL Match at Chinnaswamy Stadium (RCB vs KKR, 33,692 spectators). Heavy crowd movement on MG Road during peak match hours (17:00). Road DNA: 89. Reroute via Richmond Road flyover."
2025-05-23,19,5,Chinnaswamy Stadium Zone,Infant Jesus Church Junction,IPL Match: RCB vs CSK,34678,119808,11.25,3.51,94.99,1,129.39,73.75,77.77,88.38,3107,Thunderstorm,Yes,High,79,"IPL Match at Chinnaswamy Stadium (RCB vs CSK, 34,678 spectators). Heavy crowd movement on Infant Jesus Church Junction during peak match hours (19:00). Road DNA: 79. Reroute via Richmond Road flyover."
2025-04-07,20,4,Chinnaswamy Stadium Zone,Residency Road,IPL Match: RCB vs LSG,32010,123295,11.79,2.6,105.57,2,160.97,73.47,83.5,86.64,1014,Light Rain,No,Severe,79,"IPL Match at Chinnaswamy Stadium (RCB vs LSG, 32,010 spectators). Heavy crowd movement on Residency Road during peak match hours (20:00). Road DNA: 79. Reroute via Richmond Road flyover."
2025-04-26,23,4,Chinnaswamy Stadium Zone,Residency Road,IPL Match: RCB vs SRH,31330,129705,13.02,3.91,96.34,1,174.6,78.83,70.51,90.0,3385,Light Rain,No,Severe,81,"IPL Match at Chinnaswamy Stadium (RCB vs SRH, 31,330 spectators). Heavy crowd movement on Residency Road during peak match hours (23:00). Road DNA: 81. Reroute via Richmond Road flyover."
2025-03-15,17,3,Chinnaswamy Stadium Zone,MG Road,IPL Match: RCB vs SRH,33728,119174,10.53,4.35,110.02,4,123.59,69.45,89.73,85.69,1304,Light Rain,No,Severe,82,"IPL Match at Chinnaswamy Stadium (RCB vs SRH, 33,728 spectators). Heavy crowd movement on MG Road during peak match hours (17:00). Road DNA: 82. Reroute via Richmond Road flyover."
2025-05-13,17,5,Chinnaswamy Stadium Zone,Richmond Road,IPL Match: RCB vs DC,31895,93415,12.03,3.84,108.0,1,132.04,82.37,78.29,89.2,1792,Thunderstorm,Yes,High,80,"IPL Match at Chinnaswamy Stadium (RCB vs DC, 31,895 spectators). Heavy crowd movement on Richmond Road during peak match hours (17:00). Road DNA: 80. Reroute via Richmond Road flyover."
2025-04-06,23,4,Chinnaswamy Stadium Zone,Infant Jesus Church Junction,IPL Match: RCB vs SRH,34873,104674,6.95,3.88,103.64,2,147.56,74.47,87.19,87.57,2188,Heavy Rain,Yes,Severe,82,"IPL Match at Chinnaswamy Stadium (RCB vs SRH, 34,873 spectators). Heavy crowd movement on Infant Jesus Church Junction during peak match hours (23:00). Road DNA: 82. Reroute via Richmond Road flyover."
2025-04-16,20,4,Chinnaswamy Stadium Zone,Residency Road,IPL Match: RCB vs RR,32909,90636,11.9,4.21,102.11,1,139.11,72.72,79.94,90.25,3258,Light Rain,Yes,Severe,83,"IPL Match at Chinnaswamy Stadium (RCB vs RR, 32,909 spectators). Heavy crowd movement on Residency Road during peak match hours (20:00). Road DNA: 83. Reroute via Richmond Road flyover."
2025-04-23,18,4,Chinnaswamy Stadium Zone,Residency Road,IPL Match: RCB vs DC,28573,107863,8.8,4.19,113.05,4,187.62,82.83,84.26,87.71,2608,Heavy Rain,No,Severe,84,"IPL Match at Chinnaswamy Stadium (RCB vs DC, 28,573 spectators). Heavy crowd movement on Residency Road during peak match hours (18:00). Road DNA: 84. Reroute via Richmond Road flyover."
2025-03-17,21,3,Chinnaswamy Stadium Zone,MG Road,IPL Match: RCB vs CSK,31638,66388,16.22,1.92,89.37,3,182.99,66.94,71.01,85.58,2850,Thunderstorm,No,Medium,71,"IPL Match at Chinnaswamy Stadium (RCB vs CSK, 31,638 spectators). Heavy crowd movement on MG Road during peak match hours (21:00). Road DNA: 71. Reroute via Richmond Road flyover."
2025-04-20,18,4,Chinnaswamy Stadium Zone,Infant Jesus Church Junction,IPL Match: RCB vs GT,28198,106898,7.19,3.81,92.96,4,155.15,85.74,89.87,86.11,2979,Light Rain,Yes,Severe,86,"IPL Match at Chinnaswamy Stadium (RCB vs GT, 28,198 spectators). Heavy crowd movement on Infant Jesus Church Junction during peak match hours (18:00). Road DNA: 86. Reroute via Richmond Road flyover."
2025-04-13,17,4,Chinnaswamy Stadium Zone,MG Road,IPL Match: RCB vs DC,32029,114614,9.2,3.3,101.46,4,120.16,84.7,84.88,87.15,2598,Heavy Rain,No,Severe,91,"IPL Match at Chinnaswamy Stadium (RCB vs DC, 32,029 spectators). Heavy crowd movement on MG Road during peak match hours (17:00). Road DNA: 91. Reroute via Richmond Road flyover."
2025-04-04,18,4,Chinnaswamy Stadium Zone,Cubbon Road,IPL Match: RCB vs LSG,34939,87306,9.75,3.82,108.13,1,134.52,87.63,84.17,97.8,2546,Light Rain,Yes,Severe,80,"IPL Match at Chinnaswamy Stadium (RCB vs LSG, 34,939 spectators). Heavy crowd movement on Cubbon Road during peak match hours (18:00). Road DNA: 80. Reroute via Richmond Road flyover."
2025-05-15,20,5,Chinnaswamy Stadium Zone,MG Road,IPL Match: RCB vs CSK,29560,123588,12.12,3.58,108.69,4,141.71,67.59,81.36,98.78,811,Light Rain,Yes,Severe,93,"IPL Match at Chinnaswamy Stadium (RCB vs CSK, 29,560 spectators). Heavy crowd movement on MG Road during peak match hours (20:00). Road DNA: 93. Reroute via Richmond Road flyover."
2025-04-28,21,4,Chinnaswamy Stadium Zone,Richmond Road,IPL Match: RCB vs SRH,28535,61317,18.91,1.83,77.26,3,187.91,64.2,71.16,98.7,1551,Thunderstorm,Yes,Medium,66,"IPL Match at Chinnaswamy Stadium (RCB vs SRH, 28,535 spectators). Heavy crowd movement on Richmond Road during peak match hours (21:00). Road DNA: 66. Reroute via Richmond Road flyover."
2025-04-14,20,4,Chinnaswamy Stadium Zone,Richmond Road,IPL Match: RCB vs KKR,30893,56740,23.59,1.8,73.53,2,124.09,71.22,81.59,86.74,2628,Clear,No,Medium,71,"IPL Match at Chinnaswamy Stadium (RCB vs KKR, 30,893 spectators). Heavy crowd movement on Richmond Road during peak match hours (20:00). Road DNA: 71. Reroute via Richmond Road flyover."
2025-05-16,18,5,Chinnaswamy Stadium Zone,Infant Jesus Church Junction,IPL Match: RCB vs LSG,30247,118270,7.73,4.37,114.69,1,153.37,65.62,86.25,88.13,2889,Heavy Rain,No,Severe,84,"IPL Match at Chinnaswamy Stadium (RCB vs LSG, 30,247 spectators). Heavy crowd movement on Infant Jesus Church Junction during peak match hours (18:00). Road DNA: 84. Reroute via Richmond Road flyover."
2025-03-21,21,3,Chinnaswamy Stadium Zone,Residency Road,IPL Match: RCB vs SRH,31070,109234,8.31,3.15,110.64,2,153.96,83.03,83.76,91.93,2245,Heavy Rain,No,Severe,94,"IPL Match at Chinnaswamy Stadium (RCB vs SRH, 31,070 spectators). Heavy crowd movement on Residency Road during peak match hours (21:00). Road DNA: 94. Reroute via Richmond Road flyover."
2025-03-17,19,3,Chinnaswamy Stadium Zone,Infant Jesus Church Junction,IPL Match: RCB vs SRH,32211,110798,10.48,3.56,99.73,1,133.25,73.98,83.72,97.19,2409,Light Rain,Yes,Severe,88,"IPL Match at Chinnaswamy Stadium (RCB vs SRH, 32,211 spectators). Heavy crowd movement on Infant Jesus Church Junction during peak match hours (19:00). Road DNA: 88. Reroute via Richmond Road flyover."
2025-05-18,20,5,Chinnaswamy Stadium Zone,Richmond Road,IPL Match: RCB vs LSG,31174,89890,8.38,3.47,99.95,2,159.48,89.8,86.04,91.91,3477,Heavy Rain,Yes,Severe,85,"IPL Match at Chinnaswamy Stadium (RCB vs LSG, 31,174 spectators). Heavy crowd movement on Richmond Road during peak match hours (20:00). Road DNA: 85. Reroute via Richmond Road flyover."
2025-04-13,17,4,Chinnaswamy Stadium Zone,Kasturba Road,IPL Match: RCB vs SRH,33141,101339,13.2,3.33,104.14,3,186.8,70.83,89.58,87.51,2119,Heavy Rain,No,Severe,82,"IPL Match at Chinnaswamy Stadium (RCB vs SRH, 33,141 spectators). Heavy crowd movement on Kasturba Road during peak match hours (17:00). Road DNA: 82. Reroute via Richmond Road flyover."
2025-05-23,18,5,Chinnaswamy Stadium Zone,MG Road,IPL Match: RCB vs DC,34279,92956,13.13,4.15,108.26,3,166.87,60.67,84.4,86.9,2038,Heavy Rain,Yes,Severe,85,"IPL Match at Chinnaswamy Stadium (RCB vs DC, 34,279 spectators). Heavy crowd movement on MG Road during peak match hours (18:00). Road DNA: 85. Reroute via Richmond Road flyover."
2025-03-02,22,3,Chinnaswamy Stadium Zone,Residency Road,IPL Match: RCB vs KKR,33777,112289,13.99,3.3,98.82,1,145.52,72.21,71.88,94.28,1964,Clear,Yes,High,82,"IPL Match at Chinnaswamy Stadium (RCB vs KKR, 33,777 spectators). Heavy crowd movement on Residency Road during peak match hours (22:00). Road DNA: 82. Reroute via Richmond Road flyover."
2025-04-16,20,4,Chinnaswamy Stadium Zone,Infant Jesus Church Junction,IPL Match: RCB vs MI,32769,128011,8.91,3.96,101.03,4,132.07,68.37,73.67,94.32,1555,Heavy Rain,No,Severe,81,"IPL Match at Chinnaswamy Stadium (RCB vs MI, 32,769 spectators). Heavy crowd movement on Infant Jesus Church Junction during peak match hours (20:00). Road DNA: 81. Reroute via Richmond Road flyover."
2025-03-26,18,3,Chinnaswamy Stadium Zone,Cubbon Road,IPL Match: RCB vs DC,30977,89288,6.85,4.09,98.62,2,131.34,85.35,78.11,92.18,1369,Clear,No,High,90,"IPL Match at Chinnaswamy Stadium (RCB vs DC, 30,977 spectators). Heavy crowd movement on Cubbon Road during peak match hours (18:00). Road DNA: 90. Reroute via Richmond Road flyover."
2025-04-09,20,4,Chinnaswamy Stadium Zone,Kasturba Road,IPL Match: RCB vs RR,30980,100360,8.47,3.63,111.72,1,162.11,69.76,70.94,88.48,2323,Light Rain,Yes,Severe,95,"IPL Match at Chinnaswamy Stadium (RCB vs RR, 30,980 spectators). Heavy crowd movement on Kasturba Road during peak match hours (20:00). Road DNA: 95. Reroute via Richmond Road flyover."
2025-05-23,19,5,Chinnaswamy Stadium Zone,Residency Road,IPL Match: RCB vs MI,31188,123113,12.07,3.68,92.29,2,147.36,84.82,80.79,91.49,2846,Thunderstorm,Yes,High,89,"IPL Match at Chinnaswamy Stadium (RCB vs MI, 31,188 spectators). Heavy crowd movement on Residency Road during peak match hours (19:00). Road DNA: 89. Reroute via Richmond Road flyover."
2025-04-04,21,4,Chinnaswamy Stadium Zone,Kasturba Road,IPL Match: RCB vs GT,34426,95662,10.99,4.15,101.53,4,143.27,81.15,89.49,86.01,3400,Light Rain,Yes,Severe,78,"IPL Match at Chinnaswamy Stadium (RCB vs GT, 34,426 spectators). Heavy crowd movement on Kasturba Road during peak match hours (21:00). Road DNA: 78. Reroute via Richmond Road flyover."
2025-04-12,22,4,Chinnaswamy Stadium Zone,Cubbon Road,IPL Match: RCB vs RR,30226,118805,7.12,3.5,103.2,3,169.62,70.24,70.04,92.99,2660,Thunderstorm,No,High,92,"IPL Match at Chinnaswamy Stadium (RCB vs RR, 30,226 spectators). Heavy crowd movement on Cubbon Road during peak match hours (22:00). Road DNA: 92. Reroute via Richmond Road flyover."
2025-04-21,17,4,Chinnaswamy Stadium Zone,Residency Road,IPL Match: RCB vs RR,33069,93736,11.68,3.58,111.39,4,177.98,83.54,81.67,93.67,3430,Clear,Yes,High,87,"IPL Match at Chinnaswamy Stadium (RCB vs RR, 33,069 spectators). Heavy crowd movement on Residency Road during peak match hours (17:00). Road DNA: 87. Reroute via Richmond Road flyover."
2025-04-13,20,4,Chinnaswamy Stadium Zone,Infant Jesus Church Junction,IPL Match: RCB vs DC,30748,58451,15.31,2.16,75.58,4,165.49,75.41,79.18,87.71,1913,Thunderstorm,No,Medium,68,"IPL Match at Chinnaswamy Stadium (RCB vs DC, 30,748 spectators). Heavy crowd movement on Infant Jesus Church Junction during peak match hours (20:00). Road DNA: 68. Reroute via Richmond Road flyover."
2025-04-12,20,4,Chinnaswamy Stadium Zone,Richmond Road,IPL Match: RCB vs MI,31532,70288,24.36,1.78,77.49,0,135.44,86.94,81.26,99.58,3121,Thunderstorm,Yes,Medium,75,"IPL Match at Chinnaswamy Stadium (RCB vs MI, 31,532 spectators). Heavy crowd movement on Richmond Road during peak match hours (20:00). Road DNA: 75. Reroute via Richmond Road flyover."
2025-05-08,22,5,Chinnaswamy Stadium Zone,Richmond Road,IPL Match: RCB vs LSG,32294,121636,8.67,3.47,99.59,2,171.24,70.82,75.9,86.65,1536,Thunderstorm,No,High,82,"IPL Match at Chinnaswamy Stadium (RCB vs LSG, 32,294 spectators). Heavy crowd movement on Richmond Road during peak match hours (22:00). Road DNA: 82. Reroute via Richmond Road flyover."
2025-03-23,21,3,Chinnaswamy Stadium Zone,Infant Jesus Church Junction,IPL Match: RCB vs CSK,33209,60150,22.69,2.12,71.21,4,147.05,78.99,82.56,87.35,2183,Thunderstorm,No,Medium,64,"IPL Match at Chinnaswamy Stadium (RCB vs CSK, 33,209 spectators). Heavy crowd movement on Infant Jesus Church Junction during peak match hours (21:00). Road DNA: 64. Reroute via Richmond Road flyover."
2025-05-25,21,5,Chinnaswamy Stadium Zone,MG Road,IPL Match: RCB vs SRH,34045,111117,9.99,4.33,94.95,1,164.73,88.83,86.19,98.71,3166,Heavy Rain,Yes,Severe,92,"IPL Match at Chinnaswamy Stadium (RCB vs SRH, 34,045 spectators). Heavy crowd movement on MG Road during peak match hours (21:00). Road DNA: 92. Reroute via Richmond Road flyover."
2025-04-02,19,4,Chinnaswamy Stadium Zone,Richmond Road,IPL Match: RCB vs KKR,30049,105124,9.19,4.47,103.02,0,166.64,78.35,78.17,90.44,1523,Clear,No,High,85,"IPL Match at Chinnaswamy Stadium (RCB vs KKR, 30,049 spectators). Heavy crowd movement on Richmond Road during peak match hours (19:00). Road DNA: 85. Reroute via Richmond Road flyover."
2025-03-27,21,3,Chinnaswamy Stadium Zone,Residency Road,IPL Match: RCB vs SRH,34250,109542,7.53,4.5,94.33,0,135.33,74.38,88.52,93.16,1098,Heavy Rain,Yes,Severe,85,"IPL Match at Chinnaswamy Stadium (RCB vs SRH, 34,250 spectators). Heavy crowd movement on Residency Road during peak match hours (21:00). Road DNA: 85. Reroute via Richmond Road flyover."
2025-03-15,22,3,Chinnaswamy Stadium Zone,Kasturba Road,IPL Match: RCB vs LSG,33123,115785,6.99,3.1,105.26,0,177.68,67.22,78.35,99.15,2311,Clear,Yes,High,88,"IPL Match at Chinnaswamy Stadium (RCB vs LSG, 33,123 spectators). Heavy crowd movement on Kasturba Road during peak match hours (22:00). Road DNA: 88. Reroute via Richmond Road flyover."
2025-05-11,22,5,Chinnaswamy Stadium Zone,Cubbon Road,IPL Match: RCB vs CSK,28083,109994,8.16,4.49,93.15,0,131.69,85.03,82.5,89.11,2401,Heavy Rain,Yes,Severe,90,"IPL Match at Chinnaswamy Stadium (RCB vs CSK, 28,083 spectators). Heavy crowd movement on Cubbon Road during peak match hours (22:00). Road DNA: 90. Reroute via Richmond Road flyover."
2025-05-14,21,5,Chinnaswamy Stadium Zone,Kasturba Road,IPL Match: RCB vs RR,32894,124924,11.97,2.58,95.21,2,173.82,87.44,80.3,96.11,857,Heavy Rain,No,Severe,91,"IPL Match at Chinnaswamy Stadium (RCB vs RR, 32,894 spectators). Heavy crowd movement on Kasturba Road during peak match hours (21:00). Road DNA: 91. Reroute via Richmond Road flyover."
2025-05-15,16,5,Chinnaswamy Stadium Zone,Cubbon Road,IPL Match: RCB vs LSG,29422,127829,8.49,3.87,111.08,2,148.64,84.28,88.45,89.05,2146,Heavy Rain,Yes,Severe,78,"IPL Match at Chinnaswamy Stadium (RCB vs LSG, 29,422 spectators). Heavy crowd movement on Cubbon Road during peak match hours (16:00). Road DNA: 78. Reroute via Richmond Road flyover."
2025-04-17,23,4,Chinnaswamy Stadium Zone,Kasturba Road,IPL Match: RCB vs RR,32415,110533,6.73,3.36,108.35,4,167.09,74.74,87.12,93.21,1385,Light Rain,Yes,Severe,93,"IPL Match at Chinnaswamy Stadium (RCB vs RR, 32,415 spectators). Heavy crowd movement on Kasturba Road during peak match hours (23:00). Road DNA: 93. Reroute via Richmond Road flyover."
2025-03-11,23,3,Chinnaswamy Stadium Zone,Richmond Road,IPL Match: RCB vs LSG,30002,117072,10.13,3.22,104.04,0,158.94,65.86,89.8,99.73,1439,Thunderstorm,No,High,78,"IPL Match at Chinnaswamy Stadium (RCB vs LSG, 30,002 spectators). Heavy crowd movement on Richmond Road during peak match hours (23:00). Road DNA: 78. Reroute via Richmond Road flyover."
2025-04-22,19,4,Chinnaswamy Stadium Zone,Infant Jesus Church Junction,IPL Match: RCB vs LSG,28529,95973,8.13,4.09,92.47,2,148.73,79.89,72.38,92.75,1230,Light Rain,Yes,Severe,79,"IPL Match at Chinnaswamy Stadium (RCB vs LSG, 28,529 spectators). Heavy crowd movement on Infant Jesus Church Junction during peak match hours (19:00). Road DNA: 79. Reroute via Richmond Road flyover."
2025-03-20,16,3,Chinnaswamy Stadium Zone,MG Road,IPL Match: RCB vs KKR,31896,110248,10.77,3.71,112.45,0,159.66,83.99,89.76,86.58,3186,Light Rain,Yes,Severe,83,"IPL Match at Chinnaswamy Stadium (RCB vs KKR, 31,896 spectators). Heavy crowd movement on MG Road during peak match hours (16:00). Road DNA: 83. Reroute via Richmond Road flyover."
2025-03-15,23,3,Chinnaswamy Stadium Zone,Richmond Road,IPL Match: RCB vs SRH,33956,85856,10.28,3.97,114.96,0,176.59,81.08,77.28,93.22,812,Thunderstorm,Yes,High,94,"IPL Match at Chinnaswamy Stadium (RCB vs SRH, 33,956 spectators). Heavy crowd movement on Richmond Road during peak match hours (23:00). Road DNA: 94. Reroute via Richmond Road flyover."
2025-03-17,19,3,Chinnaswamy Stadium Zone,Kasturba Road,IPL Match: RCB vs DC,32221,85821,13.84,4.46,92.0,1,176.09,67.67,72.46,96.51,3338,Clear,No,High,82,"IPL Match at Chinnaswamy Stadium (RCB vs DC, 32,221 spectators). Heavy crowd movement on Kasturba Road during peak match hours (19:00). Road DNA: 82. Reroute via Richmond Road flyover."
2025-05-26,21,5,Chinnaswamy Stadium Zone,Kasturba Road,IPL Match: RCB vs GT,29917,104959,7.53,3.15,107.01,0,165.5,68.12,89.64,93.68,2275,Heavy Rain,Yes,Severe,86,"IPL Match at Chinnaswamy Stadium (RCB vs GT, 29,917 spectators). Heavy crowd movement on Kasturba Road during peak match hours (21:00). Road DNA: 86. Reroute via Richmond Road flyover."
2025-03-19,23,3,Chinnaswamy Stadium Zone,Kasturba Road,IPL Match: RCB vs GT,31549,100675,6.85,3.08,93.3,3,133.12,79.42,88.36,91.16,1554,Thunderstorm,No,High,92,"IPL Match at Chinnaswamy Stadium (RCB vs GT, 31,549 spectators). Heavy crowd movement on Kasturba Road during peak match hours (23:00). Road DNA: 92. Reroute via Richmond Road flyover."
2025-04-05,21,4,Chinnaswamy Stadium Zone,Residency Road,IPL Match: RCB vs CSK,29702,81628,21.24,2.13,87.82,2,175.03,84.26,84.0,98.37,848,Thunderstorm,No,Medium,59,"IPL Match at Chinnaswamy Stadium (RCB vs CSK, 29,702 spectators). Heavy crowd movement on Residency Road during peak match hours (21:00). Road DNA: 59. Reroute via Richmond Road flyover."
2025-03-08,19,3,Chinnaswamy Stadium Zone,MG Road,IPL Match: RCB vs LSG,32950,101985,8.58,3.31,100.92,2,185.05,73.57,84.44,93.97,3066,Light Rain,Yes,Severe,89,"IPL Match at Chinnaswamy Stadium (RCB vs LSG, 32,950 spectators). Heavy crowd movement on MG Road during peak match hours (19:00). Road DNA: 89. Reroute via Richmond Road flyover."
2025-04-13,17,4,Chinnaswamy Stadium Zone,Cubbon Road,IPL Match: RCB vs MI,31823,86336,11.12,3.66,112.74,1,143.4,71.34,80.82,92.63,1366,Light Rain,Yes,Severe,86,"IPL Match at Chinnaswamy Stadium (RCB vs MI, 31,823 spectators). Heavy crowd movement on Cubbon Road during peak match hours (17:00). Road DNA: 86. Reroute via Richmond Road flyover."
2025-04-03,20,4,Chinnaswamy Stadium Zone,MG Road,IPL Match: RCB vs LSG,30940,108585,6.64,2.6,107.7,0,137.29,85.6,82.37,86.38,2206,Light Rain,Yes,Severe,88,"IPL Match at Chinnaswamy Stadium (RCB vs LSG, 30,940 spectators). Heavy crowd movement on MG Road during peak match hours (20:00). Road DNA: 88. Reroute via Richmond Road flyover."
2025-05-04,19,5,Chinnaswamy Stadium Zone,Kasturba Road,IPL Match: RCB vs RR,30821,110445,9.11,2.54,102.47,1,146.59,79.15,85.18,92.02,1745,Light Rain,Yes,Severe,92,"IPL Match at Chinnaswamy Stadium (RCB vs RR, 30,821 spectators). Heavy crowd movement on Kasturba Road during peak match hours (19:00). Road DNA: 92. Reroute via Richmond Road flyover."
2025-03-06,16,3,Chinnaswamy Stadium Zone,Infant Jesus Church Junction,IPL Match: RCB vs CSK,34868,106109,12.44,2.98,98.39,3,127.6,79.92,70.15,89.54,1003,Light Rain,No,Severe,88,"IPL Match at Chinnaswamy Stadium (RCB vs CSK, 34,868 spectators). Heavy crowd movement on Infant Jesus Church Junction during peak match hours (16:00). Road DNA: 88. Reroute via Richmond Road flyover."
2025-05-17,18,5,Chinnaswamy Stadium Zone,Infant Jesus Church Junction,IPL Match: RCB vs KKR,30827,91566,8.2,3.36,100.78,1,120.5,78.78,83.1,90.73,3440,Thunderstorm,No,High,81,"IPL Match at Chinnaswamy Stadium (RCB vs KKR, 30,827 spectators). Heavy crowd movement on Infant Jesus Church Junction during peak match hours (18:00). Road DNA: 81. Reroute via Richmond Road flyover."
2025-04-18,22,4,Chinnaswamy Stadium Zone,MG Road,IPL Match: RCB vs SRH,33638,124311,13.85,2.5,93.51,4,135.46,65.93,72.01,94.43,1766,Light Rain,No,Severe,94,"IPL Match at Chinnaswamy Stadium (RCB vs SRH, 33,638 spectators). Heavy crowd movement on MG Road during peak match hours (22:00). Road DNA: 94. Reroute via Richmond Road flyover."
2025-03-25,21,3,Chinnaswamy Stadium Zone,Kasturba Road,IPL Match: RCB vs CSK,28929,116974,11.2,2.68,97.93,3,145.31,83.97,81.03,86.68,3010,Heavy Rain,Yes,Severe,89,"IPL Match at Chinnaswamy Stadium (RCB vs CSK, 28,929 spectators). Heavy crowd movement on Kasturba Road during peak match hours (21:00). Road DNA: 89. Reroute via Richmond Road flyover."
2025-05-16,23,5,Chinnaswamy Stadium Zone,Cubbon Road,IPL Match: RCB vs CSK,33822,122243,11.75,3.28,110.46,4,163.44,76.99,79.03,85.09,3313,Clear,No,High,85,"IPL Match at Chinnaswamy Stadium (RCB vs CSK, 33,822 spectators). Heavy crowd movement on Cubbon Road during peak match hours (23:00). Road DNA: 85. Reroute via Richmond Road flyover."
2025-05-22,19,5,Chinnaswamy Stadium Zone,Richmond Road,IPL Match: RCB vs RR,34147,98925,11.51,3.79,114.17,2,149.03,81.27,77.71,88.17,1780,Heavy Rain,Yes,Severe,79,"IPL Match at Chinnaswamy Stadium (RCB vs RR, 34,147 spectators). Heavy crowd movement on Richmond Road during peak match hours (19:00). Road DNA: 79. Reroute via Richmond Road flyover."
2025-04-09,23,4,Chinnaswamy Stadium Zone,Cubbon Road,IPL Match: RCB vs KKR,29764,104639,7.2,3.24,102.3,1,125.8,68.68,81.71,86.44,2392,Light Rain,Yes,Severe,88,"IPL Match at Chinnaswamy Stadium (RCB vs KKR, 29,764 spectators). Heavy crowd movement on Cubbon Road during peak match hours (23:00). Road DNA: 88. Reroute via Richmond Road flyover."
2025-04-16,21,4,Chinnaswamy Stadium Zone,Residency Road,IPL Match: RCB vs CSK,34955,69524,22.69,1.89,72.27,3,180.28,86.78,71.65,87.89,822,Thunderstorm,Yes,Medium,62,"IPL Match at Chinnaswamy Stadium (RCB vs CSK, 34,955 spectators). Heavy crowd movement on Residency Road during peak match hours (21:00). Road DNA: 62. Reroute via Richmond Road flyover."
2025-04-16,18,4,Chinnaswamy Stadium Zone,Residency Road,IPL Match: RCB vs DC,28713,100508,12.94,3.89,97.64,4,179.4,84.4,83.18,92.93,1736,Clear,No,High,83,"IPL Match at Chinnaswamy Stadium (RCB vs DC, 28,713 spectators). Heavy crowd movement on Residency Road during peak match hours (18:00). Road DNA: 83. Reroute via Richmond Road flyover."
2025-03-13,20,3,Chinnaswamy Stadium Zone,Residency Road,IPL Match: RCB vs GT,33582,124078,6.5,4.34,112.77,2,175.64,65.95,76.94,93.72,2838,Heavy Rain,Yes,Severe,89,"IPL Match at Chinnaswamy Stadium (RCB vs GT, 33,582 spectators). Heavy crowd movement on Residency Road during peak match hours (20:00). Road DNA: 89. Reroute via Richmond Road flyover."
2025-03-23,22,3,Chinnaswamy Stadium Zone,Richmond Road,IPL Match: RCB vs DC,34857,125844,12.34,2.78,98.83,0,171.8,80.82,76.28,99.09,3161,Heavy Rain,No,Severe,82,"IPL Match at Chinnaswamy Stadium (RCB vs DC, 34,857 spectators). Heavy crowd movement on Richmond Road during peak match hours (22:00). Road DNA: 82. Reroute via Richmond Road flyover."
2025-05-23,21,5,Chinnaswamy Stadium Zone,Residency Road,IPL Match: RCB vs MI,28589,72770,21.08,1.61,87.67,0,154.94,64.14,84.71,97.46,1065,Clear,Yes,Medium,61,"IPL Match at Chinnaswamy Stadium (RCB vs MI, 28,589 spectators). Heavy crowd movement on Residency Road during peak match hours (21:00). Road DNA: 61. Reroute via Richmond Road flyover."
2025-03-12,22,3,Chinnaswamy Stadium Zone,MG Road,IPL Match: RCB vs DC,28329,99361,10.01,3.91,101.25,3,156.2,65.36,80.78,97.44,2835,Heavy Rain,No,Severe,89,"IPL Match at Chinnaswamy Stadium (RCB vs DC, 28,329 spectators). Heavy crowd movement on MG Road during peak match hours (22:00). Road DNA: 89. Reroute via Richmond Road flyover."
2025-05-26,23,5,Chinnaswamy Stadium Zone,Kasturba Road,IPL Match: RCB vs DC,34215,92445,10.62,3.69,96.17,4,158.37,65.2,80.15,91.51,1335,Heavy Rain,Yes,Severe,86,"IPL Match at Chinnaswamy Stadium (RCB vs DC, 34,215 spectators). Heavy crowd movement on Kasturba Road during peak match hours (23:00). Road DNA: 86. Reroute via Richmond Road flyover."
2025-05-26,18,5,Chinnaswamy Stadium Zone,Cubbon Road,IPL Match: RCB vs GT,29483,108076,10.12,3.99,92.12,2,183.02,61.08,73.68,94.86,2903,Light Rain,No,Severe,92,"IPL Match at Chinnaswamy Stadium (RCB vs GT, 29,483 spectators). Heavy crowd movement on Cubbon Road during peak match hours (18:00). Road DNA: 92. Reroute via Richmond Road flyover."
2025-04-01,16,4,Chinnaswamy Stadium Zone,Kasturba Road,IPL Match: RCB vs LSG,33600,121173,9.44,2.95,105.56,2,170.98,80.45,88.96,89.28,1555,Light Rain,Yes,Severe,82,"IPL Match at Chinnaswamy Stadium (RCB vs LSG, 33,600 spectators). Heavy crowd movement on Kasturba Road during peak match hours (16:00). Road DNA: 82. Reroute via Richmond Road flyover."
2025-05-23,18,5,Chinnaswamy Stadium Zone,Cubbon Road,IPL Match: RCB vs SRH,33280,110619,8.02,3.12,94.35,4,149.25,69.79,83.64,95.95,2297,Thunderstorm,Yes,High,85,"IPL Match at Chinnaswamy Stadium (RCB vs SRH, 33,280 spectators). Heavy crowd movement on Cubbon Road during peak match hours (18:00). Road DNA: 85. Reroute via Richmond Road flyover."
2025-04-13,19,4,Chinnaswamy Stadium Zone,Residency Road,IPL Match: RCB vs CSK,29550,96716,10.08,3.93,108.61,1,187.54,89.03,86.95,95.54,1009,Thunderstorm,No,High,92,"IPL Match at Chinnaswamy Stadium (RCB vs CSK, 29,550 spectators). Heavy crowd movement on Residency Road during peak match hours (19:00). Road DNA: 92. Reroute via Richmond Road flyover."
2025-03-04,17,3,Chinnaswamy Stadium Zone,MG Road,IPL Match: RCB vs MI,34717,96418,10.66,3.01,101.3,3,124.38,82.78,79.7,95.52,1619,Heavy Rain,Yes,Severe,83,"IPL Match at Chinnaswamy Stadium (RCB vs MI, 34,717 spectators). Heavy crowd movement on MG Road during peak match hours (17:00). Road DNA: 83. Reroute via Richmond Road flyover."
2025-05-08,18,5,Chinnaswamy Stadium Zone,MG Road,IPL Match: RCB vs MI,29245,108495,11.08,3.51,111.9,4,145.9,85.71,74.74,87.44,1949,Light Rain,No,Severe,83,"IPL Match at Chinnaswamy Stadium (RCB vs MI, 29,245 spectators). Heavy crowd movement on MG Road during peak match hours (18:00). Road DNA: 83. Reroute via Richmond Road flyover."
2025-04-16,20,4,Chinnaswamy Stadium Zone,Residency Road,IPL Match: RCB vs SRH,32606,96390,7.96,3.61,114.04,2,138.67,78.43,79.59,85.32,1267,Heavy Rain,Yes,Severe,78,"IPL Match at Chinnaswamy Stadium (RCB vs SRH, 32,606 spectators). Heavy crowd movement on Residency Road during peak match hours (20:00). Road DNA: 78. Reroute via Richmond Road flyover."
2025-04-26,22,4,Chinnaswamy Stadium Zone,Cubbon Road,IPL Match: RCB vs LSG,30879,113848,8.73,4.39,96.9,0,143.75,62.17,79.65,93.3,2807,Heavy Rain,No,Severe,83,"IPL Match at Chinnaswamy Stadium (RCB vs LSG, 30,879 spectators). Heavy crowd movement on Cubbon Road during peak match hours (22:00). Road DNA: 83. Reroute via Richmond Road flyover."
2025-04-01,18,4,Chinnaswamy Stadium Zone,Infant Jesus Church Junction,IPL Match: RCB vs MI,31144,120957,12.72,2.72,100.36,3,175.56,67.64,73.99,95.09,1758,Clear,Yes,High,82,"IPL Match at Chinnaswamy Stadium (RCB vs MI, 31,144 spectators). Heavy crowd movement on Infant Jesus Church Junction during peak match hours (18:00). Road DNA: 82. Reroute via Richmond Road flyover."
2025-03-27,17,3,Chinnaswamy Stadium Zone,Residency Road,IPL Match: RCB vs SRH,31933,106773,7.65,3.18,93.25,3,122.77,63.67,77.94,93.71,1867,Clear,Yes,High,89,"IPL Match at Chinnaswamy Stadium (RCB vs SRH, 31,933 spectators). Heavy crowd movement on Residency Road during peak match hours (17:00). Road DNA: 89. Reroute via Richmond Road flyover."
2025-04-21,19,4,Chinnaswamy Stadium Zone,MG Road,IPL Match: RCB vs CSK,33120,117494,6.6,3.06,98.55,0,170.92,62.23,71.26,95.15,1985,Heavy Rain,Yes,Severe,78,"IPL Match at Chinnaswamy Stadium (RCB vs CSK, 33,120 spectators). Heavy crowd movement on MG Road during peak match hours (19:00). Road DNA: 78. Reroute via Richmond Road flyover."
2025-05-01,23,5,Chinnaswamy Stadium Zone,Infant Jesus Church Junction,IPL Match: RCB vs RR,34794,99138,8.24,3.89,93.13,3,168.89,67.28,78.36,99.22,2470,Clear,Yes,High,80,"IPL Match at Chinnaswamy Stadium (RCB vs RR, 34,794 spectators). Heavy crowd movement on Infant Jesus Church Junction during peak match hours (23:00). Road DNA: 80. Reroute via Richmond Road flyover."
2025-05-12,17,5,Chinnaswamy Stadium Zone,Residency Road,IPL Match: RCB vs DC,30990,94274,12.12,4.2,96.81,1,122.93,89.07,78.09,98.9,1154,Heavy Rain,Yes,Severe,85,"IPL Match at Chinnaswamy Stadium (RCB vs DC, 30,990 spectators). Heavy crowd movement on Residency Road during peak match hours (17:00). Road DNA: 85. Reroute via Richmond Road flyover."
2025-03-03,23,3,Chinnaswamy Stadium Zone,Richmond Road,IPL Match: RCB vs CSK,30748,94888,11.07,3.33,105.06,0,138.69,61.87,70.83,89.38,3308,Light Rain,No,Severe,85,"IPL Match at Chinnaswamy Stadium (RCB vs CSK, 30,748 spectators). Heavy crowd movement on Richmond Road during peak match hours (23:00). Road DNA: 85. Reroute via Richmond Road flyover."
2025-05-02,16,5,Chinnaswamy Stadium Zone,Richmond Road,IPL Match: RCB vs DC,34489,93428,8.41,2.74,95.38,3,141.19,88.01,78.44,90.98,1367,Light Rain,Yes,Severe,85,"IPL Match at Chinnaswamy Stadium (RCB vs DC, 34,489 spectators). Heavy crowd movement on Richmond Road during peak match hours (16:00). Road DNA: 85. Reroute via Richmond Road flyover."
2025-03-15,22,3,Chinnaswamy Stadium Zone,Residency Road,IPL Match: RCB vs SRH,33401,94247,12.71,3.99,92.56,0,144.02,64.71,72.31,93.53,2006,Light Rain,No,Severe,94,"IPL Match at Chinnaswamy Stadium (RCB vs SRH, 33,401 spectators). Heavy crowd movement on Residency Road during peak match hours (22:00). Road DNA: 94. Reroute via Richmond Road flyover."
2025-05-22,17,5,Chinnaswamy Stadium Zone,Residency Road,IPL Match: RCB vs CSK,32462,112644,7.0,3.51,107.78,0,149.87,69.97,80.17,92.94,955,Light Rain,Yes,Severe,91,"IPL Match at Chinnaswamy Stadium (RCB vs CSK, 32,462 spectators). Heavy crowd movement on Residency Road during peak match hours (17:00). Road DNA: 91. Reroute via Richmond Road flyover."
2025-04-14,21,4,Chinnaswamy Stadium Zone,Richmond Road,IPL Match: RCB vs LSG,29049,61117,21.5,1.75,71.23,0,126.44,80.42,72.97,96.3,3234,Clear,No,Medium,73,"IPL Match at Chinnaswamy Stadium (RCB vs LSG, 29,049 spectators). Heavy crowd movement on Richmond Road during peak match hours (21:00). Road DNA: 73. Reroute via Richmond Road flyover."
2025-05-03,17,5,Chinnaswamy Stadium Zone,Residency Road,IPL Match: RCB vs LSG,32737,92870,7.11,2.8,100.18,2,143.33,60.79,80.23,90.81,2511,Thunderstorm,Yes,High,80,"IPL Match at Chinnaswamy Stadium (RCB vs LSG, 32,737 spectators). Heavy crowd movement on Residency Road during peak match hours (17:00). Road DNA: 80. Reroute via Richmond Road flyover."
2025-03-19,17,3,Chinnaswamy Stadium Zone,MG Road,IPL Match: RCB vs LSG,28704,127456,9.73,3.88,109.04,2,161.94,79.07,79.95,98.36,1878,Clear,Yes,High,78,"IPL Match at Chinnaswamy Stadium (RCB vs LSG, 28,704 spectators). Heavy crowd movement on MG Road during peak match hours (17:00). Road DNA: 78. Reroute via Richmond Road flyover."
2025-03-07,16,3,Chinnaswamy Stadium Zone,Kasturba Road,IPL Match: RCB vs LSG,28109,106999,9.55,3.07,108.33,0,150.8,86.89,80.91,97.8,2456,Light Rain,No,Severe,93,"IPL Match at Chinnaswamy Stadium (RCB vs LSG, 28,109 spectators). Heavy crowd movement on Kasturba Road during peak match hours (16:00). Road DNA: 93. Reroute via Richmond Road flyover."
2025-04-09,23,4,Chinnaswamy Stadium Zone,Residency Road,IPL Match: RCB vs LSG,32300,88962,11.3,3.78,106.42,3,125.82,65.66,81.7,96.14,2760,Light Rain,Yes,Severe,85,"IPL Match at Chinnaswamy Stadium (RCB vs LSG, 32,300 spectators). Heavy crowd movement on Residency Road during peak match hours (23:00). Road DNA: 85. Reroute via Richmond Road flyover."
2025-04-13,16,4,Chinnaswamy Stadium Zone,Residency Road,IPL Match: RCB vs MI,32489,57988,19.83,1.84,78.93,3,122.65,73.8,89.04,87.03,3210,Clear,Yes,Medium,58,"IPL Match at Chinnaswamy Stadium (RCB vs MI, 32,489 spectators). Heavy crowd movement on Residency Road during peak match hours (16:00). Road DNA: 58. Reroute via Richmond Road flyover."
2025-04-23,19,4,Chinnaswamy Stadium Zone,Kasturba Road,IPL Match: RCB vs CSK,29721,95683,11.89,3.26,95.63,1,136.91,81.78,72.72,99.17,3238,Light Rain,Yes,Severe,85,"IPL Match at Chinnaswamy Stadium (RCB vs CSK, 29,721 spectators). Heavy crowd movement on Kasturba Road during peak match hours (19:00). Road DNA: 85. Reroute via Richmond Road flyover."
2025-03-17,21,3,Chinnaswamy Stadium Zone,Richmond Road,IPL Match: RCB vs LSG,28611,63702,24.41,1.82,86.55,2,129.65,83.43,80.87,89.23,2185,Clear,Yes,Medium,62,"IPL Match at Chinnaswamy Stadium (RCB vs LSG, 28,611 spectators). Heavy crowd movement on Richmond Road during peak match hours (21:00). Road DNA: 62. Reroute via Richmond Road flyover."
2025-04-10,23,4,Chinnaswamy Stadium Zone,Residency Road,IPL Match: RCB vs DC,34428,108300,11.02,4.28,104.59,1,134.0,74.72,83.33,87.91,2235,Clear,No,High,82,"IPL Match at Chinnaswamy Stadium (RCB vs DC, 34,428 spectators). Heavy crowd movement on Residency Road during peak match hours (23:00). Road DNA: 82. Reroute via Richmond Road flyover."
2025-04-15,23,4,Chinnaswamy Stadium Zone,Cubbon Road,IPL Match: RCB vs CSK,32722,120169,9.14,4.25,95.83,2,129.6,75.21,71.72,88.51,1680,Light Rain,Yes,Severe,79,"IPL Match at Chinnaswamy Stadium (RCB vs CSK, 32,722 spectators). Heavy crowd movement on Cubbon Road during peak match hours (23:00). Road DNA: 79. Reroute via Richmond Road flyover."
2025-05-12,19,5,Chinnaswamy Stadium Zone,Kasturba Road,IPL Match: RCB vs MI,34496,108730,12.22,2.99,97.25,4,122.3,66.81,72.45,99.9,2341,Thunderstorm,No,High,93,"IPL Match at Chinnaswamy Stadium (RCB vs MI, 34,496 spectators). Heavy crowd movement on Kasturba Road during peak match hours (19:00). Road DNA: 93. Reroute via Richmond Road flyover."
2025-04-08,18,4,Chinnaswamy Stadium Zone,Kasturba Road,IPL Match: RCB vs KKR,29048,118585,9.24,4.26,100.24,2,188.88,88.41,79.21,94.03,3423,Light Rain,Yes,Severe,85,"IPL Match at Chinnaswamy Stadium (RCB vs KKR, 29,048 spectators). Heavy crowd movement on Kasturba Road during peak match hours (18:00). Road DNA: 85. Reroute via Richmond Road flyover."
2025-05-16,16,5,Chinnaswamy Stadium Zone,Infant Jesus Church Junction,IPL Match: RCB vs GT,28286,120358,10.05,3.43,97.65,1,189.57,88.11,78.51,97.24,3291,Heavy Rain,Yes,Severe,94,"IPL Match at Chinnaswamy Stadium (RCB vs GT, 28,286 spectators). Heavy crowd movement on Infant Jesus Church Junction during peak match hours (16:00). Road DNA: 94. Reroute via Richmond Road flyover."
2025-04-03,19,4,Chinnaswamy Stadium Zone,Infant Jesus Church Junction,IPL Match: RCB vs SRH,32349,120167,13.32,3.91,102.49,4,129.36,70.96,79.07,97.11,997,Thunderstorm,No,High,90,"IPL Match at Chinnaswamy Stadium (RCB vs SRH, 32,349 spectators). Heavy crowd movement on Infant Jesus Church Junction during peak match hours (19:00). Road DNA: 90. Reroute via Richmond Road flyover."
2025-04-05,19,4,Chinnaswamy Stadium Zone,Richmond Road,IPL Match: RCB vs MI,28929,123747,10.07,3.71,96.51,3,156.85,79.57,72.13,99.67,2117,Clear,No,High,95,"IPL Match at Chinnaswamy Stadium (RCB vs MI, 28,929 spectators). Heavy crowd movement on Richmond Road during peak match hours (19:00). Road DNA: 95. Reroute via Richmond Road flyover."
2025-03-07,20,3,Chinnaswamy Stadium Zone,Residency Road,IPL Match: RCB vs RR,33022,68399,16.34,1.7,90.91,0,127.62,84.76,78.21,89.41,1347,Clear,Yes,Medium,72,"IPL Match at Chinnaswamy Stadium (RCB vs RR, 33,022 spectators). Heavy crowd movement on Residency Road during peak match hours (20:00). Road DNA: 72. Reroute via Richmond Road flyover."
2025-05-01,19,5,Chinnaswamy Stadium Zone,Infant Jesus Church Junction,IPL Match: RCB vs RR,34346,85495,11.96,2.82,104.75,0,142.27,83.02,78.91,85.29,3021,Clear,Yes,High,84,"IPL Match at Chinnaswamy Stadium (RCB vs RR, 34,346 spectators). Heavy crowd movement on Infant Jesus Church Junction during peak match hours (19:00). Road DNA: 84. Reroute via Richmond Road flyover."
2025-05-04,16,5,Chinnaswamy Stadium Zone,Richmond Road,IPL Match: RCB vs DC,28984,66419,22.09,2.32,86.6,3,128.82,76.29,83.96,92.76,2112,Clear,No,Medium,65,"IPL Match at Chinnaswamy Stadium (RCB vs DC, 28,984 spectators). Heavy crowd movement on Richmond Road during peak match hours (16:00). Road DNA: 65. Reroute via Richmond Road flyover."
2025-05-12,18,5,Chinnaswamy Stadium Zone,Kasturba Road,IPL Match: RCB vs LSG,28699,98434,12.93,3.15,92.57,1,166.07,80.19,73.03,95.23,2154,Light Rain,Yes,Severe,93,"IPL Match at Chinnaswamy Stadium (RCB vs LSG, 28,699 spectators). Heavy crowd movement on Kasturba Road during peak match hours (18:00). Road DNA: 93. Reroute via Richmond Road flyover."
2025-05-15,21,5,Chinnaswamy Stadium Zone,MG Road,IPL Match: RCB vs DC,31535,56894,16.82,1.81,85.02,3,186.2,63.99,89.35,89.83,1097,Clear,No,Medium,74,"IPL Match at Chinnaswamy Stadium (RCB vs DC, 31,535 spectators). Heavy crowd movement on MG Road during peak match hours (21:00). Road DNA: 74. Reroute via Richmond Road flyover."
2025-03-02,22,3,Chinnaswamy Stadium Zone,Residency Road,IPL Match: RCB vs SRH,33869,96572,13.44,3.13,97.13,3,146.53,72.26,86.73,92.64,2168,Light Rain,No,Severe,84,"IPL Match at Chinnaswamy Stadium (RCB vs SRH, 33,869 spectators). Heavy crowd movement on Residency Road during peak match hours (22:00). Road DNA: 84. Reroute via Richmond Road flyover."
2025-04-27,17,4,Chinnaswamy Stadium Zone,Infant Jesus Church Junction,IPL Match: RCB vs GT,31061,99547,9.56,3.27,110.9,1,150.44,85.18,74.89,91.59,1591,Thunderstorm,No,High,83,"IPL Match at Chinnaswamy Stadium (RCB vs GT, 31,061 spectators). Heavy crowd movement on Infant Jesus Church Junction during peak match hours (17:00). Road DNA: 83. Reroute via Richmond Road flyover."
2025-04-11,23,4,Chinnaswamy Stadium Zone,Richmond Road,IPL Match: RCB vs RR,31501,118431,8.61,2.88,106.29,3,157.81,89.8,72.95,97.78,812,Heavy Rain,Yes,Severe,88,"IPL Match at Chinnaswamy Stadium (RCB vs RR, 31,501 spectators). Heavy crowd movement on Richmond Road during peak match hours (23:00). Road DNA: 88. Reroute via Richmond Road flyover."
2025-04-09,18,4,Chinnaswamy Stadium Zone,Cubbon Road,IPL Match: RCB vs CSK,34483,94654,9.78,4.01,110.76,2,140.27,75.58,79.96,89.87,1077,Clear,Yes,High,92,"IPL Match at Chinnaswamy Stadium (RCB vs CSK, 34,483 spectators). Heavy crowd movement on Cubbon Road during peak match hours (18:00). Road DNA: 92. Reroute via Richmond Road flyover."
2025-03-16,16,3,Chinnaswamy Stadium Zone,Residency Road,IPL Match: RCB vs KKR,28730,121267,9.53,3.39,94.99,3,176.87,80.05,79.35,89.42,2560,Light Rain,No,Severe,90,"IPL Match at Chinnaswamy Stadium (RCB vs KKR, 28,730 spectators). Heavy crowd movement on Residency Road during peak match hours (16:00). Road DNA: 90. Reroute via Richmond Road flyover."
2025-03-01,22,3,Chinnaswamy Stadium Zone,Cubbon Road,IPL Match: RCB vs SRH,30140,104884,12.86,2.66,113.98,0,141.47,86.28,75.11,87.12,2387,Light Rain,No,Severe,90,"IPL Match at Chinnaswamy Stadium (RCB vs SRH, 30,140 spectators). Heavy crowd movement on Cubbon Road during peak match hours (22:00). Road DNA: 90. Reroute via Richmond Road flyover."
2025-03-27,18,3,Chinnaswamy Stadium Zone,MG Road,IPL Match: RCB vs LSG,29332,110941,11.95,2.82,94.65,2,124.44,89.33,75.08,93.79,1088,Light Rain,Yes,Severe,82,"IPL Match at Chinnaswamy Stadium (RCB vs LSG, 29,332 spectators). Heavy crowd movement on MG Road during peak match hours (18:00). Road DNA: 82. Reroute via Richmond Road flyover."
2025-05-08,18,5,Chinnaswamy Stadium Zone,Residency Road,IPL Match: RCB vs SRH,33763,109390,10.62,3.69,114.46,2,170.56,60.3,72.54,96.87,971,Heavy Rain,No,Severe,94,"IPL Match at Chinnaswamy Stadium (RCB vs SRH, 33,763 spectators). Heavy crowd movement on Residency Road during peak match hours (18:00). Road DNA: 94. Reroute via Richmond Road flyover."
2025-05-22,23,5,Chinnaswamy Stadium Zone,Residency Road,IPL Match: RCB vs DC,28243,102060,11.74,2.86,94.11,0,126.95,75.33,74.09,88.2,1250,Light Rain,No,Severe,95,"IPL Match at Chinnaswamy Stadium (RCB vs DC, 28,243 spectators). Heavy crowd movement on Residency Road during peak match hours (23:00). Road DNA: 95. Reroute via Richmond Road flyover."
2025-03-09,18,3,Chinnaswamy Stadium Zone,Richmond Road,IPL Match: RCB vs CSK,32959,107464,13.12,2.78,107.66,0,179.41,74.15,71.63,87.97,1596,Light Rain,Yes,Severe,95,"IPL Match at Chinnaswamy Stadium (RCB vs CSK, 32,959 spectators). Heavy crowd movement on Richmond Road during peak match hours (18:00). Road DNA: 95. Reroute via Richmond Road flyover."
2025-04-02,22,4,Chinnaswamy Stadium Zone,Cubbon Road,IPL Match: RCB vs MI,33799,99929,10.12,3.47,106.99,2,143.19,61.43,74.5,87.55,1847,Clear,No,High,93,"IPL Match at Chinnaswamy Stadium (RCB vs MI, 33,799 spectators). Heavy crowd movement on Cubbon Road during peak match hours (22:00). Road DNA: 93. Reroute via Richmond Road flyover."
2025-04-05,22,4,Chinnaswamy Stadium Zone,Infant Jesus Church Junction,IPL Match: RCB vs DC,31163,127705,10.86,2.65,114.79,1,139.56,83.38,85.46,99.33,1216,Clear,Yes,High,84,"IPL Match at Chinnaswamy Stadium (RCB vs DC, 31,163 spectators). Heavy crowd movement on Infant Jesus Church Junction during peak match hours (22:00). Road DNA: 84. Reroute via Richmond Road flyover."
2025-05-16,21,5,Chinnaswamy Stadium Zone,Richmond Road,IPL Match: RCB vs SRH,30059,103980,11.26,3.77,96.75,1,154.54,89.45,72.46,89.49,2971,Heavy Rain,Yes,Severe,81,"IPL Match at Chinnaswamy Stadium (RCB vs SRH, 30,059 spectators). Heavy crowd movement on Richmond Road during peak match hours (21:00). Road DNA: 81. Reroute via Richmond Road flyover."
2025-05-24,18,5,Chinnaswamy Stadium Zone,Richmond Road,IPL Match: RCB vs CSK,30294,124932,8.65,4.28,97.95,4,138.63,84.9,85.37,88.9,2782,Thunderstorm,Yes,High,78,"IPL Match at Chinnaswamy Stadium (RCB vs CSK, 30,294 spectators). Heavy crowd movement on Richmond Road during peak match hours (18:00). Road DNA: 78. Reroute via Richmond Road flyover."
2025-04-09,17,4,Chinnaswamy Stadium Zone,Cubbon Road,IPL Match: RCB vs GT,34907,106375,10.54,2.53,107.79,4,187.8,66.82,77.85,97.29,1546,Thunderstorm,No,High,95,"IPL Match at Chinnaswamy Stadium (RCB vs GT, 34,907 spectators). Heavy crowd movement on Cubbon Road during peak match hours (17:00). Road DNA: 95. Reroute via Richmond Road flyover."
2025-03-18,22,3,Chinnaswamy Stadium Zone,Cubbon Road,IPL Match: RCB vs DC,33118,99873,13.92,3.9,94.1,0,177.77,76.05,74.69,93.31,2906,Clear,No,High,88,"IPL Match at Chinnaswamy Stadium (RCB vs DC, 33,118 spectators). Heavy crowd movement on Cubbon Road during peak match hours (22:00). Road DNA: 88. Reroute via Richmond Road flyover."
2025-04-26,20,4,Chinnaswamy Stadium Zone,Residency Road,IPL Match: RCB vs SRH,30708,128647,10.35,2.8,110.6,1,135.77,78.78,82.73,97.52,1980,Heavy Rain,No,Severe,93,"IPL Match at Chinnaswamy Stadium (RCB vs SRH, 30,708 spectators). Heavy crowd movement on Residency Road during peak match hours (20:00). Road DNA: 93. Reroute via Richmond Road flyover."
2025-03-17,21,3,Chinnaswamy Stadium Zone,Residency Road,IPL Match: RCB vs LSG,31909,66192,15.18,2.01,85.72,4,154.96,64.01,73.82,87.73,2905,Clear,Yes,Medium,58,"IPL Match at Chinnaswamy Stadium (RCB vs LSG, 31,909 spectators). Heavy crowd movement on Residency Road during peak match hours (21:00). Road DNA: 58. Reroute via Richmond Road flyover."
2025-04-26,16,4,Chinnaswamy Stadium Zone,Cubbon Road,IPL Match: RCB vs GT,31080,105362,11.49,2.92,97.55,3,147.69,87.13,86.8,99.66,3395,Light Rain,Yes,Severe,89,"IPL Match at Chinnaswamy Stadium (RCB vs GT, 31,080 spectators). Heavy crowd movement on Cubbon Road during peak match hours (16:00). Road DNA: 89. Reroute via Richmond Road flyover."
2025-05-25,16,5,Chinnaswamy Stadium Zone,Residency Road,IPL Match: RCB vs GT,30811,126788,12.39,3.18,111.89,1,159.74,80.85,76.78,99.47,1993,Light Rain,Yes,Severe,91,"IPL Match at Chinnaswamy Stadium (RCB vs GT, 30,811 spectators). Heavy crowd movement on Residency Road during peak match hours (16:00). Road DNA: 91. Reroute via Richmond Road flyover."
2025-05-26,20,5,Chinnaswamy Stadium Zone,MG Road,IPL Match: RCB vs CSK,32888,114023,10.16,2.68,108.68,1,161.34,63.37,86.61,91.44,2928,Heavy Rain,No,Severe,82,"IPL Match at Chinnaswamy Stadium (RCB vs CSK, 32,888 spectators). Heavy crowd movement on MG Road during peak match hours (20:00). Road DNA: 82. Reroute via Richmond Road flyover."
2025-04-25,22,4,Chinnaswamy Stadium Zone,Richmond Road,IPL Match: RCB vs LSG,30049,111565,8.33,3.68,97.14,4,126.64,77.41,85.41,86.14,1502,Heavy Rain,No,Severe,82,"IPL Match at Chinnaswamy Stadium (RCB vs LSG, 30,049 spectators). Heavy crowd movement on Richmond Road during peak match hours (22:00). Road DNA: 82. Reroute via Richmond Road flyover."
2025-05-15,17,5,Chinnaswamy Stadium Zone,Cubbon Road,IPL Match: RCB vs GT,32560,88577,13.28,3.91,94.77,3,164.69,75.14,85.81,88.24,1838,Thunderstorm,No,High,87,"IPL Match at Chinnaswamy Stadium (RCB vs GT, 32,560 spectators). Heavy crowd movement on Cubbon Road during peak match hours (17:00). Road DNA: 87. Reroute via Richmond Road flyover."
2025-04-28,20,4,Chinnaswamy Stadium Zone,Kasturba Road,IPL Match: RCB vs GT,32174,103752,13.61,4.17,105.73,3,188.94,68.91,71.44,85.49,1256,Light Rain,Yes,Severe,90,"IPL Match at Chinnaswamy Stadium (RCB vs GT, 32,174 spectators). Heavy crowd movement on Kasturba Road during peak match hours (20:00). Road DNA: 90. Reroute via Richmond Road flyover."
2025-05-25,18,5,Chinnaswamy Stadium Zone,Infant Jesus Church Junction,IPL Match: RCB vs MI,33142,127385,12.34,3.41,113.6,3,182.28,61.87,74.63,94.77,2572,Clear,Yes,High,87,"IPL Match at Chinnaswamy Stadium (RCB vs MI, 33,142 spectators). Heavy crowd movement on Infant Jesus Church Junction during peak match hours (18:00). Road DNA: 87. Reroute via Richmond Road flyover."
2025-05-21,16,5,Chinnaswamy Stadium Zone,Kasturba Road,IPL Match: RCB vs DC,30815,64148,15.55,2.22,77.64,2,178.69,60.59,83.52,96.91,3360,Thunderstorm,Yes,Medium,64,"IPL Match at Chinnaswamy Stadium (RCB vs DC, 30,815 spectators). Heavy crowd movement on Kasturba Road during peak match hours (16:00). Road DNA: 64. Reroute via Richmond Road flyover."
2025-04-27,17,4,Chinnaswamy Stadium Zone,Residency Road,IPL Match: RCB vs CSK,29630,88380,9.75,2.5,108.0,2,154.59,74.38,80.64,97.46,1634,Heavy Rain,Yes,Severe,82,"IPL Match at Chinnaswamy Stadium (RCB vs CSK, 29,630 spectators). Heavy crowd movement on Residency Road during peak match hours (17:00). Road DNA: 82. Reroute via Richmond Road flyover."
2025-05-18,23,5,Chinnaswamy Stadium Zone,Infant Jesus Church Junction,IPL Match: RCB vs SRH,29614,100409,12.8,3.31,103.51,1,186.81,79.67,85.39,98.67,2671,Heavy Rain,Yes,Severe,90,"IPL Match at Chinnaswamy Stadium (RCB vs SRH, 29,614 spectators). Heavy crowd movement on Infant Jesus Church Junction during peak match hours (23:00). Road DNA: 90. Reroute via Richmond Road flyover."
2025-04-10,22,4,Chinnaswamy Stadium Zone,Richmond Road,IPL Match: RCB vs CSK,29305,95860,7.89,3.22,112.32,4,149.88,88.3,72.86,92.95,2770,Clear,Yes,High,81,"IPL Match at Chinnaswamy Stadium (RCB vs CSK, 29,305 spectators). Heavy crowd movement on Richmond Road during peak match hours (22:00). Road DNA: 81. Reroute via Richmond Road flyover."
2025-05-24,20,5,Chinnaswamy Stadium Zone,Cubbon Road,IPL Match: RCB vs KKR,34247,70177,22.24,1.86,81.03,1,143.21,85.07,83.75,94.98,2038,Clear,No,Medium,64,"IPL Match at Chinnaswamy Stadium (RCB vs KKR, 34,247 spectators). Heavy crowd movement on Cubbon Road during peak match hours (20:00). Road DNA: 64. Reroute via Richmond Road flyover."
2025-05-16,16,5,Chinnaswamy Stadium Zone,MG Road,IPL Match: RCB vs DC,31120,97806,13.78,3.23,109.88,1,157.4,62.33,78.26,88.16,2511,Heavy Rain,No,Severe,78,"IPL Match at Chinnaswamy Stadium (RCB vs DC, 31,120 spectators). Heavy crowd movement on MG Road during peak match hours (16:00). Road DNA: 78. Reroute via Richmond Road flyover."
2025-03-28,20,3,Chinnaswamy Stadium Zone,Richmond Road,IPL Match: RCB vs RR,33833,83373,15.66,2.06,87.18,0,136.31,76.27,74.39,85.89,2790,Clear,No,Medium,72,"IPL Match at Chinnaswamy Stadium (RCB vs RR, 33,833 spectators). Heavy crowd movement on Richmond Road during peak match hours (20:00). Road DNA: 72. Reroute via Richmond Road flyover."
2025-03-01,19,3,Chinnaswamy Stadium Zone,Cubbon Road,IPL Match: RCB vs RR,28113,85962,13.79,2.72,105.44,4,173.64,87.74,81.73,94.53,2653,Light Rain,No,Severe,86,"IPL Match at Chinnaswamy Stadium (RCB vs RR, 28,113 spectators). Heavy crowd movement on Cubbon Road during peak match hours (19:00). Road DNA: 86. Reroute via Richmond Road flyover."
2025-05-01,21,5,Chinnaswamy Stadium Zone,Cubbon Road,IPL Match: RCB vs DC,33270,73193,17.78,2.08,84.53,2,187.93,63.07,89.95,88.55,1455,Thunderstorm,No,Medium,70,"IPL Match at Chinnaswamy Stadium (RCB vs DC, 33,270 spectators). Heavy crowd movement on Cubbon Road during peak match hours (21:00). Road DNA: 70. Reroute via Richmond Road flyover."
2025-04-12,20,4,Chinnaswamy Stadium Zone,Cubbon Road,IPL Match: RCB vs CSK,33114,94810,10.75,3.14,92.4,4,177.89,70.24,71.39,88.48,3291,Light Rain,Yes,Severe,93,"IPL Match at Chinnaswamy Stadium (RCB vs CSK, 33,114 spectators). Heavy crowd movement on Cubbon Road during peak match hours (20:00). Road DNA: 93. Reroute via Richmond Road flyover."
2025-03-21,22,3,Chinnaswamy Stadium Zone,Cubbon Road,IPL Match: RCB vs GT,32039,90198,10.96,4.26,96.35,4,129.57,74.98,78.07,90.21,1492,Clear,Yes,High,81,"IPL Match at Chinnaswamy Stadium (RCB vs GT, 32,039 spectators). Heavy crowd movement on Cubbon Road during peak match hours (22:00). Road DNA: 81. Reroute via Richmond Road flyover."
2025-04-01,20,4,Chinnaswamy Stadium Zone,Cubbon Road,IPL Match: RCB vs SRH,33321,105356,10.42,2.61,95.85,4,155.64,87.83,74.12,85.72,3327,Light Rain,Yes,Severe,90,"IPL Match at Chinnaswamy Stadium (RCB vs SRH, 33,321 spectators). Heavy crowd movement on Cubbon Road during peak match hours (20:00). Road DNA: 90. Reroute via Richmond Road flyover."
2025-04-19,17,4,Chinnaswamy Stadium Zone,MG Road,IPL Match: RCB vs CSK,32991,97117,11.74,3.29,103.95,2,166.3,67.5,74.46,89.95,1270,Heavy Rain,No,Severe,90,"IPL Match at Chinnaswamy Stadium (RCB vs CSK, 32,991 spectators). Heavy crowd movement on MG Road during peak match hours (17:00). Road DNA: 90. Reroute via Richmond Road flyover."
2025-05-08,17,5,Chinnaswamy Stadium Zone,Residency Road,IPL Match: RCB vs SRH,30185,117608,12.39,3.35,104.54,4,138.59,66.08,88.1,97.76,1941,Light Rain,Yes,Severe,90,"IPL Match at Chinnaswamy Stadium (RCB vs SRH, 30,185 spectators). Heavy crowd movement on Residency Road during peak match hours (17:00). Road DNA: 90. Reroute via Richmond Road flyover."
2025-05-24,20,5,Chinnaswamy Stadium Zone,Richmond Road,IPL Match: RCB vs RR,31347,74666,16.25,1.86,78.48,0,131.23,79.97,71.8,94.23,2288,Thunderstorm,No,Medium,69,"IPL Match at Chinnaswamy Stadium (RCB vs RR, 31,347 spectators). Heavy crowd movement on Richmond Road during peak match hours (20:00). Road DNA: 69. Reroute via Richmond Road flyover."
2025-04-01,18,4,Chinnaswamy Stadium Zone,MG Road,IPL Match: RCB vs GT,29241,87539,8.52,4.44,111.64,1,121.76,89.9,78.82,99.26,1692,Light Rain,Yes,Severe,92,"IPL Match at Chinnaswamy Stadium (RCB vs GT, 29,241 spectators). Heavy crowd movement on MG Road during peak match hours (18:00). Road DNA: 92. Reroute via Richmond Road flyover."
2025-03-17,20,3,Chinnaswamy Stadium Zone,Richmond Road,IPL Match: RCB vs RR,33846,68511,19.67,2.31,89.09,0,127.51,61.63,81.26,87.02,2708,Clear,Yes,Medium,70,"IPL Match at Chinnaswamy Stadium (RCB vs RR, 33,846 spectators). Heavy crowd movement on Richmond Road during peak match hours (20:00). Road DNA: 70. Reroute via Richmond Road flyover."
2025-04-10,20,4,Chinnaswamy Stadium Zone,Residency Road,IPL Match: RCB vs DC,29613,67814,17.35,1.64,72.27,3,186.75,80.66,85.32,85.51,1451,Thunderstorm,Yes,Medium,67,"IPL Match at Chinnaswamy Stadium (RCB vs DC, 29,613 spectators). Heavy crowd movement on Residency Road during peak match hours (20:00). Road DNA: 67. Reroute via Richmond Road flyover."
2025-03-27,18,3,Chinnaswamy Stadium Zone,Richmond Road,IPL Match: RCB vs MI,31656,106212,11.75,3.98,106.47,2,189.89,60.16,70.57,87.18,839,Heavy Rain,No,Severe,86,"IPL Match at Chinnaswamy Stadium (RCB vs MI, 31,656 spectators). Heavy crowd movement on Richmond Road during peak match hours (18:00). Road DNA: 86. Reroute via Richmond Road flyover."
2025-03-26,20,3,Chinnaswamy Stadium Zone,MG Road,IPL Match: RCB vs DC,30380,96090,7.56,2.83,94.87,0,152.83,87.04,73.78,85.32,2219,Heavy Rain,No,Severe,86,"IPL Match at Chinnaswamy Stadium (RCB vs DC, 30,380 spectators). Heavy crowd movement on MG Road during peak match hours (20:00). Road DNA: 86. Reroute via Richmond Road flyover."
2025-05-25,22,5,Chinnaswamy Stadium Zone,Cubbon Road,IPL Match: RCB vs RR,31620,102453,13.38,2.63,95.07,2,183.55,71.37,78.17,86.06,2976,Heavy Rain,Yes,Severe,93,"IPL Match at Chinnaswamy Stadium (RCB vs RR, 31,620 spectators). Heavy crowd movement on Cubbon Road during peak match hours (22:00). Road DNA: 93. Reroute via Richmond Road flyover."
2025-05-08,19,5,Chinnaswamy Stadium Zone,Residency Road,IPL Match: RCB vs MI,34228,122504,7.1,3.21,105.77,4,169.28,62.16,75.75,87.42,1001,Heavy Rain,No,Severe,93,"IPL Match at Chinnaswamy Stadium (RCB vs MI, 34,228 spectators). Heavy crowd movement on Residency Road during peak match hours (19:00). Road DNA: 93. Reroute via Richmond Road flyover."
2025-04-18,19,4,Chinnaswamy Stadium Zone,Richmond Road,IPL Match: RCB vs SRH,34520,125455,12.04,3.75,112.62,4,140.97,75.95,86.31,86.57,2256,Heavy Rain,No,Severe,90,"IPL Match at Chinnaswamy Stadium (RCB vs SRH, 34,520 spectators). Heavy crowd movement on Richmond Road during peak match hours (19:00). Road DNA: 90. Reroute via Richmond Road flyover."
2025-03-14,22,3,Chinnaswamy Stadium Zone,Kasturba Road,IPL Match: RCB vs LSG,34670,89886,11.77,4.49,104.55,1,123.54,63.81,73.52,95.81,1014,Heavy Rain,Yes,Severe,94,"IPL Match at Chinnaswamy Stadium (RCB vs LSG, 34,670 spectators). Heavy crowd movement on Kasturba Road during peak match hours (22:00). Road DNA: 94. Reroute via Richmond Road flyover."
2025-03-26,19,3,Chinnaswamy Stadium Zone,Infant Jesus Church Junction,IPL Match: RCB vs CSK,33898,91460,12.38,4.37,109.97,0,153.49,65.96,82.88,98.78,3367,Thunderstorm,Yes,High,85,"IPL Match at Chinnaswamy Stadium (RCB vs CSK, 33,898 spectators). Heavy crowd movement on Infant Jesus Church Junction during peak match hours (19:00). Road DNA: 85. Reroute via Richmond Road flyover."
2025-04-21,20,4,Chinnaswamy Stadium Zone,Residency Road,IPL Match: RCB vs CSK,31369,104393,11.31,3.55,102.15,2,144.03,87.56,76.47,85.68,1652,Heavy Rain,No,Severe,79,"IPL Match at Chinnaswamy Stadium (RCB vs CSK, 31,369 spectators). Heavy crowd movement on Residency Road during peak match hours (20:00). Road DNA: 79. Reroute via Richmond Road flyover."
2025-04-21,16,4,Chinnaswamy Stadium Zone,Residency Road,IPL Match: RCB vs DC,30916,72233,21.75,2.38,89.76,2,137.56,82.0,85.6,98.32,1211,Clear,Yes,Medium,61,"IPL Match at Chinnaswamy Stadium (RCB vs DC, 30,916 spectators). Heavy crowd movement on Residency Road during peak match hours (16:00). Road DNA: 61. Reroute via Richmond Road flyover."
2025-03-02,17,3,Chinnaswamy Stadium Zone,MG Road,IPL Match: RCB vs DC,30366,107440,10.47,4.3,99.36,4,173.94,62.28,74.53,88.28,2054,Heavy Rain,Yes,Severe,82,"IPL Match at Chinnaswamy Stadium (RCB vs DC, 30,366 spectators). Heavy crowd movement on MG Road during peak match hours (17:00). Road DNA: 82. Reroute via Richmond Road flyover."
2025-03-24,18,3,Chinnaswamy Stadium Zone,Cubbon Road,IPL Match: RCB vs SRH,33295,117050,12.1,3.01,94.59,0,187.72,70.11,77.13,89.07,2334,Light Rain,No,Severe,84,"IPL Match at Chinnaswamy Stadium (RCB vs SRH, 33,295 spectators). Heavy crowd movement on Cubbon Road during peak match hours (18:00). Road DNA: 84. Reroute via Richmond Road flyover."
2025-03-05,16,3,Chinnaswamy Stadium Zone,Residency Road,IPL Match: RCB vs SRH,33632,56204,24.19,1.62,85.84,2,186.87,85.28,76.43,89.37,1754,Clear,No,Medium,71,"IPL Match at Chinnaswamy Stadium (RCB vs SRH, 33,632 spectators). Heavy crowd movement on Residency Road during peak match hours (16:00). Road DNA: 71. Reroute via Richmond Road flyover."
2025-04-28,19,4,Chinnaswamy Stadium Zone,Residency Road,IPL Match: RCB vs DC,34348,89158,11.45,3.1,110.78,4,163.66,88.35,86.77,93.16,846,Thunderstorm,No,High,85,"IPL Match at Chinnaswamy Stadium (RCB vs DC, 34,348 spectators). Heavy crowd movement on Residency Road during peak match hours (19:00). Road DNA: 85. Reroute via Richmond Road flyover."
2025-04-22,23,4,Chinnaswamy Stadium Zone,Kasturba Road,IPL Match: RCB vs KKR,34491,97340,12.45,3.97,104.98,4,184.14,79.81,74.25,88.14,2565,Thunderstorm,No,High,86,"IPL Match at Chinnaswamy Stadium (RCB vs KKR, 34,491 spectators). Heavy crowd movement on Kasturba Road during peak match hours (23:00). Road DNA: 86. Reroute via Richmond Road flyover."
2025-05-07,23,5,Chinnaswamy Stadium Zone,Infant Jesus Church Junction,IPL Match: RCB vs KKR,30847,114897,12.25,2.93,108.56,4,173.48,82.94,75.91,93.6,903,Thunderstorm,Yes,High,88,"IPL Match at Chinnaswamy Stadium (RCB vs KKR, 30,847 spectators). Heavy crowd movement on Infant Jesus Church Junction during peak match hours (23:00). Road DNA: 88. Reroute via Richmond Road flyover."
2025-04-23,19,4,Chinnaswamy Stadium Zone,Residency Road,IPL Match: RCB vs SRH,30342,103798,13.62,3.76,93.26,2,187.06,85.38,73.21,99.62,1353,Light Rain,Yes,Severe,88,"IPL Match at Chinnaswamy Stadium (RCB vs SRH, 30,342 spectators). Heavy crowd movement on Residency Road during peak match hours (19:00). Road DNA: 88. Reroute via Richmond Road flyover."
2025-03-24,22,3,Chinnaswamy Stadium Zone,Infant Jesus Church Junction,IPL Match: RCB vs LSG,30286,124115,8.35,3.11,93.59,0,133.63,69.6,84.33,86.89,3462,Heavy Rain,Yes,Severe,85,"IPL Match at Chinnaswamy Stadium (RCB vs LSG, 30,286 spectators). Heavy crowd movement on Infant Jesus Church Junction during peak match hours (22:00). Road DNA: 85. Reroute via Richmond Road flyover."
2025-05-13,20,5,Chinnaswamy Stadium Zone,Richmond Road,IPL Match: RCB vs GT,32817,104962,13.75,4.47,110.25,3,187.16,78.3,87.69,88.98,2503,Heavy Rain,No,Severe,78,"IPL Match at Chinnaswamy Stadium (RCB vs GT, 32,817 spectators). Heavy crowd movement on Richmond Road during peak match hours (20:00). Road DNA: 78. Reroute via Richmond Road flyover."
2025-04-17,20,4,Chinnaswamy Stadium Zone,Residency Road,IPL Match: RCB vs KKR,28016,62200,18.18,2.15,89.94,4,182.66,85.07,81.49,90.2,1825,Clear,No,Medium,66,"IPL Match at Chinnaswamy Stadium (RCB vs KKR, 28,016 spectators). Heavy crowd movement on Residency Road during peak match hours (20:00). Road DNA: 66. Reroute via Richmond Road flyover."
2025-05-27,16,5,Chinnaswamy Stadium Zone,Cubbon Road,IPL Match: RCB vs RR,28419,109389,10.06,3.49,113.63,3,128.78,82.32,83.39,90.94,2947,Heavy Rain,Yes,Severe,81,"IPL Match at Chinnaswamy Stadium (RCB vs RR, 28,419 spectators). Heavy crowd movement on Cubbon Road during peak match hours (16:00). Road DNA: 81. Reroute via Richmond Road flyover."
2025-04-12,19,4,Chinnaswamy Stadium Zone,Residency Road,IPL Match: RCB vs GT,32691,105413,7.9,3.04,110.73,0,138.26,75.0,76.85,97.76,3265,Thunderstorm,Yes,High,90,"IPL Match at Chinnaswamy Stadium (RCB vs GT, 32,691 spectators). Heavy crowd movement on Residency Road during peak match hours (19:00). Road DNA: 90. Reroute via Richmond Road flyover."
2025-05-12,20,5,Chinnaswamy Stadium Zone,MG Road,IPL Match: RCB vs GT,33201,75149,24.19,2.08,86.87,0,177.51,73.04,89.17,89.15,1660,Clear,Yes,Medium,57,"IPL Match at Chinnaswamy Stadium (RCB vs GT, 33,201 spectators). Heavy crowd movement on MG Road during peak match hours (20:00). Road DNA: 57. Reroute via Richmond Road flyover."
2025-04-02,16,4,Chinnaswamy Stadium Zone,Infant Jesus Church Junction,IPL Match: RCB vs RR,30666,127445,11.37,2.57,104.47,2,132.41,60.45,75.51,97.13,2982,Light Rain,Yes,Severe,78,"IPL Match at Chinnaswamy Stadium (RCB vs RR, 30,666 spectators). Heavy crowd movement on Infant Jesus Church Junction during peak match hours (16:00). Road DNA: 78. Reroute via Richmond Road flyover."
2025-03-17,19,3,Chinnaswamy Stadium Zone,Richmond Road,IPL Match: RCB vs CSK,31662,118771,9.72,2.58,107.13,4,188.25,79.81,76.74,91.41,1058,Thunderstorm,Yes,High,78,"IPL Match at Chinnaswamy Stadium (RCB vs CSK, 31,662 spectators). Heavy crowd movement on Richmond Road during peak match hours (19:00). Road DNA: 78. Reroute via Richmond Road flyover."
2025-03-22,16,3,Chinnaswamy Stadium Zone,Cubbon Road,IPL Match: RCB vs LSG,34981,118488,11.49,3.43,106.37,0,168.41,87.56,86.77,87.59,2432,Heavy Rain,Yes,Severe,82,"IPL Match at Chinnaswamy Stadium (RCB vs LSG, 34,981 spectators). Heavy crowd movement on Cubbon Road during peak match hours (16:00). Road DNA: 82. Reroute via Richmond Road flyover."
2025-03-26,17,3,Chinnaswamy Stadium Zone,Kasturba Road,IPL Match: RCB vs KKR,29646,128021,13.73,2.59,102.59,1,185.8,64.73,88.71,85.6,3252,Light Rain,Yes,Severe,93,"IPL Match at Chinnaswamy Stadium (RCB vs KKR, 29,646 spectators). Heavy crowd movement on Kasturba Road during peak match hours (17:00). Road DNA: 93. Reroute via Richmond Road flyover."
2025-03-26,16,3,Chinnaswamy Stadium Zone,MG Road,IPL Match: RCB vs GT,28200,112804,10.84,3.03,98.23,1,123.33,77.88,88.08,94.37,1894,Light Rain,Yes,Severe,91,"IPL Match at Chinnaswamy Stadium (RCB vs GT, 28,200 spectators). Heavy crowd movement on MG Road during peak match hours (16:00). Road DNA: 91. Reroute via Richmond Road flyover."
2025-03-05,22,3,Chinnaswamy Stadium Zone,Richmond Road,IPL Match: RCB vs MI,34070,117706,12.13,2.6,97.29,3,176.15,70.87,73.79,89.42,2344,Clear,No,High,79,"IPL Match at Chinnaswamy Stadium (RCB vs MI, 34,070 spectators). Heavy crowd movement on Richmond Road during peak match hours (22:00). Road DNA: 79. Reroute via Richmond Road flyover."
2025-05-17,16,5,Chinnaswamy Stadium Zone,Infant Jesus Church Junction,IPL Match: RCB vs SRH,28688,87023,9.09,3.97,94.11,3,167.42,84.0,70.11,87.37,3240,Heavy Rain,Yes,Severe,87,"IPL Match at Chinnaswamy Stadium (RCB vs SRH, 28,688 spectators). Heavy crowd movement on Infant Jesus Church Junction during peak match hours (16:00). Road DNA: 87. Reroute via Richmond Road flyover."
2025-04-09,23,4,Chinnaswamy Stadium Zone,Cubbon Road,IPL Match: RCB vs DC,29686,90738,7.78,3.93,107.88,0,152.08,67.36,80.45,88.65,1727,Heavy Rain,No,Severe,78,"IPL Match at Chinnaswamy Stadium (RCB vs DC, 29,686 spectators). Heavy crowd movement on Cubbon Road during peak match hours (23:00). Road DNA: 78. Reroute via Richmond Road flyover."
2025-04-01,21,4,Chinnaswamy Stadium Zone,Residency Road,IPL Match: RCB vs GT,32057,70594,21.0,2.14,82.05,0,135.96,65.85,83.56,92.59,2097,Clear,No,Medium,64,"IPL Match at Chinnaswamy Stadium (RCB vs GT, 32,057 spectators). Heavy crowd movement on Residency Road during peak match hours (21:00). Road DNA: 64. Reroute via Richmond Road flyover."
2025-05-26,17,5,Chinnaswamy Stadium Zone,Infant Jesus Church Junction,IPL Match: RCB vs RR,30354,87603,11.43,3.94,109.56,0,137.22,60.11,80.61,94.3,2354,Clear,No,High,80,"IPL Match at Chinnaswamy Stadium (RCB vs RR, 30,354 spectators). Heavy crowd movement on Infant Jesus Church Junction during peak match hours (17:00). Road DNA: 80. Reroute via Richmond Road flyover."
2025-03-26,21,3,Chinnaswamy Stadium Zone,Richmond Road,IPL Match: RCB vs KKR,34925,88227,9.94,3.52,96.42,1,155.4,73.36,89.99,92.94,2848,Light Rain,No,Severe,95,"IPL Match at Chinnaswamy Stadium (RCB vs KKR, 34,925 spectators). Heavy crowd movement on Richmond Road during peak match hours (21:00). Road DNA: 95. Reroute via Richmond Road flyover."
2025-03-22,19,3,Chinnaswamy Stadium Zone,Residency Road,IPL Match: RCB vs DC,33308,90428,9.72,2.92,92.99,1,130.72,79.96,71.77,85.52,1259,Light Rain,Yes,Severe,78,"IPL Match at Chinnaswamy Stadium (RCB vs DC, 33,308 spectators). Heavy crowd movement on Residency Road during peak match hours (19:00). Road DNA: 78. Reroute via Richmond Road flyover."
2025-04-18,18,4,Chinnaswamy Stadium Zone,Residency Road,IPL Match: RCB vs SRH,32888,119316,6.56,2.91,114.43,2,135.23,82.08,88.94,92.68,3315,Heavy Rain,No,Severe,79,"IPL Match at Chinnaswamy Stadium (RCB vs SRH, 32,888 spectators). Heavy crowd movement on Residency Road during peak match hours (18:00). Road DNA: 79. Reroute via Richmond Road flyover."
2025-03-05,22,3,Chinnaswamy Stadium Zone,MG Road,IPL Match: RCB vs KKR,34604,99469,7.29,2.96,108.7,1,147.55,67.91,79.75,93.65,3030,Clear,No,High,78,"IPL Match at Chinnaswamy Stadium (RCB vs KKR, 34,604 spectators). Heavy crowd movement on MG Road during peak match hours (22:00). Road DNA: 78. Reroute via Richmond Road flyover."
2025-04-07,18,4,Chinnaswamy Stadium Zone,Kasturba Road,IPL Match: RCB vs RR,34613,90481,8.85,3.05,106.48,3,135.06,72.25,75.08,89.25,2321,Heavy Rain,Yes,Severe,87,"IPL Match at Chinnaswamy Stadium (RCB vs RR, 34,613 spectators). Heavy crowd movement on Kasturba Road during peak match hours (18:00). Road DNA: 87. Reroute via Richmond Road flyover."
2025-03-24,16,3,Chinnaswamy Stadium Zone,Richmond Road,IPL Match: RCB vs DC,32088,89839,9.77,3.39,105.44,3,150.2,65.96,75.92,96.58,3350,Light Rain,No,Severe,93,"IPL Match at Chinnaswamy Stadium (RCB vs DC, 32,088 spectators). Heavy crowd movement on Richmond Road during peak match hours (16:00). Road DNA: 93. Reroute via Richmond Road flyover."
2025-05-26,23,5,Chinnaswamy Stadium Zone,Kasturba Road,IPL Match: RCB vs DC,34200,96228,11.4,3.88,113.26,3,153.22,73.4,81.19,93.57,1661,Heavy Rain,No,Severe,85,"IPL Match at Chinnaswamy Stadium (RCB vs DC, 34,200 spectators). Heavy crowd movement on Kasturba Road during peak match hours (23:00). Road DNA: 85. Reroute via Richmond Road flyover."
2025-05-02,20,5,Chinnaswamy Stadium Zone,Kasturba Road,IPL Match: RCB vs SRH,34004,73239,21.24,2.04,80.5,2,165.1,70.35,84.7,97.76,2391,Clear,Yes,Medium,74,"IPL Match at Chinnaswamy Stadium (RCB vs SRH, 34,004 spectators). Heavy crowd movement on Kasturba Road during peak match hours (20:00). Road DNA: 74. Reroute via Richmond Road flyover."
2025-05-16,22,5,Chinnaswamy Stadium Zone,Infant Jesus Church Junction,IPL Match: RCB vs LSG,33784,121800,7.12,3.73,109.38,4,130.55,62.23,74.95,93.92,1146,Light Rain,No,Severe,95,"IPL Match at Chinnaswamy Stadium (RCB vs LSG, 33,784 spectators). Heavy crowd movement on Infant Jesus Church Junction during peak match hours (22:00). Road DNA: 95. Reroute via Richmond Road flyover."
2025-04-11,21,4,Chinnaswamy Stadium Zone,Residency Road,IPL Match: RCB vs SRH,31478,94859,7.08,2.75,106.84,0,123.06,80.69,73.48,89.22,3481,Heavy Rain,Yes,Severe,89,"IPL Match at Chinnaswamy Stadium (RCB vs SRH, 31,478 spectators). Heavy crowd movement on Residency Road during peak match hours (21:00). Road DNA: 89. Reroute via Richmond Road flyover."
2025-04-07,21,4,Chinnaswamy Stadium Zone,Kasturba Road,IPL Match: RCB vs CSK,33394,122575,7.96,3.02,95.24,1,146.84,86.06,83.99,85.72,1584,Heavy Rain,No,Severe,82,"IPL Match at Chinnaswamy Stadium (RCB vs CSK, 33,394 spectators). Heavy crowd movement on Kasturba Road during peak match hours (21:00). Road DNA: 82. Reroute via Richmond Road flyover."
2025-05-25,17,5,Chinnaswamy Stadium Zone,Infant Jesus Church Junction,IPL Match: RCB vs GT,29820,94616,10.26,2.52,93.55,4,186.9,77.95,87.39,95.88,2642,Heavy Rain,No,Severe,85,"IPL Match at Chinnaswamy Stadium (RCB vs GT, 29,820 spectators). Heavy crowd movement on Infant Jesus Church Junction during peak match hours (17:00). Road DNA: 85. Reroute via Richmond Road flyover."
2025-04-10,22,4,Chinnaswamy Stadium Zone,Kasturba Road,IPL Match: RCB vs MI,29592,94541,10.9,4.26,103.67,3,140.75,82.16,82.71,88.07,929,Heavy Rain,No,Severe,92,"IPL Match at Chinnaswamy Stadium (RCB vs MI, 29,592 spectators). Heavy crowd movement on Kasturba Road during peak match hours (22:00). Road DNA: 92. Reroute via Richmond Road flyover."
2025-04-28,19,4,Chinnaswamy Stadium Zone,Kasturba Road,IPL Match: RCB vs LSG,30844,129978,12.85,2.57,111.14,1,180.08,80.94,71.07,92.37,2173,Heavy Rain,Yes,Severe,80,"IPL Match at Chinnaswamy Stadium (RCB vs LSG, 30,844 spectators). Heavy crowd movement on Kasturba Road during peak match hours (19:00). Road DNA: 80. Reroute via Richmond Road flyover."
2025-05-19,17,5,Chinnaswamy Stadium Zone,Richmond Road,IPL Match: RCB vs SRH,32716,115182,12.66,3.51,92.05,3,173.58,82.47,86.61,96.92,1691,Clear,No,High,88,"IPL Match at Chinnaswamy Stadium (RCB vs SRH, 32,716 spectators). Heavy crowd movement on Richmond Road during peak match hours (17:00). Road DNA: 88. Reroute via Richmond Road flyover."
2025-04-03,23,4,Chinnaswamy Stadium Zone,Richmond Road,IPL Match: RCB vs MI,32269,119623,13.46,2.69,93.81,0,130.19,76.61,75.66,94.97,871,Thunderstorm,Yes,High,79,"IPL Match at Chinnaswamy Stadium (RCB vs MI, 32,269 spectators). Heavy crowd movement on Richmond Road during peak match hours (23:00). Road DNA: 79. Reroute via Richmond Road flyover."
2025-05-01,17,5,Chinnaswamy Stadium Zone,Kasturba Road,IPL Match: RCB vs RR,32275,94363,6.75,3.39,107.06,3,168.15,66.84,74.08,92.02,3488,Thunderstorm,Yes,High,87,"IPL Match at Chinnaswamy Stadium (RCB vs RR, 32,275 spectators). Heavy crowd movement on Kasturba Road during peak match hours (17:00). Road DNA: 87. Reroute via Richmond Road flyover."
2025-04-21,21,4,Chinnaswamy Stadium Zone,MG Road,IPL Match: RCB vs RR,32190,118136,10.21,4.3,108.88,0,120.18,75.85,79.76,86.86,2161,Light Rain,Yes,Severe,86,"IPL Match at Chinnaswamy Stadium (RCB vs RR, 32,190 spectators). Heavy crowd movement on MG Road during peak match hours (21:00). Road DNA: 86. Reroute via Richmond Road flyover."
2025-05-23,19,5,Chinnaswamy Stadium Zone,Cubbon Road,IPL Match: RCB vs RR,31454,116450,8.61,4.34,97.17,2,166.76,74.64,73.66,98.1,3471,Thunderstorm,No,High,92,"IPL Match at Chinnaswamy Stadium (RCB vs RR, 31,454 spectators). Heavy crowd movement on Cubbon Road during peak match hours (19:00). Road DNA: 92. Reroute via Richmond Road flyover."
2025-03-11,23,3,Chinnaswamy Stadium Zone,Kasturba Road,IPL Match: RCB vs SRH,30783,109831,9.24,2.64,97.75,2,137.83,78.51,75.75,99.78,2566,Clear,No,High,83,"IPL Match at Chinnaswamy Stadium (RCB vs SRH, 30,783 spectators). Heavy crowd movement on Kasturba Road during peak match hours (23:00). Road DNA: 83. Reroute via Richmond Road flyover."
2025-05-05,23,5,Chinnaswamy Stadium Zone,Residency Road,IPL Match: RCB vs KKR,31015,113336,7.61,3.1,113.84,1,124.36,85.4,82.68,96.26,3343,Thunderstorm,Yes,High,90,"IPL Match at Chinnaswamy Stadium (RCB vs KKR, 31,015 spectators). Heavy crowd movement on Residency Road during peak match hours (23:00). Road DNA: 90. Reroute via Richmond Road flyover."
2025-03-15,22,3,Chinnaswamy Stadium Zone,Kasturba Road,IPL Match: RCB vs KKR,32528,103094,12.33,3.38,109.7,0,162.02,66.4,88.44,89.12,3147,Heavy Rain,No,Severe,89,"IPL Match at Chinnaswamy Stadium (RCB vs KKR, 32,528 spectators). Heavy crowd movement on Kasturba Road during peak match hours (22:00). Road DNA: 89. Reroute via Richmond Road flyover."
2025-04-04,20,4,Chinnaswamy Stadium Zone,Cubbon Road,IPL Match: RCB vs LSG,33479,111047,13.17,3.04,100.83,0,164.59,80.96,71.79,94.28,1440,Light Rain,No,Severe,93,"IPL Match at Chinnaswamy Stadium (RCB vs LSG, 33,479 spectators). Heavy crowd movement on Cubbon Road during peak match hours (20:00). Road DNA: 93. Reroute via Richmond Road flyover."
2025-04-18,19,4,Chinnaswamy Stadium Zone,Infant Jesus Church Junction,IPL Match: RCB vs RR,32384,94672,8.58,3.28,101.88,0,179.94,61.73,70.11,94.0,3309,Thunderstorm,No,High,93,"IPL Match at Chinnaswamy Stadium (RCB vs RR, 32,384 spectators). Heavy crowd movement on Infant Jesus Church Junction during peak match hours (19:00). Road DNA: 93. Reroute via Richmond Road flyover."
2025-05-12,18,5,Chinnaswamy Stadium Zone,MG Road,IPL Match: RCB vs SRH,31433,96011,13.91,3.39,102.7,4,147.16,83.39,79.34,92.0,1303,Heavy Rain,Yes,Severe,88,"IPL Match at Chinnaswamy Stadium (RCB vs SRH, 31,433 spectators). Heavy crowd movement on MG Road during peak match hours (18:00). Road DNA: 88. Reroute via Richmond Road flyover."
2025-04-05,21,4,Chinnaswamy Stadium Zone,Infant Jesus Church Junction,IPL Match: RCB vs LSG,32576,104518,10.11,3.33,106.04,1,130.21,79.65,77.28,99.76,1872,Light Rain,Yes,Severe,79,"IPL Match at Chinnaswamy Stadium (RCB vs LSG, 32,576 spectators). Heavy crowd movement on Infant Jesus Church Junction during peak match hours (21:00). Road DNA: 79. Reroute via Richmond Road flyover."
2025-05-14,22,5,Chinnaswamy Stadium Zone,Residency Road,IPL Match: RCB vs LSG,30594,85834,10.76,4.24,95.03,3,132.8,79.64,86.37,87.35,2175,Light Rain,No,Severe,94,"IPL Match at Chinnaswamy Stadium (RCB vs LSG, 30,594 spectators). Heavy crowd movement on Residency Road during peak match hours (22:00). Road DNA: 94. Reroute via Richmond Road flyover."
2025-03-02,23,3,Chinnaswamy Stadium Zone,Kasturba Road,IPL Match: RCB vs KKR,30705,128828,8.01,4.34,100.02,0,141.79,87.12,80.98,86.04,2950,Clear,No,High,94,"IPL Match at Chinnaswamy Stadium (RCB vs KKR, 30,705 spectators). Heavy crowd movement on Kasturba Road during peak match hours (23:00). Road DNA: 94. Reroute via Richmond Road flyover."
2025-04-14,17,4,Chinnaswamy Stadium Zone,Residency Road,IPL Match: RCB vs CSK,33711,128936,7.71,3.19,95.71,3,188.55,86.24,77.54,99.67,2406,Light Rain,No,Severe,78,"IPL Match at Chinnaswamy Stadium (RCB vs CSK, 33,711 spectators). Heavy crowd movement on Residency Road during peak match hours (17:00). Road DNA: 78. Reroute via Richmond Road flyover."
2025-03-27,20,3,Chinnaswamy Stadium Zone,Kasturba Road,IPL Match: RCB vs SRH,30054,62219,21.08,2.34,84.96,0,128.7,88.79,75.94,99.02,2391,Thunderstorm,No,Medium,65,"IPL Match at Chinnaswamy Stadium (RCB vs SRH, 30,054 spectators). Heavy crowd movement on Kasturba Road during peak match hours (20:00). Road DNA: 65. Reroute via Richmond Road flyover."
2025-03-18,23,3,Chinnaswamy Stadium Zone,MG Road,IPL Match: RCB vs MI,28809,114293,12.56,4.47,102.95,2,150.42,66.29,71.92,89.09,993,Clear,Yes,High,88,"IPL Match at Chinnaswamy Stadium (RCB vs MI, 28,809 spectators). Heavy crowd movement on MG Road during peak match hours (23:00). Road DNA: 88. Reroute via Richmond Road flyover."
2025-03-16,18,3,Chinnaswamy Stadium Zone,Cubbon Road,IPL Match: RCB vs KKR,31632,103249,12.29,2.87,94.35,1,127.23,75.43,80.87,95.92,2926,Clear,Yes,High,86,"IPL Match at Chinnaswamy Stadium (RCB vs KKR, 31,632 spectators). Heavy crowd movement on Cubbon Road during peak match hours (18:00). Road DNA: 86. Reroute via Richmond Road flyover."
2025-03-01,16,3,Chinnaswamy Stadium Zone,Residency Road,IPL Match: RCB vs MI,33025,77186,23.28,2.02,78.58,0,169.56,65.86,76.5,93.67,2069,Clear,Yes,Medium,75,"IPL Match at Chinnaswamy Stadium (RCB vs MI, 33,025 spectators). Heavy crowd movement on Residency Road during peak match hours (16:00). Road DNA: 75. Reroute via Richmond Road flyover."
2025-05-23,21,5,Chinnaswamy Stadium Zone,Residency Road,IPL Match: RCB vs CSK,33578,63493,15.1,1.9,75.33,3,126.27,78.85,81.29,95.06,3177,Clear,Yes,Medium,56,"IPL Match at Chinnaswamy Stadium (RCB vs CSK, 33,578 spectators). Heavy crowd movement on Residency Road during peak match hours (21:00). Road DNA: 56. Reroute via Richmond Road flyover."
2025-05-02,19,5,Chinnaswamy Stadium Zone,Cubbon Road,IPL Match: RCB vs SRH,28436,94220,8.06,4.1,102.01,3,161.25,67.9,87.01,91.68,1154,Light Rain,No,Severe,83,"IPL Match at Chinnaswamy Stadium (RCB vs SRH, 28,436 spectators). Heavy crowd movement on Cubbon Road during peak match hours (19:00). Road DNA: 83. Reroute via Richmond Road flyover."
2025-03-15,20,3,Chinnaswamy Stadium Zone,Residency Road,IPL Match: RCB vs KKR,28254,96827,8.5,2.84,102.53,2,176.1,67.48,76.47,97.3,2888,Light Rain,Yes,Severe,81,"IPL Match at Chinnaswamy Stadium (RCB vs KKR, 28,254 spectators). Heavy crowd movement on Residency Road during peak match hours (20:00). Road DNA: 81. Reroute via Richmond Road flyover."
2025-05-16,19,5,Chinnaswamy Stadium Zone,Residency Road,IPL Match: RCB vs MI,33637,118019,9.16,4.13,102.21,0,148.38,80.0,80.9,90.53,2692,Clear,Yes,High,86,"IPL Match at Chinnaswamy Stadium (RCB vs MI, 33,637 spectators). Heavy crowd movement on Residency Road during peak match hours (19:00). Road DNA: 86. Reroute via Richmond Road flyover."
2025-03-12,21,3,Chinnaswamy Stadium Zone,Infant Jesus Church Junction,IPL Match: RCB vs KKR,30660,58156,18.19,1.86,85.2,1,181.82,65.08,75.99,87.23,1995,Clear,No,Medium,60,"IPL Match at Chinnaswamy Stadium (RCB vs KKR, 30,660 spectators). Heavy crowd movement on Infant Jesus Church Junction during peak match hours (21:00). Road DNA: 60. Reroute via Richmond Road flyover."
2025-04-06,21,4,Chinnaswamy Stadium Zone,MG Road,IPL Match: RCB vs GT,34001,101503,12.83,3.04,102.72,4,180.36,64.37,74.42,94.39,1508,Heavy Rain,No,Severe,87,"IPL Match at Chinnaswamy Stadium (RCB vs GT, 34,001 spectators). Heavy crowd movement on MG Road during peak match hours (21:00). Road DNA: 87. Reroute via Richmond Road flyover."
2025-03-26,20,3,Chinnaswamy Stadium Zone,Residency Road,IPL Match: RCB vs CSK,33430,121433,7.53,4.15,103.42,1,167.07,69.69,88.53,88.23,1695,Light Rain,Yes,Severe,84,"IPL Match at Chinnaswamy Stadium (RCB vs CSK, 33,430 spectators). Heavy crowd movement on Residency Road during peak match hours (20:00). Road DNA: 84. Reroute via Richmond Road flyover."
2025-05-28,22,5,Chinnaswamy Stadium Zone,Residency Road,IPL Match: RCB vs SRH,32118,103370,8.59,3.99,110.95,0,151.47,73.63,85.11,96.78,1299,Heavy Rain,Yes,Severe,87,"IPL Match at Chinnaswamy Stadium (RCB vs SRH, 32,118 spectators). Heavy crowd movement on Residency Road during peak match hours (22:00). Road DNA: 87. Reroute via Richmond Road flyover."
2025-03-14,21,3,Chinnaswamy Stadium Zone,Cubbon Road,IPL Match: RCB vs GT,28970,85194,12.73,3.12,107.61,1,126.12,75.26,71.65,95.55,1115,Heavy Rain,Yes,Severe,81,"IPL Match at Chinnaswamy Stadium (RCB vs GT, 28,970 spectators). Heavy crowd movement on Cubbon Road during peak match hours (21:00). Road DNA: 81. Reroute via Richmond Road flyover."
2025-04-17,23,4,Chinnaswamy Stadium Zone,Residency Road,IPL Match: RCB vs RR,32750,96302,7.72,3.52,108.28,0,162.12,89.1,82.74,89.02,2654,Light Rain,Yes,Severe,83,"IPL Match at Chinnaswamy Stadium (RCB vs RR, 32,750 spectators). Heavy crowd movement on Residency Road during peak match hours (23:00). Road DNA: 83. Reroute via Richmond Road flyover."
2025-04-20,23,4,Chinnaswamy Stadium Zone,Infant Jesus Church Junction,IPL Match: RCB vs RR,29724,112169,8.91,2.91,100.88,4,185.82,72.27,73.64,97.5,1274,Light Rain,No,Severe,84,"IPL Match at Chinnaswamy Stadium (RCB vs RR, 29,724 spectators). Heavy crowd movement on Infant Jesus Church Junction during peak match hours (23:00). Road DNA: 84. Reroute via Richmond Road flyover."
2025-03-02,16,3,Chinnaswamy Stadium Zone,MG Road,IPL Match: RCB vs KKR,33614,71558,20.6,1.78,83.55,1,156.63,70.58,84.14,94.75,1144,Thunderstorm,Yes,Medium,68,"IPL Match at Chinnaswamy Stadium (RCB vs KKR, 33,614 spectators). Heavy crowd movement on MG Road during peak match hours (16:00). Road DNA: 68. Reroute via Richmond Road flyover."
2025-03-19,23,3,Chinnaswamy Stadium Zone,Infant Jesus Church Junction,IPL Match: RCB vs RR,32442,105446,6.54,3.78,113.83,2,156.9,74.56,88.44,96.96,2281,Clear,No,High,85,"IPL Match at Chinnaswamy Stadium (RCB vs RR, 32,442 spectators). Heavy crowd movement on Infant Jesus Church Junction during peak match hours (23:00). Road DNA: 85. Reroute via Richmond Road flyover."
2025-03-13,20,3,Chinnaswamy Stadium Zone,Cubbon Road,IPL Match: RCB vs SRH,33303,81605,18.93,1.84,70.07,0,155.75,68.04,79.87,91.99,2465,Clear,Yes,Medium,59,"IPL Match at Chinnaswamy Stadium (RCB vs SRH, 33,303 spectators). Heavy crowd movement on Cubbon Road during peak match hours (20:00). Road DNA: 59. Reroute via Richmond Road flyover."
2025-05-04,17,5,Chinnaswamy Stadium Zone,Cubbon Road,IPL Match: RCB vs SRH,33349,87403,8.74,2.97,107.03,4,172.69,86.15,84.18,85.2,3280,Thunderstorm,No,High,84,"IPL Match at Chinnaswamy Stadium (RCB vs SRH, 33,349 spectators). Heavy crowd movement on Cubbon Road during peak match hours (17:00). Road DNA: 84. Reroute via Richmond Road flyover."
2025-05-01,21,5,Chinnaswamy Stadium Zone,Residency Road,IPL Match: RCB vs LSG,34093,69701,18.78,1.84,84.46,0,166.66,79.52,75.12,85.04,2381,Thunderstorm,Yes,Medium,62,"IPL Match at Chinnaswamy Stadium (RCB vs LSG, 34,093 spectators). Heavy crowd movement on Residency Road during peak match hours (21:00). Road DNA: 62. Reroute via Richmond Road flyover."
2025-03-15,17,3,Chinnaswamy Stadium Zone,Kasturba Road,IPL Match: RCB vs LSG,32613,124435,11.14,3.83,104.78,4,178.0,80.87,89.58,97.98,3217,Clear,Yes,High,82,"IPL Match at Chinnaswamy Stadium (RCB vs LSG, 32,613 spectators). Heavy crowd movement on Kasturba Road during peak match hours (17:00). Road DNA: 82. Reroute via Richmond Road flyover."
2025-05-17,23,5,Chinnaswamy Stadium Zone,Richmond Road,IPL Match: RCB vs RR,33395,129480,7.43,4.13,94.99,0,184.51,87.11,82.4,92.03,2485,Light Rain,No,Severe,84,"IPL Match at Chinnaswamy Stadium (RCB vs RR, 33,395 spectators). Heavy crowd movement on Richmond Road during peak match hours (23:00). Road DNA: 84. Reroute via Richmond Road flyover."
2025-05-04,23,5,Chinnaswamy Stadium Zone,Richmond Road,IPL Match: RCB vs GT,31045,97984,11.03,3.14,99.46,3,171.81,85.33,77.72,89.87,1822,Clear,Yes,High,95,"IPL Match at Chinnaswamy Stadium (RCB vs GT, 31,045 spectators). Heavy crowd movement on Richmond Road during peak match hours (23:00). Road DNA: 95. Reroute via Richmond Road flyover."
2025-04-07,23,4,Chinnaswamy Stadium Zone,Residency Road,IPL Match: RCB vs CSK,29317,121159,12.81,2.76,101.17,2,166.79,80.77,76.59,90.61,1641,Heavy Rain,Yes,Severe,83,"IPL Match at Chinnaswamy Stadium (RCB vs CSK, 29,317 spectators). Heavy crowd movement on Residency Road during peak match hours (23:00). Road DNA: 83. Reroute via Richmond Road flyover."
2025-03-03,22,3,Chinnaswamy Stadium Zone,MG Road,IPL Match: RCB vs LSG,28250,93262,10.46,2.93,95.59,0,158.23,80.88,82.21,97.46,1975,Clear,Yes,High,89,"IPL Match at Chinnaswamy Stadium (RCB vs LSG, 28,250 spectators). Heavy crowd movement on MG Road during peak match hours (22:00). Road DNA: 89. Reroute via Richmond Road flyover."
2025-05-20,21,5,Chinnaswamy Stadium Zone,MG Road,IPL Match: RCB vs MI,28664,70363,22.26,1.89,75.98,0,122.9,86.15,82.67,93.27,2280,Clear,No,Medium,59,"IPL Match at Chinnaswamy Stadium (RCB vs MI, 28,664 spectators). Heavy crowd movement on MG Road during peak match hours (21:00). Road DNA: 59. Reroute via Richmond Road flyover."
2025-05-09,22,5,Chinnaswamy Stadium Zone,MG Road,IPL Match: RCB vs GT,33171,111719,9.09,3.15,112.86,1,179.43,77.66,84.22,85.94,1336,Heavy Rain,No,Severe,82,"IPL Match at Chinnaswamy Stadium (RCB vs GT, 33,171 spectators). Heavy crowd movement on MG Road during peak match hours (22:00). Road DNA: 82. Reroute via Richmond Road flyover."
2025-05-11,20,5,Chinnaswamy Stadium Zone,MG Road,IPL Match: RCB vs MI,32588,80033,17.84,2.07,76.68,3,175.29,78.14,83.17,97.63,2358,Thunderstorm,Yes,Medium,62,"IPL Match at Chinnaswamy Stadium (RCB vs MI, 32,588 spectators). Heavy crowd movement on MG Road during peak match hours (20:00). Road DNA: 62. Reroute via Richmond Road flyover."
2025-05-13,22,5,Chinnaswamy Stadium Zone,Residency Road,IPL Match: RCB vs RR,32389,97090,11.16,3.78,93.17,1,122.29,74.74,85.77,96.48,1922,Light Rain,No,Severe,89,"IPL Match at Chinnaswamy Stadium (RCB vs RR, 32,389 spectators). Heavy crowd movement on Residency Road during peak match hours (22:00). Road DNA: 89. Reroute via Richmond Road flyover."
2025-04-14,21,4,Chinnaswamy Stadium Zone,Cubbon Road,IPL Match: RCB vs GT,34693,71031,21.17,1.94,71.17,1,161.66,72.5,77.84,89.75,2155,Clear,No,Medium,60,"IPL Match at Chinnaswamy Stadium (RCB vs GT, 34,693 spectators). Heavy crowd movement on Cubbon Road during peak match hours (21:00). Road DNA: 60. Reroute via Richmond Road flyover."
2025-03-04,23,3,Chinnaswamy Stadium Zone,Richmond Road,IPL Match: RCB vs MI,33790,100233,13.94,4.19,113.4,4,124.6,67.83,76.12,86.96,1175,Light Rain,Yes,Severe,92,"IPL Match at Chinnaswamy Stadium (RCB vs MI, 33,790 spectators). Heavy crowd movement on Richmond Road during peak match hours (23:00). Road DNA: 92. Reroute via Richmond Road flyover."
2025-05-04,17,5,Chinnaswamy Stadium Zone,Kasturba Road,IPL Match: RCB vs KKR,29908,99104,10.47,4.33,101.59,1,189.51,88.76,81.27,93.22,1787,Thunderstorm,Yes,High,89,"IPL Match at Chinnaswamy Stadium (RCB vs KKR, 29,908 spectators). Heavy crowd movement on Kasturba Road during peak match hours (17:00). Road DNA: 89. Reroute via Richmond Road flyover."
2025-03-22,19,3,Chinnaswamy Stadium Zone,Kasturba Road,IPL Match: RCB vs SRH,31108,93790,10.97,2.87,111.74,1,187.42,62.69,88.18,91.14,1911,Heavy Rain,Yes,Severe,84,"IPL Match at Chinnaswamy Stadium (RCB vs SRH, 31,108 spectators). Heavy crowd movement on Kasturba Road during peak match hours (19:00). Road DNA: 84. Reroute via Richmond Road flyover."
2025-03-18,22,3,Chinnaswamy Stadium Zone,Cubbon Road,IPL Match: RCB vs RR,34348,116030,7.56,4.3,106.85,1,159.37,87.84,74.59,91.1,2968,Clear,Yes,High,93,"IPL Match at Chinnaswamy Stadium (RCB vs RR, 34,348 spectators). Heavy crowd movement on Cubbon Road during peak match hours (22:00). Road DNA: 93. Reroute via Richmond Road flyover."
2025-04-08,17,4,Chinnaswamy Stadium Zone,Residency Road,IPL Match: RCB vs LSG,33800,110128,13.95,3.49,104.05,2,186.34,60.08,87.41,90.69,2538,Thunderstorm,Yes,High,90,"IPL Match at Chinnaswamy Stadium (RCB vs LSG, 33,800 spectators). Heavy crowd movement on Residency Road during peak match hours (17:00). Road DNA: 90. Reroute via Richmond Road flyover."
2025-04-22,22,4,Chinnaswamy Stadium Zone,MG Road,IPL Match: RCB vs KKR,30698,104118,7.92,3.93,104.54,4,166.62,76.06,75.52,88.6,3069,Light Rain,Yes,Severe,87,"IPL Match at Chinnaswamy Stadium (RCB vs KKR, 30,698 spectators). Heavy crowd movement on MG Road during peak match hours (22:00). Road DNA: 87. Reroute via Richmond Road flyover."
2025-03-03,17,3,Chinnaswamy Stadium Zone,Richmond Road,IPL Match: RCB vs RR,29952,117373,13.47,2.55,109.1,1,130.55,88.25,84.08,86.36,1561,Clear,No,High,91,"IPL Match at Chinnaswamy Stadium (RCB vs RR, 29,952 spectators). Heavy crowd movement on Richmond Road during peak match hours (17:00). Road DNA: 91. Reroute via Richmond Road flyover."
2025-05-18,18,5,Chinnaswamy Stadium Zone,Richmond Road,IPL Match: RCB vs RR,28640,128751,11.96,3.33,102.77,3,128.5,72.07,86.57,92.87,3018,Light Rain,Yes,Severe,85,"IPL Match at Chinnaswamy Stadium (RCB vs RR, 28,640 spectators). Heavy crowd movement on Richmond Road during peak match hours (18:00). Road DNA: 85. Reroute via Richmond Road flyover."
2025-04-09,22,4,Chinnaswamy Stadium Zone,Kasturba Road,IPL Match: RCB vs DC,31141,126303,13.79,3.16,95.08,4,135.64,77.6,88.47,92.42,1426,Thunderstorm,No,High,80,"IPL Match at Chinnaswamy Stadium (RCB vs DC, 31,141 spectators). Heavy crowd movement on Kasturba Road during peak match hours (22:00). Road DNA: 80. Reroute via Richmond Road flyover."
2025-03-22,22,3,Chinnaswamy Stadium Zone,Infant Jesus Church Junction,IPL Match: RCB vs MI,30473,106795,9.38,3.26,93.11,2,127.94,79.1,75.42,89.42,3466,Thunderstorm,No,High,91,"IPL Match at Chinnaswamy Stadium (RCB vs MI, 30,473 spectators). Heavy crowd movement on Infant Jesus Church Junction during peak match hours (22:00). Road DNA: 91. Reroute via Richmond Road flyover."
2025-03-25,17,3,Chinnaswamy Stadium Zone,Kasturba Road,IPL Match: RCB vs SRH,33155,111625,13.34,4.48,94.67,1,157.04,63.22,76.51,91.96,2833,Light Rain,Yes,Severe,79,"IPL Match at Chinnaswamy Stadium (RCB vs SRH, 33,155 spectators). Heavy crowd movement on Kasturba Road during peak match hours (17:00). Road DNA: 79. Reroute via Richmond Road flyover."
2025-04-13,18,4,Chinnaswamy Stadium Zone,Cubbon Road,IPL Match: RCB vs RR,33922,106676,9.57,4.27,105.91,2,133.95,78.63,80.1,96.59,1665,Clear,No,High,91,"IPL Match at Chinnaswamy Stadium (RCB vs RR, 33,922 spectators). Heavy crowd movement on Cubbon Road during peak match hours (18:00). Road DNA: 91. Reroute via Richmond Road flyover."
2025-05-09,23,5,Chinnaswamy Stadium Zone,Richmond Road,IPL Match: RCB vs CSK,29840,117608,8.66,4.45,112.94,0,162.56,70.28,75.09,85.71,2811,Clear,No,High,85,"IPL Match at Chinnaswamy Stadium (RCB vs CSK, 29,840 spectators). Heavy crowd movement on Richmond Road during peak match hours (23:00). Road DNA: 85. Reroute via Richmond Road flyover."
2025-03-09,17,3,Chinnaswamy Stadium Zone,MG Road,IPL Match: RCB vs SRH,33058,118880,10.47,3.56,106.92,0,153.04,82.08,75.91,87.8,1714,Clear,Yes,High,93,"IPL Match at Chinnaswamy Stadium (RCB vs SRH, 33,058 spectators). Heavy crowd movement on MG Road during peak match hours (17:00). Road DNA: 93. Reroute via Richmond Road flyover."
2025-04-18,20,4,Chinnaswamy Stadium Zone,Kasturba Road,IPL Match: RCB vs GT,28925,103786,10.09,3.49,102.17,3,130.23,60.88,86.73,96.21,921,Light Rain,Yes,Severe,86,"IPL Match at Chinnaswamy Stadium (RCB vs GT, 28,925 spectators). Heavy crowd movement on Kasturba Road during peak match hours (20:00). Road DNA: 86. Reroute via Richmond Road flyover."
2025-03-06,18,3,Chinnaswamy Stadium Zone,Cubbon Road,IPL Match: RCB vs SRH,30839,92848,9.2,3.73,99.63,1,166.43,61.76,81.57,96.06,1177,Heavy Rain,Yes,Severe,79,"IPL Match at Chinnaswamy Stadium (RCB vs SRH, 30,839 spectators). Heavy crowd movement on Cubbon Road during peak match hours (18:00). Road DNA: 79. Reroute via Richmond Road flyover."
2025-03-20,21,3,Chinnaswamy Stadium Zone,Kasturba Road,IPL Match: RCB vs SRH,30326,125279,7.76,2.92,113.12,3,146.06,76.13,88.39,85.04,2976,Heavy Rain,No,Severe,88,"IPL Match at Chinnaswamy Stadium (RCB vs SRH, 30,326 spectators). Heavy crowd movement on Kasturba Road during peak match hours (21:00). Road DNA: 88. Reroute via Richmond Road flyover."
2025-05-18,16,5,Chinnaswamy Stadium Zone,Residency Road,IPL Match: RCB vs KKR,31734,90792,7.41,3.46,105.72,2,165.44,89.74,72.41,92.02,1389,Heavy Rain,No,Severe,83,"IPL Match at Chinnaswamy Stadium (RCB vs KKR, 31,734 spectators). Heavy crowd movement on Residency Road during peak match hours (16:00). Road DNA: 83. Reroute via Richmond Road flyover."
2025-04-11,20,4,Chinnaswamy Stadium Zone,MG Road,IPL Match: RCB vs GT,30891,66674,24.35,2.02,80.96,1,132.66,67.48,82.47,93.0,2890,Thunderstorm,No,Medium,72,"IPL Match at Chinnaswamy Stadium (RCB vs GT, 30,891 spectators). Heavy crowd movement on MG Road during peak match hours (20:00). Road DNA: 72. Reroute via Richmond Road flyover."
2025-05-27,16,5,Chinnaswamy Stadium Zone,Residency Road,IPL Match: RCB vs DC,30233,61624,22.69,1.68,79.55,4,159.76,80.41,86.68,95.41,2247,Thunderstorm,No,Medium,71,"IPL Match at Chinnaswamy Stadium (RCB vs DC, 30,233 spectators). Heavy crowd movement on Residency Road during peak match hours (16:00). Road DNA: 71. Reroute via Richmond Road flyover."
2025-05-15,19,5,Chinnaswamy Stadium Zone,Infant Jesus Church Junction,IPL Match: RCB vs DC,28865,118206,8.44,2.82,93.51,3,186.68,69.54,73.27,92.37,2000,Thunderstorm,Yes,High,78,"IPL Match at Chinnaswamy Stadium (RCB vs DC, 28,865 spectators). Heavy crowd movement on Infant Jesus Church Junction during peak match hours (19:00). Road DNA: 78. Reroute via Richmond Road flyover."
2025-05-27,21,5,Chinnaswamy Stadium Zone,MG Road,IPL Match: RCB vs MI,33394,80540,19.61,1.84,73.25,0,163.77,77.94,72.31,85.53,3176,Thunderstorm,No,Medium,63,"IPL Match at Chinnaswamy Stadium (RCB vs MI, 33,394 spectators). Heavy crowd movement on MG Road during peak match hours (21:00). Road DNA: 63. Reroute via Richmond Road flyover."
2025-05-10,17,5,Chinnaswamy Stadium Zone,Richmond Road,IPL Match: RCB vs RR,31983,108887,10.45,3.36,100.89,3,174.57,64.47,73.37,86.72,1677,Clear,No,High,80,"IPL Match at Chinnaswamy Stadium (RCB vs RR, 31,983 spectators). Heavy crowd movement on Richmond Road during peak match hours (17:00). Road DNA: 80. Reroute via Richmond Road flyover."
2025-05-01,20,5,Chinnaswamy Stadium Zone,Richmond Road,IPL Match: RCB vs SRH,34369,70130,16.54,2.3,90.8,1,171.55,88.51,71.07,89.71,1031,Thunderstorm,Yes,Medium,61,"IPL Match at Chinnaswamy Stadium (RCB vs SRH, 34,369 spectators). Heavy crowd movement on Richmond Road during peak match hours (20:00). Road DNA: 61. Reroute via Richmond Road flyover."
2025-04-03,20,4,Chinnaswamy Stadium Zone,Infant Jesus Church Junction,IPL Match: RCB vs KKR,33760,69118,24.93,1.8,85.56,1,130.99,79.93,85.88,98.32,1036,Thunderstorm,Yes,Medium,58,"IPL Match at Chinnaswamy Stadium (RCB vs KKR, 33,760 spectators). Heavy crowd movement on Infant Jesus Church Junction during peak match hours (20:00). Road DNA: 58. Reroute via Richmond Road flyover."
2025-05-28,21,5,Chinnaswamy Stadium Zone,Infant Jesus Church Junction,IPL Match: RCB vs LSG,33032,93910,7.88,3.79,102.19,3,142.11,81.95,81.58,92.57,2685,Light Rain,Yes,Severe,88,"IPL Match at Chinnaswamy Stadium (RCB vs LSG, 33,032 spectators). Heavy crowd movement on Infant Jesus Church Junction during peak match hours (21:00). Road DNA: 88. Reroute via Richmond Road flyover."
2025-03-08,20,3,Chinnaswamy Stadium Zone,Residency Road,IPL Match: RCB vs CSK,34792,67694,24.04,1.72,84.27,1,171.89,63.88,81.84,99.17,3431,Thunderstorm,No,Medium,59,"IPL Match at Chinnaswamy Stadium (RCB vs CSK, 34,792 spectators). Heavy crowd movement on Residency Road during peak match hours (20:00). Road DNA: 59. Reroute via Richmond Road flyover."
2025-05-14,19,5,Chinnaswamy Stadium Zone,Infant Jesus Church Junction,IPL Match: RCB vs SRH,28526,105484,11.42,3.66,113.8,0,160.69,85.92,89.46,94.41,3394,Heavy Rain,Yes,Severe,89,"IPL Match at Chinnaswamy Stadium (RCB vs SRH, 28,526 spectators). Heavy crowd movement on Infant Jesus Church Junction during peak match hours (19:00). Road DNA: 89. Reroute via Richmond Road flyover."
2025-04-07,20,4,Chinnaswamy Stadium Zone,Residency Road,IPL Match: RCB vs CSK,29695,68143,17.44,2.11,86.07,1,162.76,86.44,87.97,87.6,2350,Clear,No,Medium,67,"IPL Match at Chinnaswamy Stadium (RCB vs CSK, 29,695 spectators). Heavy crowd movement on Residency Road during peak match hours (20:00). Road DNA: 67. Reroute via Richmond Road flyover."
2025-04-21,22,4,Chinnaswamy Stadium Zone,Residency Road,IPL Match: RCB vs LSG,31969,111314,13.95,3.15,93.66,0,123.12,86.66,83.24,87.24,2276,Heavy Rain,Yes,Severe,85,"IPL Match at Chinnaswamy Stadium (RCB vs LSG, 31,969 spectators). Heavy crowd movement on Residency Road during peak match hours (22:00). Road DNA: 85. Reroute via Richmond Road flyover."
2025-03-20,23,3,Chinnaswamy Stadium Zone,Kasturba Road,IPL Match: RCB vs SRH,29891,105833,8.93,3.49,111.48,1,180.88,69.13,85.03,91.36,2232,Light Rain,Yes,Severe,80,"IPL Match at Chinnaswamy Stadium (RCB vs SRH, 29,891 spectators). Heavy crowd movement on Kasturba Road during peak match hours (23:00). Road DNA: 80. Reroute via Richmond Road flyover."
2025-04-20,18,4,Chinnaswamy Stadium Zone,Kasturba Road,IPL Match: RCB vs DC,33615,108764,8.63,2.88,104.46,2,177.66,78.8,79.05,86.75,1151,Heavy Rain,Yes,Severe,78,"IPL Match at Chinnaswamy Stadium (RCB vs DC, 33,615 spectators). Heavy crowd movement on Kasturba Road during peak match hours (18:00). Road DNA: 78. Reroute via Richmond Road flyover."
2025-05-09,21,5,Chinnaswamy Stadium Zone,Infant Jesus Church Junction,IPL Match: RCB vs SRH,30147,78982,15.16,1.98,82.67,4,131.29,62.48,80.59,92.56,2827,Clear,No,Medium,70,"IPL Match at Chinnaswamy Stadium (RCB vs SRH, 30,147 spectators). Heavy crowd movement on Infant Jesus Church Junction during peak match hours (21:00). Road DNA: 70. Reroute via Richmond Road flyover."
2025-04-22,16,4,Chinnaswamy Stadium Zone,MG Road,IPL Match: RCB vs SRH,29272,115336,6.77,2.78,107.96,3,120.21,64.91,78.06,92.29,2494,Light Rain,Yes,Severe,80,"IPL Match at Chinnaswamy Stadium (RCB vs SRH, 29,272 spectators). Heavy crowd movement on MG Road during peak match hours (16:00). Road DNA: 80. Reroute via Richmond Road flyover."
2025-03-15,16,3,Chinnaswamy Stadium Zone,MG Road,IPL Match: RCB vs MI,28738,60249,16.29,2.39,80.16,4,179.0,63.72,85.58,96.73,3129,Clear,No,Medium,73,"IPL Match at Chinnaswamy Stadium (RCB vs MI, 28,738 spectators). Heavy crowd movement on MG Road during peak match hours (16:00). Road DNA: 73. Reroute via Richmond Road flyover."
2025-04-15,20,4,Chinnaswamy Stadium Zone,MG Road,IPL Match: RCB vs SRH,28949,77596,15.46,2.37,90.24,4,140.57,77.86,85.94,94.65,2465,Thunderstorm,No,Medium,56,"IPL Match at Chinnaswamy Stadium (RCB vs SRH, 28,949 spectators). Heavy crowd movement on MG Road during peak match hours (20:00). Road DNA: 56. Reroute via Richmond Road flyover."
2025-05-01,23,5,Chinnaswamy Stadium Zone,Richmond Road,IPL Match: RCB vs SRH,31908,93920,6.78,4.35,111.0,0,184.84,78.33,81.47,94.35,1934,Thunderstorm,No,High,94,"IPL Match at Chinnaswamy Stadium (RCB vs SRH, 31,908 spectators). Heavy crowd movement on Richmond Road during peak match hours (23:00). Road DNA: 94. Reroute via Richmond Road flyover."
2025-05-14,18,5,Chinnaswamy Stadium Zone,Richmond Road,IPL Match: RCB vs CSK,34651,117386,11.92,3.8,104.52,2,187.85,67.32,72.42,97.74,3442,Thunderstorm,No,High,80,"IPL Match at Chinnaswamy Stadium (RCB vs CSK, 34,651 spectators). Heavy crowd movement on Richmond Road during peak match hours (18:00). Road DNA: 80. Reroute via Richmond Road flyover."
2025-04-12,22,4,Chinnaswamy Stadium Zone,Infant Jesus Church Junction,IPL Match: RCB vs GT,30418,109938,10.73,4.29,111.17,3,156.31,76.17,77.86,98.78,3332,Thunderstorm,Yes,High,80,"IPL Match at Chinnaswamy Stadium (RCB vs GT, 30,418 spectators). Heavy crowd movement on Infant Jesus Church Junction during peak match hours (22:00). Road DNA: 80. Reroute via Richmond Road flyover."
2025-03-19,19,3,Chinnaswamy Stadium Zone,Kasturba Road,IPL Match: RCB vs RR,28350,119339,9.77,3.21,107.72,3,150.1,84.89,76.91,93.79,1466,Heavy Rain,Yes,Severe,83,"IPL Match at Chinnaswamy Stadium (RCB vs RR, 28,350 spectators). Heavy crowd movement on Kasturba Road during peak match hours (19:00). Road DNA: 83. Reroute via Richmond Road flyover."
2025-05-15,23,5,Chinnaswamy Stadium Zone,Residency Road,IPL Match: RCB vs LSG,34156,107019,6.57,3.09,93.63,0,129.96,79.24,84.07,93.9,2070,Light Rain,No,Severe,90,"IPL Match at Chinnaswamy Stadium (RCB vs LSG, 34,156 spectators). Heavy crowd movement on Residency Road during peak match hours (23:00). Road DNA: 90. Reroute via Richmond Road flyover."
2025-04-02,16,4,Chinnaswamy Stadium Zone,Cubbon Road,IPL Match: RCB vs GT,30758,56983,24.25,2.3,72.26,0,152.29,64.66,87.02,94.2,1318,Thunderstorm,Yes,Medium,72,"IPL Match at Chinnaswamy Stadium (RCB vs GT, 30,758 spectators). Heavy crowd movement on Cubbon Road during peak match hours (16:00). Road DNA: 72. Reroute via Richmond Road flyover."
2025-04-05,20,4,Chinnaswamy Stadium Zone,Richmond Road,IPL Match: RCB vs GT,32274,58511,23.69,2.05,74.64,0,148.96,67.39,83.8,98.7,2648,Clear,Yes,Medium,75,"IPL Match at Chinnaswamy Stadium (RCB vs GT, 32,274 spectators). Heavy crowd movement on Richmond Road during peak match hours (20:00). Road DNA: 75. Reroute via Richmond Road flyover."
2025-03-13,18,3,Chinnaswamy Stadium Zone,Kasturba Road,IPL Match: RCB vs RR,28512,119153,10.29,4.3,101.08,2,172.24,81.35,77.5,95.27,2255,Light Rain,No,Severe,89,"IPL Match at Chinnaswamy Stadium (RCB vs RR, 28,512 spectators). Heavy crowd movement on Kasturba Road during peak match hours (18:00). Road DNA: 89. Reroute via Richmond Road flyover."
2025-04-14,17,4,Chinnaswamy Stadium Zone,Richmond Road,IPL Match: RCB vs KKR,30246,98151,9.46,2.62,96.92,0,182.42,87.37,81.03,98.43,2382,Clear,Yes,High,87,"IPL Match at Chinnaswamy Stadium (RCB vs KKR, 30,246 spectators). Heavy crowd movement on Richmond Road during peak match hours (17:00). Road DNA: 87. Reroute via Richmond Road flyover."
2025-03-12,16,3,Chinnaswamy Stadium Zone,MG Road,IPL Match: RCB vs KKR,33528,57735,19.16,1.83,86.6,1,174.68,75.36,88.34,85.04,893,Thunderstorm,Yes,Medium,64,"IPL Match at Chinnaswamy Stadium (RCB vs KKR, 33,528 spectators). Heavy crowd movement on MG Road during peak match hours (16:00). Road DNA: 64. Reroute via Richmond Road flyover."
2025-04-17,18,4,Chinnaswamy Stadium Zone,Cubbon Road,IPL Match: RCB vs MI,28403,104141,13.71,4.44,101.99,3,162.53,68.36,82.12,92.12,1677,Thunderstorm,No,High,93,"IPL Match at Chinnaswamy Stadium (RCB vs MI, 28,403 spectators). Heavy crowd movement on Cubbon Road during peak match hours (18:00). Road DNA: 93. Reroute via Richmond Road flyover."
2025-05-03,17,5,Chinnaswamy Stadium Zone,Infant Jesus Church Junction,IPL Match: RCB vs MI,31348,112385,11.7,3.9,93.59,3,159.15,75.95,71.83,91.82,2769,Clear,No,High,95,"IPL Match at Chinnaswamy Stadium (RCB vs MI, 31,348 spectators). Heavy crowd movement on Infant Jesus Church Junction during peak match hours (17:00). Road DNA: 95. Reroute via Richmond Road flyover."
2025-03-06,16,3,Chinnaswamy Stadium Zone,Infant Jesus Church Junction,IPL Match: RCB vs CSK,33603,77299,18.83,1.9,70.7,0,124.34,64.21,83.24,99.04,1501,Clear,No,Medium,69,"IPL Match at Chinnaswamy Stadium (RCB vs CSK, 33,603 spectators). Heavy crowd movement on Infant Jesus Church Junction during peak match hours (16:00). Road DNA: 69. Reroute via Richmond Road flyover."
2025-05-04,17,5,Chinnaswamy Stadium Zone,Richmond Road,IPL Match: RCB vs GT,33517,120245,8.67,4.45,106.08,0,147.43,87.13,86.32,90.98,2344,Light Rain,No,Severe,87,"IPL Match at Chinnaswamy Stadium (RCB vs GT, 33,517 spectators). Heavy crowd movement on Richmond Road during peak match hours (17:00). Road DNA: 87. Reroute via Richmond Road flyover."
2025-03-15,20,3,Chinnaswamy Stadium Zone,Cubbon Road,IPL Match: RCB vs CSK,33573,79807,24.15,1.95,75.53,3,189.55,75.98,78.1,95.82,2761,Thunderstorm,Yes,Medium,72,"IPL Match at Chinnaswamy Stadium (RCB vs CSK, 33,573 spectators). Heavy crowd movement on Cubbon Road during peak match hours (20:00). Road DNA: 72. Reroute via Richmond Road flyover."
2025-05-04,20,5,Chinnaswamy Stadium Zone,Infant Jesus Church Junction,IPL Match: RCB vs CSK,29440,62360,21.35,1.75,78.61,0,131.08,79.32,75.22,95.9,2635,Thunderstorm,Yes,Medium,72,"IPL Match at Chinnaswamy Stadium (RCB vs CSK, 29,440 spectators). Heavy crowd movement on Infant Jesus Church Junction during peak match hours (20:00). Road DNA: 72. Reroute via Richmond Road flyover."
2025-05-10,17,5,Chinnaswamy Stadium Zone,Infant Jesus Church Junction,IPL Match: RCB vs SRH,30138,103240,13.54,3.71,100.49,0,175.56,68.74,74.54,87.91,1531,Thunderstorm,Yes,High,89,"IPL Match at Chinnaswamy Stadium (RCB vs SRH, 30,138 spectators). Heavy crowd movement on Infant Jesus Church Junction during peak match hours (17:00). Road DNA: 89. Reroute via Richmond Road flyover."
2025-05-22,18,5,Chinnaswamy Stadium Zone,Cubbon Road,IPL Match: RCB vs MI,31065,112465,10.32,4.25,98.64,1,173.23,77.56,87.43,99.37,2540,Thunderstorm,Yes,High,84,"IPL Match at Chinnaswamy Stadium (RCB vs MI, 31,065 spectators). Heavy crowd movement on Cubbon Road during peak match hours (18:00). Road DNA: 84. Reroute via Richmond Road flyover."
2025-03-07,21,3,Chinnaswamy Stadium Zone,Residency Road,IPL Match: RCB vs SRH,31115,118578,13.35,3.6,98.8,1,142.9,64.7,82.66,89.15,3371,Light Rain,No,Severe,81,"IPL Match at Chinnaswamy Stadium (RCB vs SRH, 31,115 spectators). Heavy crowd movement on Residency Road during peak match hours (21:00). Road DNA: 81. Reroute via Richmond Road flyover."
2025-05-27,16,5,Chinnaswamy Stadium Zone,Residency Road,IPL Match: RCB vs RR,32950,96312,10.59,3.83,104.29,1,123.55,87.05,84.98,87.64,2660,Heavy Rain,No,Severe,82,"IPL Match at Chinnaswamy Stadium (RCB vs RR, 32,950 spectators). Heavy crowd movement on Residency Road during peak match hours (16:00). Road DNA: 82. Reroute via Richmond Road flyover."
2025-05-28,17,5,Chinnaswamy Stadium Zone,MG Road,IPL Match: RCB vs LSG,30555,101728,13.9,2.83,109.18,1,132.28,63.13,73.09,93.4,1139,Thunderstorm,Yes,High,93,"IPL Match at Chinnaswamy Stadium (RCB vs LSG, 30,555 spectators). Heavy crowd movement on MG Road during peak match hours (17:00). Road DNA: 93. Reroute via Richmond Road flyover."
2025-05-11,19,5,Chinnaswamy Stadium Zone,Infant Jesus Church Junction,IPL Match: RCB vs KKR,34257,93040,13.98,3.88,93.1,2,171.1,84.19,81.1,85.21,1197,Thunderstorm,Yes,High,86,"IPL Match at Chinnaswamy Stadium (RCB vs KKR, 34,257 spectators). Heavy crowd movement on Infant Jesus Church Junction during peak match hours (19:00). Road DNA: 86. Reroute via Richmond Road flyover."
2025-03-20,16,3,Chinnaswamy Stadium Zone,Residency Road,IPL Match: RCB vs CSK,29197,71151,22.87,2.25,79.83,2,179.57,85.18,89.78,94.84,1236,Thunderstorm,No,Medium,74,"IPL Match at Chinnaswamy Stadium (RCB vs CSK, 29,197 spectators). Heavy crowd movement on Residency Road during peak match hours (16:00). Road DNA: 74. Reroute via Richmond Road flyover."
2025-03-26,19,3,Chinnaswamy Stadium Zone,Kasturba Road,IPL Match: RCB vs KKR,32464,120973,13.74,2.9,96.13,0,173.29,87.4,87.43,93.12,1821,Thunderstorm,No,High,88,"IPL Match at Chinnaswamy Stadium (RCB vs KKR, 32,464 spectators). Heavy crowd movement on Kasturba Road during peak match hours (19:00). Road DNA: 88. Reroute via Richmond Road flyover."
2025-03-26,20,3,Chinnaswamy Stadium Zone,Infant Jesus Church Junction,IPL Match: RCB vs SRH,28575,55701,22.17,1.71,74.16,3,176.04,81.66,84.96,92.15,954,Thunderstorm,Yes,Medium,60,"IPL Match at Chinnaswamy Stadium (RCB vs SRH, 28,575 spectators). Heavy crowd movement on Infant Jesus Church Junction during peak match hours (20:00). Road DNA: 60. Reroute via Richmond Road flyover."
2025-03-12,22,3,Chinnaswamy Stadium Zone,Richmond Road,IPL Match: RCB vs DC,33597,118793,10.51,2.69,112.91,0,189.41,60.83,87.23,91.06,2309,Heavy Rain,Yes,Severe,90,"IPL Match at Chinnaswamy Stadium (RCB vs DC, 33,597 spectators). Heavy crowd movement on Richmond Road during peak match hours (22:00). Road DNA: 90. Reroute via Richmond Road flyover."
2025-03-19,21,3,Chinnaswamy Stadium Zone,Kasturba Road,IPL Match: RCB vs DC,32764,88127,8.97,4.38,114.43,3,174.54,68.32,81.76,98.39,3450,Heavy Rain,No,Severe,81,"IPL Match at Chinnaswamy Stadium (RCB vs DC, 32,764 spectators). Heavy crowd movement on Kasturba Road during peak match hours (21:00). Road DNA: 81. Reroute via Richmond Road flyover."
2025-05-13,18,5,Chinnaswamy Stadium Zone,Kasturba Road,IPL Match: RCB vs GT,34575,92186,11.85,4.16,110.7,4,133.69,77.01,74.65,96.64,1901,Light Rain,Yes,Severe,80,"IPL Match at Chinnaswamy Stadium (RCB vs GT, 34,575 spectators). Heavy crowd movement on Kasturba Road during peak match hours (18:00). Road DNA: 80. Reroute via Richmond Road flyover."
2025-05-18,18,5,Chinnaswamy Stadium Zone,Richmond Road,IPL Match: RCB vs MI,28439,108490,8.86,3.65,93.33,2,125.44,77.36,75.58,94.19,3202,Clear,Yes,High,79,"IPL Match at Chinnaswamy Stadium (RCB vs MI, 28,439 spectators). Heavy crowd movement on Richmond Road during peak match hours (18:00). Road DNA: 79. Reroute via Richmond Road flyover."
2025-03-15,21,3,Chinnaswamy Stadium Zone,MG Road,IPL Match: RCB vs SRH,34048,116698,12.28,4.25,108.25,0,145.37,76.18,78.79,95.56,1240,Heavy Rain,No,Severe,78,"IPL Match at Chinnaswamy Stadium (RCB vs SRH, 34,048 spectators). Heavy crowd movement on MG Road during peak match hours (21:00). Road DNA: 78. Reroute via Richmond Road flyover."
2025-03-08,21,3,Chinnaswamy Stadium Zone,Residency Road,IPL Match: RCB vs LSG,34533,63582,19.68,2.05,77.14,3,178.18,81.39,85.92,89.63,3242,Clear,Yes,Medium,56,"IPL Match at Chinnaswamy Stadium (RCB vs LSG, 34,533 spectators). Heavy crowd movement on Residency Road during peak match hours (21:00). Road DNA: 56. Reroute via Richmond Road flyover."
2025-04-18,23,4,Chinnaswamy Stadium Zone,Residency Road,IPL Match: RCB vs LSG,29445,112142,10.42,3.09,96.54,2,182.62,78.96,88.23,88.52,1747,Thunderstorm,Yes,High,91,"IPL Match at Chinnaswamy Stadium (RCB vs LSG, 29,445 spectators). Heavy crowd movement on Residency Road during peak match hours (23:00). Road DNA: 91. Reroute via Richmond Road flyover."
2025-04-12,22,4,Chinnaswamy Stadium Zone,Residency Road,IPL Match: RCB vs CSK,28488,99081,13.22,3.36,92.45,0,179.14,61.23,79.86,88.05,919,Light Rain,No,Severe,95,"IPL Match at Chinnaswamy Stadium (RCB vs CSK, 28,488 spectators). Heavy crowd movement on Residency Road during peak match hours (22:00). Road DNA: 95. Reroute via Richmond Road flyover."
2025-03-28,21,3,Chinnaswamy Stadium Zone,Cubbon Road,IPL Match: RCB vs DC,33975,117402,9.7,2.84,99.47,4,145.96,80.52,84.08,86.7,853,Heavy Rain,Yes,Severe,85,"IPL Match at Chinnaswamy Stadium (RCB vs DC, 33,975 spectators). Heavy crowd movement on Cubbon Road during peak match hours (21:00). Road DNA: 85. Reroute via Richmond Road flyover."
2025-04-24,23,4,Chinnaswamy Stadium Zone,Cubbon Road,IPL Match: RCB vs RR,29630,93307,10.07,4.26,102.81,2,172.57,78.3,70.03,88.87,1094,Thunderstorm,No,High,83,"IPL Match at Chinnaswamy Stadium (RCB vs RR, 29,630 spectators). Heavy crowd movement on Cubbon Road during peak match hours (23:00). Road DNA: 83. Reroute via Richmond Road flyover."
2025-05-15,20,5,Chinnaswamy Stadium Zone,MG Road,IPL Match: RCB vs KKR,29386,75171,21.72,2.07,86.95,1,120.73,70.48,71.37,93.53,1868,Clear,No,Medium,74,"IPL Match at Chinnaswamy Stadium (RCB vs KKR, 29,386 spectators). Heavy crowd movement on MG Road during peak match hours (20:00). Road DNA: 74. Reroute via Richmond Road flyover."
2025-03-02,16,3,Chinnaswamy Stadium Zone,Infant Jesus Church Junction,IPL Match: RCB vs CSK,31783,72584,22.82,2.17,80.17,1,133.08,85.27,74.75,97.13,3261,Clear,Yes,Medium,58,"IPL Match at Chinnaswamy Stadium (RCB vs CSK, 31,783 spectators). Heavy crowd movement on Infant Jesus Church Junction during peak match hours (16:00). Road DNA: 58. Reroute via Richmond Road flyover."
2025-03-13,21,3,Chinnaswamy Stadium Zone,MG Road,IPL Match: RCB vs GT,28051,69988,24.43,2.08,88.55,4,184.47,69.9,81.12,87.55,2009,Thunderstorm,Yes,Medium,71,"IPL Match at Chinnaswamy Stadium (RCB vs GT, 28,051 spectators). Heavy crowd movement on MG Road during peak match hours (21:00). Road DNA: 71. Reroute via Richmond Road flyover."
2025-04-24,20,4,Chinnaswamy Stadium Zone,Residency Road,IPL Match: RCB vs LSG,30894,74763,15.21,1.93,86.37,4,167.38,61.47,88.12,87.84,1911,Clear,Yes,Medium,69,"IPL Match at Chinnaswamy Stadium (RCB vs LSG, 30,894 spectators). Heavy crowd movement on Residency Road during peak match hours (20:00). Road DNA: 69. Reroute via Richmond Road flyover."
2025-03-10,21,3,Chinnaswamy Stadium Zone,Infant Jesus Church Junction,IPL Match: RCB vs RR,31484,73083,22.9,2.34,71.68,0,169.62,82.88,85.68,88.74,3312,Clear,Yes,Medium,72,"IPL Match at Chinnaswamy Stadium (RCB vs RR, 31,484 spectators). Heavy crowd movement on Infant Jesus Church Junction during peak match hours (21:00). Road DNA: 72. Reroute via Richmond Road flyover."
2025-03-21,22,3,Chinnaswamy Stadium Zone,Richmond Road,IPL Match: RCB vs CSK,30197,103349,7.72,3.12,106.29,4,127.84,86.49,70.12,96.66,2044,Heavy Rain,Yes,Severe,86,"IPL Match at Chinnaswamy Stadium (RCB vs CSK, 30,197 spectators). Heavy crowd movement on Richmond Road during peak match hours (22:00). Road DNA: 86. Reroute via Richmond Road flyover."
2025-05-22,17,5,Chinnaswamy Stadium Zone,Richmond Road,IPL Match: RCB vs LSG,29597,116239,13.37,3.28,114.72,2,183.99,70.58,72.27,97.78,2013,Thunderstorm,Yes,High,94,"IPL Match at Chinnaswamy Stadium (RCB vs LSG, 29,597 spectators). Heavy crowd movement on Richmond Road during peak match hours (17:00). Road DNA: 94. Reroute via Richmond Road flyover."
2025-05-18,18,5,Chinnaswamy Stadium Zone,Cubbon Road,IPL Match: RCB vs MI,29273,94978,10.42,2.53,97.36,3,136.37,78.6,74.2,98.38,1141,Light Rain,No,Severe,85,"IPL Match at Chinnaswamy Stadium (RCB vs MI, 29,273 spectators). Heavy crowd movement on Cubbon Road during peak match hours (18:00). Road DNA: 85. Reroute via Richmond Road flyover."
2025-05-08,21,5,Chinnaswamy Stadium Zone,Cubbon Road,IPL Match: RCB vs DC,28630,120602,13.67,3.8,94.54,1,137.04,80.59,70.25,92.06,1197,Heavy Rain,No,Severe,82,"IPL Match at Chinnaswamy Stadium (RCB vs DC, 28,630 spectators). Heavy crowd movement on Cubbon Road during peak match hours (21:00). Road DNA: 82. Reroute via Richmond Road flyover."
2025-04-18,19,4,Chinnaswamy Stadium Zone,MG Road,IPL Match: RCB vs SRH,30476,128510,13.13,3.33,112.2,1,159.61,73.49,75.14,92.43,3284,Thunderstorm,No,High,88,"IPL Match at Chinnaswamy Stadium (RCB vs SRH, 30,476 spectators). Heavy crowd movement on MG Road during peak match hours (19:00). Road DNA: 88. Reroute via Richmond Road flyover."
2025-04-16,19,4,Chinnaswamy Stadium Zone,Kasturba Road,IPL Match: RCB vs KKR,29346,117627,9.39,2.61,105.6,2,178.14,78.34,87.68,90.19,1044,Light Rain,Yes,Severe,94,"IPL Match at Chinnaswamy Stadium (RCB vs KKR, 29,346 spectators). Heavy crowd movement on Kasturba Road during peak match hours (19:00). Road DNA: 94. Reroute via Richmond Road flyover."
2025-03-15,17,3,Chinnaswamy Stadium Zone,Residency Road,IPL Match: RCB vs KKR,33728,105683,10.99,3.33,109.33,1,135.68,69.55,73.27,98.08,1230,Thunderstorm,Yes,High,86,"IPL Match at Chinnaswamy Stadium (RCB vs KKR, 33,728 spectators). Heavy crowd movement on Residency Road during peak match hours (17:00). Road DNA: 86. Reroute via Richmond Road flyover."
2025-05-20,22,5,Chinnaswamy Stadium Zone,Kasturba Road,IPL Match: RCB vs DC,33266,88515,13.88,2.7,108.55,0,159.25,76.08,76.27,88.96,1945,Thunderstorm,No,High,90,"IPL Match at Chinnaswamy Stadium (RCB vs DC, 33,266 spectators). Heavy crowd movement on Kasturba Road during peak match hours (22:00). Road DNA: 90. Reroute via Richmond Road flyover."
2025-05-21,21,5,Chinnaswamy Stadium Zone,Cubbon Road,IPL Match: RCB vs RR,32135,107374,8.68,2.52,108.68,0,153.77,78.37,83.54,90.04,2122,Light Rain,No,Severe,78,"IPL Match at Chinnaswamy Stadium (RCB vs RR, 32,135 spectators). Heavy crowd movement on Cubbon Road during peak match hours (21:00). Road DNA: 78. Reroute via Richmond Road flyover."
2025-05-06,23,5,Chinnaswamy Stadium Zone,Kasturba Road,IPL Match: RCB vs DC,29943,116651,11.55,3.24,95.52,0,149.42,70.77,77.71,92.94,2080,Thunderstorm,No,High,93,"IPL Match at Chinnaswamy Stadium (RCB vs DC, 29,943 spectators). Heavy crowd movement on Kasturba Road during peak match hours (23:00). Road DNA: 93. Reroute via Richmond Road flyover."
2025-05-26,23,5,Chinnaswamy Stadium Zone,Infant Jesus Church Junction,IPL Match: RCB vs RR,28914,101768,7.36,3.7,109.87,2,189.64,73.24,76.14,99.71,1946,Thunderstorm,No,High,78,"IPL Match at Chinnaswamy Stadium (RCB vs RR, 28,914 spectators). Heavy crowd movement on Infant Jesus Church Junction during peak match hours (23:00). Road DNA: 78. Reroute via Richmond Road flyover."
2025-03-12,16,3,Chinnaswamy Stadium Zone,Kasturba Road,IPL Match: RCB vs GT,34772,76718,23.27,1.7,76.58,1,168.73,88.48,81.41,86.9,2887,Thunderstorm,Yes,Medium,66,"IPL Match at Chinnaswamy Stadium (RCB vs GT, 34,772 spectators). Heavy crowd movement on Kasturba Road during peak match hours (16:00). Road DNA: 66. Reroute via Richmond Road flyover."
2025-03-20,18,3,Chinnaswamy Stadium Zone,Infant Jesus Church Junction,IPL Match: RCB vs LSG,33907,90885,11.65,2.85,94.4,4,140.11,68.71,85.26,90.32,1892,Clear,No,High,86,"IPL Match at Chinnaswamy Stadium (RCB vs LSG, 33,907 spectators). Heavy crowd movement on Infant Jesus Church Junction during peak match hours (18:00). Road DNA: 86. Reroute via Richmond Road flyover."
2025-05-04,17,5,Chinnaswamy Stadium Zone,Infant Jesus Church Junction,IPL Match: RCB vs DC,29963,111683,8.68,3.5,98.51,4,158.03,65.01,71.07,92.96,2045,Thunderstorm,Yes,High,82,"IPL Match at Chinnaswamy Stadium (RCB vs DC, 29,963 spectators). Heavy crowd movement on Infant Jesus Church Junction during peak match hours (17:00). Road DNA: 82. Reroute via Richmond Road flyover."
2025-03-20,21,3,Chinnaswamy Stadium Zone,Infant Jesus Church Junction,IPL Match: RCB vs MI,29597,118789,7.18,3.99,108.61,3,125.47,84.91,81.68,87.31,2869,Light Rain,Yes,Severe,82,"IPL Match at Chinnaswamy Stadium (RCB vs MI, 29,597 spectators). Heavy crowd movement on Infant Jesus Church Junction during peak match hours (21:00). Road DNA: 82. Reroute via Richmond Road flyover."
2025-04-25,21,4,Chinnaswamy Stadium Zone,Cubbon Road,IPL Match: RCB vs KKR,31522,69547,22.69,2.32,70.87,2,165.82,81.19,79.16,88.04,2162,Thunderstorm,No,Medium,69,"IPL Match at Chinnaswamy Stadium (RCB vs KKR, 31,522 spectators). Heavy crowd movement on Cubbon Road during peak match hours (21:00). Road DNA: 69. Reroute via Richmond Road flyover."
2025-03-21,16,3,Chinnaswamy Stadium Zone,Richmond Road,IPL Match: RCB vs DC,29731,91702,9.57,4.19,111.25,2,172.64,71.82,87.88,94.25,3189,Light Rain,Yes,Severe,93,"IPL Match at Chinnaswamy Stadium (RCB vs DC, 29,731 spectators). Heavy crowd movement on Richmond Road during peak match hours (16:00). Road DNA: 93. Reroute via Richmond Road flyover."
2025-03-20,23,3,Chinnaswamy Stadium Zone,MG Road,IPL Match: RCB vs SRH,31023,104388,7.82,4.34,104.61,1,157.6,66.72,86.95,91.81,3127,Light Rain,No,Severe,82,"IPL Match at Chinnaswamy Stadium (RCB vs SRH, 31,023 spectators). Heavy crowd movement on MG Road during peak match hours (23:00). Road DNA: 82. Reroute via Richmond Road flyover."
2025-03-14,20,3,Chinnaswamy Stadium Zone,Richmond Road,IPL Match: RCB vs CSK,33747,111325,7.97,3.71,98.62,3,175.2,83.24,77.17,98.04,3407,Light Rain,No,Severe,85,"IPL Match at Chinnaswamy Stadium (RCB vs CSK, 33,747 spectators). Heavy crowd movement on Richmond Road during peak match hours (20:00). Road DNA: 85. Reroute via Richmond Road flyover."
2025-05-17,16,5,Chinnaswamy Stadium Zone,Kasturba Road,IPL Match: RCB vs LSG,34506,75549,17.65,2.1,74.39,1,171.7,61.61,89.88,90.8,2261,Clear,No,Medium,58,"IPL Match at Chinnaswamy Stadium (RCB vs LSG, 34,506 spectators). Heavy crowd movement on Kasturba Road during peak match hours (16:00). Road DNA: 58. Reroute via Richmond Road flyover."
2025-03-02,19,3,Chinnaswamy Stadium Zone,Richmond Road,IPL Match: RCB vs MI,30980,127476,10.23,3.42,110.6,4,139.57,72.05,81.69,98.92,2123,Heavy Rain,Yes,Severe,83,"IPL Match at Chinnaswamy Stadium (RCB vs MI, 30,980 spectators). Heavy crowd movement on Richmond Road during peak match hours (19:00). Road DNA: 83. Reroute via Richmond Road flyover."
2025-05-08,16,5,Chinnaswamy Stadium Zone,Kasturba Road,IPL Match: RCB vs MI,34251,116171,10.58,3.38,113.23,3,121.02,64.41,80.01,96.95,3221,Heavy Rain,No,Severe,80,"IPL Match at Chinnaswamy Stadium (RCB vs MI, 34,251 spectators). Heavy crowd movement on Kasturba Road during peak match hours (16:00). Road DNA: 80. Reroute via Richmond Road flyover."
2025-04-10,20,4,Chinnaswamy Stadium Zone,Residency Road,IPL Match: RCB vs DC,30104,95121,6.91,3.39,97.09,0,176.53,63.78,85.56,85.73,3286,Heavy Rain,Yes,Severe,79,"IPL Match at Chinnaswamy Stadium (RCB vs DC, 30,104 spectators). Heavy crowd movement on Residency Road during peak match hours (20:00). Road DNA: 79. Reroute via Richmond Road flyover."
2025-04-01,19,4,Chinnaswamy Stadium Zone,Cubbon Road,IPL Match: RCB vs KKR,34867,128587,13.64,4.24,92.41,2,151.21,73.38,89.42,87.07,2807,Thunderstorm,Yes,High,86,"IPL Match at Chinnaswamy Stadium (RCB vs KKR, 34,867 spectators). Heavy crowd movement on Cubbon Road during peak match hours (19:00). Road DNA: 86. Reroute via Richmond Road flyover."
2025-05-11,22,5,Chinnaswamy Stadium Zone,MG Road,IPL Match: RCB vs LSG,29128,112927,10.12,3.26,96.73,2,172.81,73.49,84.18,85.54,917,Clear,Yes,High,82,"IPL Match at Chinnaswamy Stadium (RCB vs LSG, 29,128 spectators). Heavy crowd movement on MG Road during peak match hours (22:00). Road DNA: 82. Reroute via Richmond Road flyover."
2025-03-02,23,3,Chinnaswamy Stadium Zone,Richmond Road,IPL Match: RCB vs GT,31238,91126,9.42,3.87,101.36,0,140.08,87.88,72.53,85.66,2298,Heavy Rain,Yes,Severe,85,"IPL Match at Chinnaswamy Stadium (RCB vs GT, 31,238 spectators). Heavy crowd movement on Richmond Road during peak match hours (23:00). Road DNA: 85. Reroute via Richmond Road flyover."
2025-04-02,17,4,Chinnaswamy Stadium Zone,Richmond Road,IPL Match: RCB vs LSG,30738,115565,9.54,4.17,106.71,4,142.33,85.55,85.01,95.75,2894,Light Rain,No,Severe,88,"IPL Match at Chinnaswamy Stadium (RCB vs LSG, 30,738 spectators). Heavy crowd movement on Richmond Road during peak match hours (17:00). Road DNA: 88. Reroute via Richmond Road flyover."
2025-04-13,21,4,Chinnaswamy Stadium Zone,Residency Road,IPL Match: RCB vs RR,29588,70282,15.46,2.27,79.05,1,126.26,63.44,75.56,88.46,2510,Clear,No,Medium,66,"IPL Match at Chinnaswamy Stadium (RCB vs RR, 29,588 spectators). Heavy crowd movement on Residency Road during peak match hours (21:00). Road DNA: 66. Reroute via Richmond Road flyover."
2025-05-05,22,5,Chinnaswamy Stadium Zone,Infant Jesus Church Junction,IPL Match: RCB vs CSK,31317,85228,11.86,3.94,114.33,2,136.0,61.58,76.06,96.91,1379,Clear,No,High,92,"IPL Match at Chinnaswamy Stadium (RCB vs CSK, 31,317 spectators). Heavy crowd movement on Infant Jesus Church Junction during peak match hours (22:00). Road DNA: 92. Reroute via Richmond Road flyover."
2025-05-06,20,5,Chinnaswamy Stadium Zone,Infant Jesus Church Junction,IPL Match: RCB vs SRH,30294,80179,20.91,1.76,76.34,2,128.36,77.31,77.97,85.74,1053,Thunderstorm,Yes,Medium,58,"IPL Match at Chinnaswamy Stadium (RCB vs SRH, 30,294 spectators). Heavy crowd movement on Infant Jesus Church Junction during peak match hours (20:00). Road DNA: 58. Reroute via Richmond Road flyover."
2025-03-12,17,3,Chinnaswamy Stadium Zone,MG Road,IPL Match: RCB vs CSK,29033,112287,8.34,3.5,94.84,1,167.15,60.61,73.57,94.37,1256,Thunderstorm,Yes,High,82,"IPL Match at Chinnaswamy Stadium (RCB vs CSK, 29,033 spectators). Heavy crowd movement on MG Road during peak match hours (17:00). Road DNA: 82. Reroute via Richmond Road flyover."
2025-03-08,21,3,Chinnaswamy Stadium Zone,Kasturba Road,IPL Match: RCB vs SRH,30964,66798,22.97,2.19,85.23,2,163.68,89.86,81.57,91.04,1064,Thunderstorm,No,Medium,57,"IPL Match at Chinnaswamy Stadium (RCB vs SRH, 30,964 spectators). Heavy crowd movement on Kasturba Road during peak match hours (21:00). Road DNA: 57. Reroute via Richmond Road flyover."
2025-03-13,21,3,Chinnaswamy Stadium Zone,Infant Jesus Church Junction,IPL Match: RCB vs MI,31936,106925,13.36,3.62,102.98,0,144.76,68.89,72.97,92.34,1153,Light Rain,Yes,Severe,83,"IPL Match at Chinnaswamy Stadium (RCB vs MI, 31,936 spectators). Heavy crowd movement on Infant Jesus Church Junction during peak match hours (21:00). Road DNA: 83. Reroute via Richmond Road flyover."
2025-04-20,23,4,Chinnaswamy Stadium Zone,Richmond Road,IPL Match: RCB vs DC,31495,95709,9.89,4.45,98.78,0,143.66,89.83,80.64,90.06,1616,Heavy Rain,Yes,Severe,83,"IPL Match at Chinnaswamy Stadium (RCB vs DC, 31,495 spectators). Heavy crowd movement on Richmond Road during peak match hours (23:00). Road DNA: 83. Reroute via Richmond Road flyover."
2025-04-17,21,4,Chinnaswamy Stadium Zone,Residency Road,IPL Match: RCB vs MI,33028,79624,15.18,2.35,81.88,4,159.02,71.47,71.25,93.66,1371,Thunderstorm,Yes,Medium,73,"IPL Match at Chinnaswamy Stadium (RCB vs MI, 33,028 spectators). Heavy crowd movement on Residency Road during peak match hours (21:00). Road DNA: 73. Reroute via Richmond Road flyover."
2025-03-16,23,3,Chinnaswamy Stadium Zone,Richmond Road,IPL Match: RCB vs SRH,28162,108996,6.97,4.22,107.2,0,173.47,66.07,85.91,94.14,1057,Light Rain,Yes,Severe,91,"IPL Match at Chinnaswamy Stadium (RCB vs SRH, 28,162 spectators). Heavy crowd movement on Richmond Road during peak match hours (23:00). Road DNA: 91. Reroute via Richmond Road flyover."
2025-04-14,20,4,Chinnaswamy Stadium Zone,MG Road,IPL Match: RCB vs DC,29631,77370,21.81,2.36,90.2,2,179.29,73.19,81.74,93.1,2409,Clear,No,Medium,58,"IPL Match at Chinnaswamy Stadium (RCB vs DC, 29,631 spectators). Heavy crowd movement on MG Road during peak match hours (20:00). Road DNA: 58. Reroute via Richmond Road flyover."
2025-04-26,20,4,Chinnaswamy Stadium Zone,Infant Jesus Church Junction,IPL Match: RCB vs RR,31451,66170,22.52,2.21,72.89,2,133.97,88.07,72.75,99.46,1914,Thunderstorm,No,Medium,64,"IPL Match at Chinnaswamy Stadium (RCB vs RR, 31,451 spectators). Heavy crowd movement on Infant Jesus Church Junction during peak match hours (20:00). Road DNA: 64. Reroute via Richmond Road flyover."
2025-03-02,20,3,Chinnaswamy Stadium Zone,Cubbon Road,IPL Match: RCB vs RR,33680,65127,15.89,1.66,72.84,0,133.39,78.86,72.46,98.4,1782,Clear,Yes,Medium,63,"IPL Match at Chinnaswamy Stadium (RCB vs RR, 33,680 spectators). Heavy crowd movement on Cubbon Road during peak match hours (20:00). Road DNA: 63. Reroute via Richmond Road flyover."
2025-03-05,23,3,Chinnaswamy Stadium Zone,Residency Road,IPL Match: RCB vs RR,33968,85612,8.26,4.15,94.05,0,148.79,70.0,78.07,99.36,1687,Clear,No,High,90,"IPL Match at Chinnaswamy Stadium (RCB vs RR, 33,968 spectators). Heavy crowd movement on Residency Road during peak match hours (23:00). Road DNA: 90. Reroute via Richmond Road flyover."
2025-04-26,22,4,Chinnaswamy Stadium Zone,Residency Road,IPL Match: RCB vs CSK,31601,116873,11.85,4.24,93.27,1,174.13,82.03,70.97,99.02,845,Thunderstorm,No,High,79,"IPL Match at Chinnaswamy Stadium (RCB vs CSK, 31,601 spectators). Heavy crowd movement on Residency Road during peak match hours (22:00). Road DNA: 79. Reroute via Richmond Road flyover."
2025-03-04,16,3,Chinnaswamy Stadium Zone,Richmond Road,IPL Match: RCB vs GT,33723,55095,21.93,2.34,86.67,0,151.85,80.69,72.2,98.54,2940,Thunderstorm,No,Medium,57,"IPL Match at Chinnaswamy Stadium (RCB vs GT, 33,723 spectators). Heavy crowd movement on Richmond Road during peak match hours (16:00). Road DNA: 57. Reroute via Richmond Road flyover."
2025-04-27,18,4,Chinnaswamy Stadium Zone,Residency Road,IPL Match: RCB vs CSK,30250,88279,6.6,3.07,103.83,0,121.19,82.57,70.22,97.7,3083,Thunderstorm,No,High,92,"IPL Match at Chinnaswamy Stadium (RCB vs CSK, 30,250 spectators). Heavy crowd movement on Residency Road during peak match hours (18:00). Road DNA: 92. Reroute via Richmond Road flyover."
2025-05-24,21,5,Chinnaswamy Stadium Zone,MG Road,IPL Match: RCB vs LSG,29722,78472,23.21,1.98,89.9,4,131.24,76.16,83.4,87.63,2282,Thunderstorm,Yes,Medium,63,"IPL Match at Chinnaswamy Stadium (RCB vs LSG, 29,722 spectators). Heavy crowd movement on MG Road during peak match hours (21:00). Road DNA: 63. Reroute via Richmond Road flyover."
2025-04-21,19,4,Chinnaswamy Stadium Zone,MG Road,IPL Match: RCB vs CSK,34670,99075,12.57,3.08,104.95,2,177.58,63.13,75.7,90.89,3131,Thunderstorm,Yes,High,92,"IPL Match at Chinnaswamy Stadium (RCB vs CSK, 34,670 spectators). Heavy crowd movement on MG Road during peak match hours (19:00). Road DNA: 92. Reroute via Richmond Road flyover."
2025-05-17,20,5,Chinnaswamy Stadium Zone,Infant Jesus Church Junction,IPL Match: RCB vs GT,30785,99216,12.12,2.96,113.73,2,148.84,82.33,72.76,89.9,885,Light Rain,No,Severe,92,"IPL Match at Chinnaswamy Stadium (RCB vs GT, 30,785 spectators). Heavy crowd movement on Infant Jesus Church Junction during peak match hours (20:00). Road DNA: 92. Reroute via Richmond Road flyover."
2025-05-08,16,5,Chinnaswamy Stadium Zone,Richmond Road,IPL Match: RCB vs KKR,32049,72404,22.84,2.27,83.49,1,149.0,87.42,76.24,87.4,2759,Thunderstorm,Yes,Medium,65,"IPL Match at Chinnaswamy Stadium (RCB vs KKR, 32,049 spectators). Heavy crowd movement on Richmond Road during peak match hours (16:00). Road DNA: 65. Reroute via Richmond Road flyover."
2025-03-07,22,3,Chinnaswamy Stadium Zone,Cubbon Road,IPL Match: RCB vs LSG,34841,110275,7.45,2.72,99.53,1,171.61,76.61,76.04,90.15,1675,Heavy Rain,No,Severe,91,"IPL Match at Chinnaswamy Stadium (RCB vs LSG, 34,841 spectators). Heavy crowd movement on Cubbon Road during peak match hours (22:00). Road DNA: 91. Reroute via Richmond Road flyover."
2025-04-08,23,4,Chinnaswamy Stadium Zone,Richmond Road,IPL Match: RCB vs RR,33708,123543,10.0,2.59,102.72,4,166.87,66.8,71.77,94.97,2519,Thunderstorm,Yes,High,87,"IPL Match at Chinnaswamy Stadium (RCB vs RR, 33,708 spectators). Heavy crowd movement on Richmond Road during peak match hours (23:00). Road DNA: 87. Reroute via Richmond Road flyover."
2025-05-04,17,5,Chinnaswamy Stadium Zone,Infant Jesus Church Junction,IPL Match: RCB vs MI,28331,86340,13.38,4.45,108.4,0,162.99,71.18,81.84,98.74,2603,Heavy Rain,No,Severe,95,"IPL Match at Chinnaswamy Stadium (RCB vs MI, 28,331 spectators). Heavy crowd movement on Infant Jesus Church Junction during peak match hours (17:00). Road DNA: 95. Reroute via Richmond Road flyover."
2025-03-26,16,3,Chinnaswamy Stadium Zone,Residency Road,IPL Match: RCB vs RR,32237,82519,20.17,1.72,88.6,3,131.76,74.34,75.77,92.53,999,Thunderstorm,No,Medium,64,"IPL Match at Chinnaswamy Stadium (RCB vs RR, 32,237 spectators). Heavy crowd movement on Residency Road during peak match hours (16:00). Road DNA: 64. Reroute via Richmond Road flyover."
2025-04-17,19,4,Chinnaswamy Stadium Zone,Kasturba Road,IPL Match: RCB vs DC,32839,106360,6.93,3.91,102.69,1,166.58,81.82,72.2,90.87,3370,Heavy Rain,No,Severe,83,"IPL Match at Chinnaswamy Stadium (RCB vs DC, 32,839 spectators). Heavy crowd movement on Kasturba Road during peak match hours (19:00). Road DNA: 83. Reroute via Richmond Road flyover."
2025-03-27,19,3,Chinnaswamy Stadium Zone,Richmond Road,IPL Match: RCB vs GT,28781,103588,12.67,3.67,97.35,2,160.11,89.5,86.96,99.25,3352,Thunderstorm,No,High,89,"IPL Match at Chinnaswamy Stadium (RCB vs GT, 28,781 spectators). Heavy crowd movement on Richmond Road during peak match hours (19:00). Road DNA: 89. Reroute via Richmond Road flyover."
2025-03-27,20,3,Chinnaswamy Stadium Zone,Cubbon Road,IPL Match: RCB vs RR,34079,83062,16.33,1.86,70.61,2,155.57,68.84,72.48,86.79,808,Thunderstorm,No,Medium,68,"IPL Match at Chinnaswamy Stadium (RCB vs RR, 34,079 spectators). Heavy crowd movement on Cubbon Road during peak match hours (20:00). Road DNA: 68. Reroute via Richmond Road flyover."
2025-03-12,21,3,Chinnaswamy Stadium Zone,Cubbon Road,IPL Match: RCB vs DC,31271,56313,20.52,2.37,78.36,3,141.69,72.35,84.16,86.3,1530,Thunderstorm,No,Medium,55,"IPL Match at Chinnaswamy Stadium (RCB vs DC, 31,271 spectators). Heavy crowd movement on Cubbon Road during peak match hours (21:00). Road DNA: 55. Reroute via Richmond Road flyover."
2025-04-05,18,4,Chinnaswamy Stadium Zone,Cubbon Road,IPL Match: RCB vs SRH,28639,100327,8.26,4.03,109.97,3,155.11,85.06,80.28,98.25,3006,Clear,No,High,86,"IPL Match at Chinnaswamy Stadium (RCB vs SRH, 28,639 spectators). Heavy crowd movement on Cubbon Road during peak match hours (18:00). Road DNA: 86. Reroute via Richmond Road flyover."
2025-03-12,22,3,Chinnaswamy Stadium Zone,Residency Road,IPL Match: RCB vs GT,32394,127973,11.69,4.29,97.24,4,127.66,64.48,87.91,95.34,1301,Heavy Rain,Yes,Severe,79,"IPL Match at Chinnaswamy Stadium (RCB vs GT, 32,394 spectators). Heavy crowd movement on Residency Road during peak match hours (22:00). Road DNA: 79. Reroute via Richmond Road flyover."
2025-03-27,22,3,Chinnaswamy Stadium Zone,Infant Jesus Church Junction,IPL Match: RCB vs CSK,28779,120226,12.55,2.92,101.59,2,187.57,61.31,78.73,96.19,1527,Heavy Rain,No,Severe,92,"IPL Match at Chinnaswamy Stadium (RCB vs CSK, 28,779 spectators). Heavy crowd movement on Infant Jesus Church Junction during peak match hours (22:00). Road DNA: 92. Reroute via Richmond Road flyover."
2025-05-24,18,5,Chinnaswamy Stadium Zone,Richmond Road,IPL Match: RCB vs SRH,34509,115911,12.94,3.67,96.45,3,145.88,79.98,77.03,87.27,1992,Heavy Rain,Yes,Severe,79,"IPL Match at Chinnaswamy Stadium (RCB vs SRH, 34,509 spectators). Heavy crowd movement on Richmond Road during peak match hours (18:00). Road DNA: 79. Reroute via Richmond Road flyover."
2025-04-04,20,4,Chinnaswamy Stadium Zone,Richmond Road,IPL Match: RCB vs CSK,33966,74262,17.57,2.1,73.2,0,141.77,72.07,75.98,86.96,1482,Thunderstorm,No,Medium,73,"IPL Match at Chinnaswamy Stadium (RCB vs CSK, 33,966 spectators). Heavy crowd movement on Richmond Road during peak match hours (20:00). Road DNA: 73. Reroute via Richmond Road flyover."
2025-04-15,19,4,Chinnaswamy Stadium Zone,Residency Road,IPL Match: RCB vs KKR,28404,122136,10.91,2.72,103.78,0,186.71,88.15,80.43,99.83,2369,Clear,Yes,High,93,"IPL Match at Chinnaswamy Stadium (RCB vs KKR, 28,404 spectators). Heavy crowd movement on Residency Road during peak match hours (19:00). Road DNA: 93. Reroute via Richmond Road flyover."
2025-03-04,20,3,Chinnaswamy Stadium Zone,Infant Jesus Church Junction,IPL Match: RCB vs LSG,30000,74145,15.21,1.91,84.42,0,158.82,85.71,82.28,97.69,1668,Thunderstorm,Yes,Medium,72,"IPL Match at Chinnaswamy Stadium (RCB vs LSG, 30,000 spectators). Heavy crowd movement on Infant Jesus Church Junction during peak match hours (20:00). Road DNA: 72. Reroute via Richmond Road flyover."
2025-03-18,21,3,Chinnaswamy Stadium Zone,Cubbon Road,IPL Match: RCB vs GT,34289,103560,6.66,3.94,98.86,0,166.33,62.69,70.19,95.7,2052,Light Rain,No,Severe,81,"IPL Match at Chinnaswamy Stadium (RCB vs GT, 34,289 spectators). Heavy crowd movement on Cubbon Road during peak match hours (21:00). Road DNA: 81. Reroute via Richmond Road flyover."
2025-03-23,20,3,Chinnaswamy Stadium Zone,MG Road,IPL Match: RCB vs RR,31477,63127,23.73,2.3,84.59,4,125.73,66.14,77.47,96.66,3109,Clear,Yes,Medium,67,"IPL Match at Chinnaswamy Stadium (RCB vs RR, 31,477 spectators). Heavy crowd movement on MG Road during peak match hours (20:00). Road DNA: 67. Reroute via Richmond Road flyover."
2025-04-03,18,4,Chinnaswamy Stadium Zone,Richmond Road,IPL Match: RCB vs CSK,33926,109534,9.94,3.04,112.2,0,176.06,88.17,83.59,87.13,1856,Light Rain,Yes,Severe,81,"IPL Match at Chinnaswamy Stadium (RCB vs CSK, 33,926 spectators). Heavy crowd movement on Richmond Road during peak match hours (18:00). Road DNA: 81. Reroute via Richmond Road flyover."
2025-04-20,20,4,Chinnaswamy Stadium Zone,Residency Road,IPL Match: RCB vs SRH,28670,85264,8.42,4.18,104.28,3,154.09,62.68,88.03,89.68,1639,Heavy Rain,Yes,Severe,87,"IPL Match at Chinnaswamy Stadium (RCB vs SRH, 28,670 spectators). Heavy crowd movement on Residency Road during peak match hours (20:00). Road DNA: 87. Reroute via Richmond Road flyover."
2025-04-08,16,4,Chinnaswamy Stadium Zone,Cubbon Road,IPL Match: RCB vs SRH,33420,110612,11.94,3.58,113.71,1,129.5,87.59,79.77,89.95,3254,Heavy Rain,No,Severe,90,"IPL Match at Chinnaswamy Stadium (RCB vs SRH, 33,420 spectators). Heavy crowd movement on Cubbon Road during peak match hours (16:00). Road DNA: 90. Reroute via Richmond Road flyover."
2025-03-19,23,3,Chinnaswamy Stadium Zone,Residency Road,IPL Match: RCB vs CSK,32604,129115,11.11,2.79,105.1,0,154.13,75.0,87.01,93.82,1331,Clear,No,High,91,"IPL Match at Chinnaswamy Stadium (RCB vs CSK, 32,604 spectators). Heavy crowd movement on Residency Road during peak match hours (23:00). Road DNA: 91. Reroute via Richmond Road flyover."
2025-04-08,22,4,Chinnaswamy Stadium Zone,Cubbon Road,IPL Match: RCB vs RR,30955,96381,8.9,4.33,100.91,1,155.67,83.01,85.01,88.83,1576,Heavy Rain,No,Severe,89,"IPL Match at Chinnaswamy Stadium (RCB vs RR, 30,955 spectators). Heavy crowd movement on Cubbon Road during peak match hours (22:00). Road DNA: 89. Reroute via Richmond Road flyover."
2025-04-25,22,4,Chinnaswamy Stadium Zone,Kasturba Road,IPL Match: RCB vs RR,31231,105699,10.01,3.32,114.61,0,165.86,67.76,72.96,99.93,2753,Thunderstorm,No,High,82,"IPL Match at Chinnaswamy Stadium (RCB vs RR, 31,231 spectators). Heavy crowd movement on Kasturba Road during peak match hours (22:00). Road DNA: 82. Reroute via Richmond Road flyover."
2025-04-10,20,4,Chinnaswamy Stadium Zone,Infant Jesus Church Junction,IPL Match: RCB vs MI,28896,87067,9.14,4.35,101.44,0,189.93,72.4,86.33,99.05,3422,Heavy Rain,No,Severe,95,"IPL Match at Chinnaswamy Stadium (RCB vs MI, 28,896 spectators). Heavy crowd movement on Infant Jesus Church Junction during peak match hours (20:00). Road DNA: 95. Reroute via Richmond Road flyover."
2025-05-26,20,5,Chinnaswamy Stadium Zone,Kasturba Road,IPL Match: RCB vs DC,30097,64061,21.68,1.79,88.61,3,131.69,82.58,70.74,85.62,1387,Thunderstorm,No,Medium,58,"IPL Match at Chinnaswamy Stadium (RCB vs DC, 30,097 spectators). Heavy crowd movement on Kasturba Road during peak match hours (20:00). Road DNA: 58. Reroute via Richmond Road flyover."
2025-04-03,20,4,Chinnaswamy Stadium Zone,Cubbon Road,IPL Match: RCB vs KKR,28402,82554,20.43,2.37,77.62,4,140.9,75.46,82.73,91.12,1279,Thunderstorm,Yes,Medium,75,"IPL Match at Chinnaswamy Stadium (RCB vs KKR, 28,402 spectators). Heavy crowd movement on Cubbon Road during peak match hours (20:00). Road DNA: 75. Reroute via Richmond Road flyover."
2025-05-06,23,5,Chinnaswamy Stadium Zone,Cubbon Road,IPL Match: RCB vs GT,30656,89056,13.36,3.81,101.04,0,181.28,77.64,86.42,88.7,1595,Heavy Rain,No,Severe,78,"IPL Match at Chinnaswamy Stadium (RCB vs GT, 30,656 spectators). Heavy crowd movement on Cubbon Road during peak match hours (23:00). Road DNA: 78. Reroute via Richmond Road flyover."
2025-04-11,18,4,Chinnaswamy Stadium Zone,Kasturba Road,IPL Match: RCB vs DC,33821,124169,8.75,3.52,108.92,0,158.85,81.27,88.66,91.76,2475,Clear,Yes,High,87,"IPL Match at Chinnaswamy Stadium (RCB vs DC, 33,821 spectators). Heavy crowd movement on Kasturba Road during peak match hours (18:00). Road DNA: 87. Reroute via Richmond Road flyover."
2025-03-09,17,3,Chinnaswamy Stadium Zone,Infant Jesus Church Junction,IPL Match: RCB vs MI,32033,119615,6.95,3.5,108.58,1,125.61,73.14,73.87,89.39,3093,Heavy Rain,Yes,Severe,79,"IPL Match at Chinnaswamy Stadium (RCB vs MI, 32,033 spectators). Heavy crowd movement on Infant Jesus Church Junction during peak match hours (17:00). Road DNA: 79. Reroute via Richmond Road flyover."
2025-03-22,20,3,Chinnaswamy Stadium Zone,Infant Jesus Church Junction,IPL Match: RCB vs GT,32046,108122,12.61,4.17,114.25,4,158.8,68.37,70.54,90.29,2445,Heavy Rain,Yes,Severe,94,"IPL Match at Chinnaswamy Stadium (RCB vs GT, 32,046 spectators). Heavy crowd movement on Infant Jesus Church Junction during peak match hours (20:00). Road DNA: 94. Reroute via Richmond Road flyover."
2025-03-08,22,3,Chinnaswamy Stadium Zone,Kasturba Road,IPL Match: RCB vs GT,30399,113623,12.33,3.86,109.72,4,173.99,67.61,86.53,98.25,2053,Heavy Rain,No,Severe,93,"IPL Match at Chinnaswamy Stadium (RCB vs GT, 30,399 spectators). Heavy crowd movement on Kasturba Road during peak match hours (22:00). Road DNA: 93. Reroute via Richmond Road flyover."
2025-05-15,22,5,Chinnaswamy Stadium Zone,MG Road,IPL Match: RCB vs SRH,30609,127505,7.41,2.92,103.57,4,181.78,85.16,72.14,93.76,2747,Clear,Yes,High,84,"IPL Match at Chinnaswamy Stadium (RCB vs SRH, 30,609 spectators). Heavy crowd movement on MG Road during peak match hours (22:00). Road DNA: 84. Reroute via Richmond Road flyover."
2025-05-21,16,5,Chinnaswamy Stadium Zone,Infant Jesus Church Junction,IPL Match: RCB vs SRH,32363,91134,12.68,4.34,99.09,3,186.35,82.52,84.15,95.13,2037,Heavy Rain,Yes,Severe,87,"IPL Match at Chinnaswamy Stadium (RCB vs SRH, 32,363 spectators). Heavy crowd movement on Infant Jesus Church Junction during peak match hours (16:00). Road DNA: 87. Reroute via Richmond Road flyover."
2025-04-11,23,4,Chinnaswamy Stadium Zone,Richmond Road,IPL Match: RCB vs DC,32628,96303,8.93,4.32,108.38,3,131.36,72.3,84.71,97.48,2047,Heavy Rain,No,Severe,87,"IPL Match at Chinnaswamy Stadium (RCB vs DC, 32,628 spectators). Heavy crowd movement on Richmond Road during peak match hours (23:00). Road DNA: 87. Reroute via Richmond Road flyover."
2025-05-19,19,5,Chinnaswamy Stadium Zone,Kasturba Road,IPL Match: RCB vs CSK,34383,129329,13.51,3.6,111.27,2,163.45,88.26,83.24,95.9,3123,Heavy Rain,Yes,Severe,92,"IPL Match at Chinnaswamy Stadium (RCB vs CSK, 34,383 spectators). Heavy crowd movement on Kasturba Road during peak match hours (19:00). Road DNA: 92. Reroute via Richmond Road flyover."
2025-05-20,21,5,Chinnaswamy Stadium Zone,Cubbon Road,IPL Match: RCB vs GT,31163,77176,24.69,1.93,80.61,3,161.34,79.44,80.48,96.11,1184,Thunderstorm,Yes,Medium,66,"IPL Match at Chinnaswamy Stadium (RCB vs GT, 31,163 spectators). Heavy crowd movement on Cubbon Road during peak match hours (21:00). Road DNA: 66. Reroute via Richmond Road flyover."
2025-05-27,16,5,Chinnaswamy Stadium Zone,Infant Jesus Church Junction,IPL Match: RCB vs LSG,29819,121355,8.99,2.9,97.51,0,131.4,64.22,84.98,99.79,1261,Heavy Rain,Yes,Severe,88,"IPL Match at Chinnaswamy Stadium (RCB vs LSG, 29,819 spectators). Heavy crowd movement on Infant Jesus Church Junction during peak match hours (16:00). Road DNA: 88. Reroute via Richmond Road flyover."
2025-05-05,20,5,Chinnaswamy Stadium Zone,Richmond Road,IPL Match: RCB vs CSK,30894,118341,8.02,3.29,113.53,4,150.26,70.46,79.95,97.29,1528,Light Rain,Yes,Severe,88,"IPL Match at Chinnaswamy Stadium (RCB vs CSK, 30,894 spectators). Heavy crowd movement on Richmond Road during peak match hours (20:00). Road DNA: 88. Reroute via Richmond Road flyover."
2025-04-03,23,4,Chinnaswamy Stadium Zone,Residency Road,IPL Match: RCB vs GT,30865,96571,11.86,3.64,103.14,3,151.96,69.41,83.43,98.36,2417,Heavy Rain,Yes,Severe,78,"IPL Match at Chinnaswamy Stadium (RCB vs GT, 30,865 spectators). Heavy crowd movement on Residency Road during peak match hours (23:00). Road DNA: 78. Reroute via Richmond Road flyover."
2025-03-09,21,3,Chinnaswamy Stadium Zone,Richmond Road,IPL Match: RCB vs CSK,32927,113874,13.35,2.51,108.49,0,178.67,62.72,88.56,95.36,996,Heavy Rain,Yes,Severe,92,"IPL Match at Chinnaswamy Stadium (RCB vs CSK, 32,927 spectators). Heavy crowd movement on Richmond Road during peak match hours (21:00). Road DNA: 92. Reroute via Richmond Road flyover."
2025-03-14,23,3,Chinnaswamy Stadium Zone,Richmond Road,IPL Match: RCB vs LSG,33087,127582,10.1,2.7,98.0,2,154.69,85.0,73.71,95.24,2730,Light Rain,No,Severe,95,"IPL Match at Chinnaswamy Stadium (RCB vs LSG, 33,087 spectators). Heavy crowd movement on Richmond Road during peak match hours (23:00). Road DNA: 95. Reroute via Richmond Road flyover."
2025-03-26,19,3,Chinnaswamy Stadium Zone,Infant Jesus Church Junction,IPL Match: RCB vs SRH,28154,98404,10.03,3.19,106.24,4,155.98,67.89,88.64,95.95,1199,Light Rain,Yes,Severe,81,"IPL Match at Chinnaswamy Stadium (RCB vs SRH, 28,154 spectators). Heavy crowd movement on Infant Jesus Church Junction during peak match hours (19:00). Road DNA: 81. Reroute via Richmond Road flyover."
2025-05-22,23,5,Chinnaswamy Stadium Zone,Cubbon Road,IPL Match: RCB vs MI,29583,90396,8.34,2.52,100.45,1,143.49,87.29,70.35,89.36,1737,Clear,No,High,80,"IPL Match at Chinnaswamy Stadium (RCB vs MI, 29,583 spectators). Heavy crowd movement on Cubbon Road during peak match hours (23:00). Road DNA: 80. Reroute via Richmond Road flyover."
2025-03-06,18,3,Chinnaswamy Stadium Zone,MG Road,IPL Match: RCB vs LSG,31363,90988,13.49,2.98,111.08,2,142.07,61.17,79.2,99.54,960,Clear,No,High,88,"IPL Match at Chinnaswamy Stadium (RCB vs LSG, 31,363 spectators). Heavy crowd movement on MG Road during peak match hours (18:00). Road DNA: 88. Reroute via Richmond Road flyover."
2025-05-07,20,5,Chinnaswamy Stadium Zone,Cubbon Road,IPL Match: RCB vs CSK,32770,73010,20.9,2.2,79.74,0,189.32,82.97,81.24,98.47,2928,Clear,Yes,Medium,64,"IPL Match at Chinnaswamy Stadium (RCB vs CSK, 32,770 spectators). Heavy crowd movement on Cubbon Road during peak match hours (20:00). Road DNA: 64. Reroute via Richmond Road flyover."
2025-03-19,23,3,Chinnaswamy Stadium Zone,Residency Road,IPL Match: RCB vs MI,30531,87483,12.66,4.08,99.36,1,157.77,77.93,87.37,94.27,2608,Light Rain,No,Severe,79,"IPL Match at Chinnaswamy Stadium (RCB vs MI, 30,531 spectators). Heavy crowd movement on Residency Road during peak match hours (23:00). Road DNA: 79. Reroute via Richmond Road flyover."
2025-03-25,21,3,Chinnaswamy Stadium Zone,Kasturba Road,IPL Match: RCB vs LSG,28149,78459,17.08,1.71,76.04,4,168.37,66.69,76.83,88.78,3462,Clear,No,Medium,75,"IPL Match at Chinnaswamy Stadium (RCB vs LSG, 28,149 spectators). Heavy crowd movement on Kasturba Road during peak match hours (21:00). Road DNA: 75. Reroute via Richmond Road flyover."
2025-05-26,16,5,Chinnaswamy Stadium Zone,Infant Jesus Church Junction,IPL Match: RCB vs CSK,34925,64641,17.48,2.33,85.68,0,184.44,64.02,88.64,94.28,1482,Clear,Yes,Medium,73,"IPL Match at Chinnaswamy Stadium (RCB vs CSK, 34,925 spectators). Heavy crowd movement on Infant Jesus Church Junction during peak match hours (16:00). Road DNA: 73. Reroute via Richmond Road flyover."
2025-03-05,16,3,Chinnaswamy Stadium Zone,Cubbon Road,IPL Match: RCB vs RR,34855,64741,22.77,1.92,71.28,0,137.35,64.78,85.85,91.76,3164,Clear,No,Medium,60,"IPL Match at Chinnaswamy Stadium (RCB vs RR, 34,855 spectators). Heavy crowd movement on Cubbon Road during peak match hours (16:00). Road DNA: 60. Reroute via Richmond Road flyover."
2025-05-19,16,5,Chinnaswamy Stadium Zone,Kasturba Road,IPL Match: RCB vs CSK,32425,105134,10.46,2.71,106.18,4,160.52,80.78,73.32,86.51,1815,Heavy Rain,Yes,Severe,87,"IPL Match at Chinnaswamy Stadium (RCB vs CSK, 32,425 spectators). Heavy crowd movement on Kasturba Road during peak match hours (16:00). Road DNA: 87. Reroute via Richmond Road flyover."
2025-05-25,23,5,Chinnaswamy Stadium Zone,Richmond Road,IPL Match: RCB vs CSK,28070,106098,13.87,4.17,114.1,4,141.63,71.51,89.15,92.41,3336,Heavy Rain,No,Severe,85,"IPL Match at Chinnaswamy Stadium (RCB vs CSK, 28,070 spectators). Heavy crowd movement on Richmond Road during peak match hours (23:00). Road DNA: 85. Reroute via Richmond Road flyover."
2025-05-26,19,5,Chinnaswamy Stadium Zone,Infant Jesus Church Junction,IPL Match: RCB vs GT,28472,115005,7.22,3.36,107.75,1,168.94,87.4,71.81,91.95,2330,Light Rain,Yes,Severe,90,"IPL Match at Chinnaswamy Stadium (RCB vs GT, 28,472 spectators). Heavy crowd movement on Infant Jesus Church Junction during peak match hours (19:00). Road DNA: 90. Reroute via Richmond Road flyover."
2025-04-20,16,4,Chinnaswamy Stadium Zone,Residency Road,IPL Match: RCB vs LSG,31596,120180,7.84,2.83,110.17,3,179.04,69.15,79.48,97.97,1884,Light Rain,Yes,Severe,84,"IPL Match at Chinnaswamy Stadium (RCB vs LSG, 31,596 spectators). Heavy crowd movement on Residency Road during peak match hours (16:00). Road DNA: 84. Reroute via Richmond Road flyover."
2025-05-28,17,5,Chinnaswamy Stadium Zone,Richmond Road,IPL Match: RCB vs KKR,33848,114202,7.09,3.33,113.82,4,158.52,70.72,78.38,94.81,2376,Clear,No,High,85,"IPL Match at Chinnaswamy Stadium (RCB vs KKR, 33,848 spectators). Heavy crowd movement on Richmond Road during peak match hours (17:00). Road DNA: 85. Reroute via Richmond Road flyover."
2025-05-11,23,5,Chinnaswamy Stadium Zone,Kasturba Road,IPL Match: RCB vs CSK,33364,98634,10.91,2.81,112.0,3,142.63,86.98,78.59,98.88,1068,Clear,No,High,84,"IPL Match at Chinnaswamy Stadium (RCB vs CSK, 33,364 spectators). Heavy crowd movement on Kasturba Road during peak match hours (23:00). Road DNA: 84. Reroute via Richmond Road flyover."
2025-03-01,22,3,Chinnaswamy Stadium Zone,Kasturba Road,IPL Match: RCB vs GT,29703,99314,11.46,3.95,110.25,1,142.14,72.63,79.18,86.94,3221,Clear,Yes,High,83,"IPL Match at Chinnaswamy Stadium (RCB vs GT, 29,703 spectators). Heavy crowd movement on Kasturba Road during peak match hours (22:00). Road DNA: 83. Reroute via Richmond Road flyover."
2025-04-16,23,4,Chinnaswamy Stadium Zone,Residency Road,IPL Match: RCB vs MI,31080,103113,8.72,2.55,102.23,2,158.59,88.62,81.96,93.22,2799,Heavy Rain,No,Severe,88,"IPL Match at Chinnaswamy Stadium (RCB vs MI, 31,080 spectators). Heavy crowd movement on Residency Road during peak match hours (23:00). Road DNA: 88. Reroute via Richmond Road flyover."
2025-04-04,21,4,Chinnaswamy Stadium Zone,Residency Road,IPL Match: RCB vs KKR,33104,120785,6.91,4.48,105.65,2,163.11,76.78,82.86,99.05,1004,Heavy Rain,Yes,Severe,95,"IPL Match at Chinnaswamy Stadium (RCB vs KKR, 33,104 spectators). Heavy crowd movement on Residency Road during peak match hours (21:00). Road DNA: 95. Reroute via Richmond Road flyover."
2025-03-04,18,3,Chinnaswamy Stadium Zone,Richmond Road,IPL Match: RCB vs CSK,31705,124505,13.04,2.55,110.81,1,187.38,66.36,86.08,98.75,1003,Clear,Yes,High,91,"IPL Match at Chinnaswamy Stadium (RCB vs CSK, 31,705 spectators). Heavy crowd movement on Richmond Road during peak match hours (18:00). Road DNA: 91. Reroute via Richmond Road flyover."
2025-05-16,23,5,Chinnaswamy Stadium Zone,Infant Jesus Church Junction,IPL Match: RCB vs LSG,29071,93554,13.83,3.16,108.23,0,134.05,82.69,75.45,91.81,2575,Thunderstorm,Yes,High,78,"IPL Match at Chinnaswamy Stadium (RCB vs LSG, 29,071 spectators). Heavy crowd movement on Infant Jesus Church Junction during peak match hours (23:00). Road DNA: 78. Reroute via Richmond Road flyover."
2025-04-22,19,4,Chinnaswamy Stadium Zone,Richmond Road,IPL Match: RCB vs CSK,31254,114779,12.85,3.9,105.9,4,145.13,73.85,84.22,94.89,2458,Light Rain,Yes,Severe,86,"IPL Match at Chinnaswamy Stadium (RCB vs CSK, 31,254 spectators). Heavy crowd movement on Richmond Road during peak match hours (19:00). Road DNA: 86. Reroute via Richmond Road flyover."
2025-05-15,18,5,Chinnaswamy Stadium Zone,Infant Jesus Church Junction,IPL Match: RCB vs DC,32794,99358,12.9,4.21,106.04,1,140.48,65.33,77.54,99.01,1832,Clear,No,High,84,"IPL Match at Chinnaswamy Stadium (RCB vs DC, 32,794 spectators). Heavy crowd movement on Infant Jesus Church Junction during peak match hours (18:00). Road DNA: 84. Reroute via Richmond Road flyover."
2025-04-11,17,4,Chinnaswamy Stadium Zone,Residency Road,IPL Match: RCB vs RR,34866,120231,8.86,4.47,113.18,1,133.27,89.89,79.2,89.84,3000,Clear,Yes,High,93,"IPL Match at Chinnaswamy Stadium (RCB vs RR, 34,866 spectators). Heavy crowd movement on Residency Road during peak match hours (17:00). Road DNA: 93. Reroute via Richmond Road flyover."
2025-05-17,17,5,Chinnaswamy Stadium Zone,Richmond Road,IPL Match: RCB vs LSG,29222,107946,12.17,2.67,102.68,1,140.92,88.12,74.86,88.37,3445,Light Rain,Yes,Severe,86,"IPL Match at Chinnaswamy Stadium (RCB vs LSG, 29,222 spectators). Heavy crowd movement on Richmond Road during peak match hours (17:00). Road DNA: 86. Reroute via Richmond Road flyover."
2025-04-26,20,4,Chinnaswamy Stadium Zone,MG Road,IPL Match: RCB vs SRH,32882,78683,16.0,1.66,78.15,0,158.28,66.29,82.22,91.46,3315,Thunderstorm,No,Medium,72,"IPL Match at Chinnaswamy Stadium (RCB vs SRH, 32,882 spectators). Heavy crowd movement on MG Road during peak match hours (20:00). Road DNA: 72. Reroute via Richmond Road flyover."
2025-03-02,22,3,Chinnaswamy Stadium Zone,Richmond Road,IPL Match: RCB vs SRH,33337,113013,12.42,3.43,95.63,1,141.04,66.08,78.1,86.88,1028,Light Rain,No,Severe,82,"IPL Match at Chinnaswamy Stadium (RCB vs SRH, 33,337 spectators). Heavy crowd movement on Richmond Road during peak match hours (22:00). Road DNA: 82. Reroute via Richmond Road flyover."
2025-05-03,16,5,Chinnaswamy Stadium Zone,Residency Road,IPL Match: RCB vs CSK,30192,60951,23.56,2.4,82.63,1,175.16,64.88,82.3,87.83,2389,Clear,Yes,Medium,62,"IPL Match at Chinnaswamy Stadium (RCB vs CSK, 30,192 spectators). Heavy crowd movement on Residency Road during peak match hours (16:00). Road DNA: 62. Reroute via Richmond Road flyover."
2025-05-17,22,5,Chinnaswamy Stadium Zone,Kasturba Road,IPL Match: RCB vs SRH,32711,111751,10.04,3.34,108.29,4,123.33,72.23,85.46,91.34,2806,Heavy Rain,Yes,Severe,87,"IPL Match at Chinnaswamy Stadium (RCB vs SRH, 32,711 spectators). Heavy crowd movement on Kasturba Road during peak match hours (22:00). Road DNA: 87. Reroute via Richmond Road flyover."
2025-03-24,20,3,Chinnaswamy Stadium Zone,Cubbon Road,IPL Match: RCB vs CSK,28711,60764,22.31,1.97,88.0,2,147.61,74.53,80.49,90.11,2548,Clear,Yes,Medium,56,"IPL Match at Chinnaswamy Stadium (RCB vs CSK, 28,711 spectators). Heavy crowd movement on Cubbon Road during peak match hours (20:00). Road DNA: 56. Reroute via Richmond Road flyover."
2025-03-16,23,3,Chinnaswamy Stadium Zone,Residency Road,IPL Match: RCB vs SRH,33565,89394,12.67,3.3,97.46,4,188.29,61.01,82.17,99.28,1119,Light Rain,No,Severe,91,"IPL Match at Chinnaswamy Stadium (RCB vs SRH, 33,565 spectators). Heavy crowd movement on Residency Road during peak match hours (23:00). Road DNA: 91. Reroute via Richmond Road flyover."
2025-04-28,23,4,Chinnaswamy Stadium Zone,Residency Road,IPL Match: RCB vs DC,31470,96844,9.88,2.61,92.31,0,145.14,67.32,70.0,91.18,898,Clear,No,High,80,"IPL Match at Chinnaswamy Stadium (RCB vs DC, 31,470 spectators). Heavy crowd movement on Residency Road during peak match hours (23:00). Road DNA: 80. Reroute via Richmond Road flyover."
2025-04-14,19,4,Chinnaswamy Stadium Zone,Infant Jesus Church Junction,IPL Match: RCB vs KKR,31363,115913,12.94,3.96,104.0,0,173.68,76.8,80.71,92.11,3413,Light Rain,Yes,Severe,83,"IPL Match at Chinnaswamy Stadium (RCB vs KKR, 31,363 spectators). Heavy crowd movement on Infant Jesus Church Junction during peak match hours (19:00). Road DNA: 83. Reroute via Richmond Road flyover."
2025-04-11,19,4,Chinnaswamy Stadium Zone,MG Road,IPL Match: RCB vs RR,30108,88649,10.82,2.67,105.09,2,188.43,64.89,79.49,89.41,1534,Thunderstorm,Yes,High,94,"IPL Match at Chinnaswamy Stadium (RCB vs RR, 30,108 spectators). Heavy crowd movement on MG Road during peak match hours (19:00). Road DNA: 94. Reroute via Richmond Road flyover."
2025-03-19,22,3,Chinnaswamy Stadium Zone,Richmond Road,IPL Match: RCB vs SRH,32601,102068,8.79,3.27,101.91,4,151.74,80.28,77.42,85.27,1633,Clear,No,High,79,"IPL Match at Chinnaswamy Stadium (RCB vs SRH, 32,601 spectators). Heavy crowd movement on Richmond Road during peak match hours (22:00). Road DNA: 79. Reroute via Richmond Road flyover."
2025-05-01,20,5,Chinnaswamy Stadium Zone,MG Road,IPL Match: RCB vs RR,30678,62170,21.14,2.26,82.22,0,130.81,64.34,78.52,91.68,1892,Thunderstorm,No,Medium,67,"IPL Match at Chinnaswamy Stadium (RCB vs RR, 30,678 spectators). Heavy crowd movement on MG Road during peak match hours (20:00). Road DNA: 67. Reroute via Richmond Road flyover."
2025-04-27,17,4,Chinnaswamy Stadium Zone,MG Road,IPL Match: RCB vs GT,33634,123079,7.15,3.92,104.63,3,178.82,81.51,84.45,91.42,3336,Light Rain,No,Severe,91,"IPL Match at Chinnaswamy Stadium (RCB vs GT, 33,634 spectators). Heavy crowd movement on MG Road during peak match hours (17:00). Road DNA: 91. Reroute via Richmond Road flyover."
2025-05-01,19,5,Chinnaswamy Stadium Zone,MG Road,IPL Match: RCB vs GT,33849,104360,12.07,4.49,103.43,1,157.42,87.62,85.71,86.8,2057,Clear,No,High,92,"IPL Match at Chinnaswamy Stadium (RCB vs GT, 33,849 spectators). Heavy crowd movement on MG Road during peak match hours (19:00). Road DNA: 92. Reroute via Richmond Road flyover."
2025-05-13,16,5,Chinnaswamy Stadium Zone,Infant Jesus Church Junction,IPL Match: RCB vs LSG,31208,92002,13.01,2.96,107.26,3,129.52,66.74,83.36,92.29,1968,Heavy Rain,No,Severe,95,"IPL Match at Chinnaswamy Stadium (RCB vs LSG, 31,208 spectators). Heavy crowd movement on Infant Jesus Church Junction during peak match hours (16:00). Road DNA: 95. Reroute via Richmond Road flyover."
2025-04-12,22,4,Chinnaswamy Stadium Zone,MG Road,IPL Match: RCB vs RR,31703,115424,7.43,4.26,111.57,1,186.59,83.72,72.13,97.53,1737,Light Rain,Yes,Severe,85,"IPL Match at Chinnaswamy Stadium (RCB vs RR, 31,703 spectators). Heavy crowd movement on MG Road during peak match hours (22:00). Road DNA: 85. Reroute via Richmond Road flyover."
2025-03-04,19,3,Chinnaswamy Stadium Zone,Richmond Road,IPL Match: RCB vs GT,32995,119748,7.43,3.32,109.47,4,177.2,83.44,70.59,90.23,3495,Clear,Yes,High,79,"IPL Match at Chinnaswamy Stadium (RCB vs GT, 32,995 spectators). Heavy crowd movement on Richmond Road during peak match hours (19:00). Road DNA: 79. Reroute via Richmond Road flyover."
2025-03-03,22,3,Chinnaswamy Stadium Zone,Richmond Road,IPL Match: RCB vs DC,34332,92706,10.42,4.43,105.41,0,127.8,82.42,81.69,91.61,1698,Light Rain,Yes,Severe,94,"IPL Match at Chinnaswamy Stadium (RCB vs DC, 34,332 spectators). Heavy crowd movement on Richmond Road during peak match hours (22:00). Road DNA: 94. Reroute via Richmond Road flyover."
2025-03-01,17,3,Chinnaswamy Stadium Zone,Infant Jesus Church Junction,IPL Match: RCB vs MI,28460,116811,11.19,3.39,93.64,2,169.6,63.32,81.2,98.34,3493,Heavy Rain,Yes,Severe,88,"IPL Match at Chinnaswamy Stadium (RCB vs MI, 28,460 spectators). Heavy crowd movement on Infant Jesus Church Junction during peak match hours (17:00). Road DNA: 88. Reroute via Richmond Road flyover."
2025-05-22,17,5,Chinnaswamy Stadium Zone,Kasturba Road,IPL Match: RCB vs DC,28171,103995,12.98,4.34,105.01,2,140.44,65.87,87.1,98.16,2996,Light Rain,No,Severe,91,"IPL Match at Chinnaswamy Stadium (RCB vs DC, 28,171 spectators). Heavy crowd movement on Kasturba Road during peak match hours (17:00). Road DNA: 91. Reroute via Richmond Road flyover."
2025-03-18,17,3,Chinnaswamy Stadium Zone,Cubbon Road,IPL Match: RCB vs KKR,34031,117974,13.1,2.52,107.88,3,179.57,74.61,87.18,97.14,2394,Clear,Yes,High,82,"IPL Match at Chinnaswamy Stadium (RCB vs KKR, 34,031 spectators). Heavy crowd movement on Cubbon Road during peak match hours (17:00). Road DNA: 82. Reroute via Richmond Road flyover."
2025-03-17,19,3,Chinnaswamy Stadium Zone,Residency Road,IPL Match: RCB vs KKR,32139,86416,6.59,3.47,103.69,2,183.44,68.35,72.55,97.14,3381,Thunderstorm,Yes,High,94,"IPL Match at Chinnaswamy Stadium (RCB vs KKR, 32,139 spectators). Heavy crowd movement on Residency Road during peak match hours (19:00). Road DNA: 94. Reroute via Richmond Road flyover."
2025-04-02,23,4,Chinnaswamy Stadium Zone,Infant Jesus Church Junction,IPL Match: RCB vs RR,30954,99852,7.49,3.25,106.56,3,126.81,60.6,70.54,88.8,3325,Clear,No,High,90,"IPL Match at Chinnaswamy Stadium (RCB vs RR, 30,954 spectators). Heavy crowd movement on Infant Jesus Church Junction during peak match hours (23:00). Road DNA: 90. Reroute via Richmond Road flyover."
2025-05-25,17,5,Chinnaswamy Stadium Zone,MG Road,IPL Match: RCB vs CSK,28197,103693,9.36,3.85,103.24,2,168.51,78.19,85.81,91.67,1829,Thunderstorm,Yes,High,94,"IPL Match at Chinnaswamy Stadium (RCB vs CSK, 28,197 spectators). Heavy crowd movement on MG Road during peak match hours (17:00). Road DNA: 94. Reroute via Richmond Road flyover."
2025-05-26,16,5,Chinnaswamy Stadium Zone,Infant Jesus Church Junction,IPL Match: RCB vs SRH,34191,115138,7.67,4.04,97.3,1,137.95,89.84,70.75,89.77,1517,Heavy Rain,No,Severe,89,"IPL Match at Chinnaswamy Stadium (RCB vs SRH, 34,191 spectators). Heavy crowd movement on Infant Jesus Church Junction during peak match hours (16:00). Road DNA: 89. Reroute via Richmond Road flyover."
2025-04-22,20,4,Chinnaswamy Stadium Zone,MG Road,IPL Match: RCB vs SRH,33694,87009,8.56,3.53,112.99,2,186.76,61.42,77.38,93.9,2327,Light Rain,No,Severe,94,"IPL Match at Chinnaswamy Stadium (RCB vs SRH, 33,694 spectators). Heavy crowd movement on MG Road during peak match hours (20:00). Road DNA: 94. Reroute via Richmond Road flyover."
2025-04-14,23,4,Chinnaswamy Stadium Zone,Cubbon Road,IPL Match: RCB vs SRH,34576,129442,11.38,3.76,92.56,2,138.0,87.3,77.84,92.85,2556,Thunderstorm,No,High,88,"IPL Match at Chinnaswamy Stadium (RCB vs SRH, 34,576 spectators). Heavy crowd movement on Cubbon Road during peak match hours (23:00). Road DNA: 88. Reroute via Richmond Road flyover."
2025-05-27,23,5,Chinnaswamy Stadium Zone,MG Road,IPL Match: RCB vs MI,33135,126007,13.5,3.38,96.53,4,122.85,74.65,89.45,94.09,1218,Clear,Yes,High,81,"IPL Match at Chinnaswamy Stadium (RCB vs MI, 33,135 spectators). Heavy crowd movement on MG Road during peak match hours (23:00). Road DNA: 81. Reroute via Richmond Road flyover."
2025-03-17,20,3,Chinnaswamy Stadium Zone,Richmond Road,IPL Match: RCB vs LSG,31682,102927,10.45,4.49,111.84,1,185.35,63.32,79.86,99.61,1023,Heavy Rain,Yes,Severe,90,"IPL Match at Chinnaswamy Stadium (RCB vs LSG, 31,682 spectators). Heavy crowd movement on Richmond Road during peak match hours (20:00). Road DNA: 90. Reroute via Richmond Road flyover."
2025-05-18,19,5,Chinnaswamy Stadium Zone,Cubbon Road,IPL Match: RCB vs DC,31572,122969,7.73,3.34,96.96,1,133.53,76.26,87.74,99.04,1906,Light Rain,No,Severe,82,"IPL Match at Chinnaswamy Stadium (RCB vs DC, 31,572 spectators). Heavy crowd movement on Cubbon Road during peak match hours (19:00). Road DNA: 82. Reroute via Richmond Road flyover."
2025-04-27,18,4,Chinnaswamy Stadium Zone,Residency Road,IPL Match: RCB vs GT,30458,100122,13.06,4.24,98.58,1,175.92,70.83,89.88,85.03,2654,Clear,No,High,89,"IPL Match at Chinnaswamy Stadium (RCB vs GT, 30,458 spectators). Heavy crowd movement on Residency Road during peak match hours (18:00). Road DNA: 89. Reroute via Richmond Road flyover."
2025-04-21,21,4,Chinnaswamy Stadium Zone,Cubbon Road,IPL Match: RCB vs SRH,32358,78477,23.33,2.2,78.98,4,156.74,69.48,84.1,91.52,2215,Clear,No,Medium,55,"IPL Match at Chinnaswamy Stadium (RCB vs SRH, 32,358 spectators). Heavy crowd movement on Cubbon Road during peak match hours (21:00). Road DNA: 55. Reroute via Richmond Road flyover."
2025-04-02,20,4,Chinnaswamy Stadium Zone,Kasturba Road,IPL Match: RCB vs GT,28028,105143,11.45,4.13,114.35,1,136.69,72.81,89.75,87.11,2067,Light Rain,No,Severe,91,"IPL Match at Chinnaswamy Stadium (RCB vs GT, 28,028 spectators). Heavy crowd movement on Kasturba Road during peak match hours (20:00). Road DNA: 91. Reroute via Richmond Road flyover."
2025-04-05,17,4,Chinnaswamy Stadium Zone,Cubbon Road,IPL Match: RCB vs MI,29395,106067,6.93,3.04,93.88,3,176.35,64.7,82.44,93.79,1178,Clear,Yes,High,89,"IPL Match at Chinnaswamy Stadium (RCB vs MI, 29,395 spectators). Heavy crowd movement on Cubbon Road during peak match hours (17:00). Road DNA: 89. Reroute via Richmond Road flyover."
2025-03-13,17,3,Chinnaswamy Stadium Zone,Richmond Road,IPL Match: RCB vs KKR,28738,101975,11.04,2.61,96.12,2,158.15,66.95,79.79,91.47,1409,Thunderstorm,No,High,94,"IPL Match at Chinnaswamy Stadium (RCB vs KKR, 28,738 spectators). Heavy crowd movement on Richmond Road during peak match hours (17:00). Road DNA: 94. Reroute via Richmond Road flyover."
2025-04-04,17,4,Chinnaswamy Stadium Zone,Infant Jesus Church Junction,IPL Match: RCB vs GT,30451,85090,7.95,3.02,111.52,2,122.83,63.58,82.73,87.57,1410,Thunderstorm,Yes,High,85,"IPL Match at Chinnaswamy Stadium (RCB vs GT, 30,451 spectators). Heavy crowd movement on Infant Jesus Church Junction during peak match hours (17:00). Road DNA: 85. Reroute via Richmond Road flyover."
2025-03-22,21,3,Chinnaswamy Stadium Zone,Infant Jesus Church Junction,IPL Match: RCB vs SRH,31433,121099,9.32,2.91,114.71,1,180.27,76.9,75.17,88.93,1930,Heavy Rain,Yes,Severe,88,"IPL Match at Chinnaswamy Stadium (RCB vs SRH, 31,433 spectators). Heavy crowd movement on Infant Jesus Church Junction during peak match hours (21:00). Road DNA: 88. Reroute via Richmond Road flyover."
2025-03-19,16,3,Chinnaswamy Stadium Zone,Infant Jesus Church Junction,IPL Match: RCB vs GT,31778,75158,23.09,1.88,82.92,2,180.33,85.38,74.05,99.51,2150,Clear,No,Medium,55,"IPL Match at Chinnaswamy Stadium (RCB vs GT, 31,778 spectators). Heavy crowd movement on Infant Jesus Church Junction during peak match hours (16:00). Road DNA: 55. Reroute via Richmond Road flyover."
2025-04-24,23,4,Chinnaswamy Stadium Zone,Richmond Road,IPL Match: RCB vs DC,32925,89847,12.95,2.92,98.98,0,177.59,83.5,84.74,92.56,3196,Thunderstorm,No,High,80,"IPL Match at Chinnaswamy Stadium (RCB vs DC, 32,925 spectators). Heavy crowd movement on Richmond Road during peak match hours (23:00). Road DNA: 80. Reroute via Richmond Road flyover."
2025-05-13,21,5,Chinnaswamy Stadium Zone,Cubbon Road,IPL Match: RCB vs GT,31032,57840,18.69,2.08,85.47,2,163.73,81.17,81.89,91.8,3424,Thunderstorm,Yes,Medium,64,"IPL Match at Chinnaswamy Stadium (RCB vs GT, 31,032 spectators). Heavy crowd movement on Cubbon Road during peak match hours (21:00). Road DNA: 64. Reroute via Richmond Road flyover."
2025-05-08,19,5,Chinnaswamy Stadium Zone,Richmond Road,IPL Match: RCB vs CSK,29616,119538,12.75,4.4,106.67,3,124.68,77.13,76.09,96.87,3263,Light Rain,No,Severe,85,"IPL Match at Chinnaswamy Stadium (RCB vs CSK, 29,616 spectators). Heavy crowd movement on Richmond Road during peak match hours (19:00). Road DNA: 85. Reroute via Richmond Road flyover."
2025-05-08,23,5,Chinnaswamy Stadium Zone,Residency Road,IPL Match: RCB vs CSK,28181,99676,9.7,4.29,110.74,3,185.2,84.94,74.0,98.84,3336,Thunderstorm,No,High,89,"IPL Match at Chinnaswamy Stadium (RCB vs CSK, 28,181 spectators). Heavy crowd movement on Residency Road during peak match hours (23:00). Road DNA: 89. Reroute via Richmond Road flyover."
2025-04-20,17,4,Chinnaswamy Stadium Zone,Infant Jesus Church Junction,IPL Match: RCB vs RR,28601,90250,9.02,2.65,100.93,0,175.0,67.62,85.52,95.91,3262,Heavy Rain,No,Severe,86,"IPL Match at Chinnaswamy Stadium (RCB vs RR, 28,601 spectators). Heavy crowd movement on Infant Jesus Church Junction during peak match hours (17:00). Road DNA: 86. Reroute via Richmond Road flyover."
2025-03-12,21,3,Chinnaswamy Stadium Zone,Richmond Road,IPL Match: RCB vs LSG,34386,89058,12.34,3.27,113.49,2,185.09,79.74,73.47,91.58,2766,Light Rain,No,Severe,89,"IPL Match at Chinnaswamy Stadium (RCB vs LSG, 34,386 spectators). Heavy crowd movement on Richmond Road during peak match hours (21:00). Road DNA: 89. Reroute via Richmond Road flyover."
2025-04-09,21,4,Chinnaswamy Stadium Zone,Residency Road,IPL Match: RCB vs CSK,30498,63659,24.21,2.0,89.82,3,188.51,85.51,82.13,86.61,2122,Clear,No,Medium,63,"IPL Match at Chinnaswamy Stadium (RCB vs CSK, 30,498 spectators). Heavy crowd movement on Residency Road during peak match hours (21:00). Road DNA: 63. Reroute via Richmond Road flyover."
2025-04-01,21,4,Chinnaswamy Stadium Zone,Kasturba Road,IPL Match: RCB vs KKR,31483,79280,24.12,1.79,89.58,3,140.63,70.37,74.98,98.8,1087,Thunderstorm,Yes,Medium,59,"IPL Match at Chinnaswamy Stadium (RCB vs KKR, 31,483 spectators). Heavy crowd movement on Kasturba Road during peak match hours (21:00). Road DNA: 59. Reroute via Richmond Road flyover."
2025-03-19,19,3,Chinnaswamy Stadium Zone,Residency Road,IPL Match: RCB vs CSK,29257,120969,8.15,4.0,113.18,2,139.05,60.62,84.35,88.55,1882,Heavy Rain,Yes,Severe,78,"IPL Match at Chinnaswamy Stadium (RCB vs CSK, 29,257 spectators). Heavy crowd movement on Residency Road during peak match hours (19:00). Road DNA: 78. Reroute via Richmond Road flyover."
2025-05-23,21,5,Chinnaswamy Stadium Zone,Kasturba Road,IPL Match: RCB vs KKR,33916,107928,13.62,3.65,92.35,4,141.25,88.58,83.34,90.79,3378,Heavy Rain,No,Severe,81,"IPL Match at Chinnaswamy Stadium (RCB vs KKR, 33,916 spectators). Heavy crowd movement on Kasturba Road during peak match hours (21:00). Road DNA: 81. Reroute via Richmond Road flyover."
2025-04-19,23,4,Chinnaswamy Stadium Zone,Infant Jesus Church Junction,IPL Match: RCB vs CSK,32868,124072,9.83,3.54,94.44,0,150.01,72.52,73.1,99.28,2101,Thunderstorm,No,High,83,"IPL Match at Chinnaswamy Stadium (RCB vs CSK, 32,868 spectators). Heavy crowd movement on Infant Jesus Church Junction during peak match hours (23:00). Road DNA: 83. Reroute via Richmond Road flyover."
2025-05-22,16,5,Chinnaswamy Stadium Zone,Residency Road,IPL Match: RCB vs RR,32845,101997,12.26,2.95,105.78,3,168.26,60.82,70.75,88.16,2854,Heavy Rain,No,Severe,94,"IPL Match at Chinnaswamy Stadium (RCB vs RR, 32,845 spectators). Heavy crowd movement on Residency Road during peak match hours (16:00). Road DNA: 94. Reroute via Richmond Road flyover."
2025-05-04,22,5,Chinnaswamy Stadium Zone,Infant Jesus Church Junction,IPL Match: RCB vs LSG,33485,118093,10.98,4.25,103.47,4,174.07,89.16,81.5,88.18,935,Clear,No,High,83,"IPL Match at Chinnaswamy Stadium (RCB vs LSG, 33,485 spectators). Heavy crowd movement on Infant Jesus Church Junction during peak match hours (22:00). Road DNA: 83. Reroute via Richmond Road flyover."
2025-03-14,19,3,Chinnaswamy Stadium Zone,Residency Road,IPL Match: RCB vs KKR,31121,111001,10.88,3.61,100.77,2,137.99,75.65,84.65,88.34,3206,Clear,Yes,High,86,"IPL Match at Chinnaswamy Stadium (RCB vs KKR, 31,121 spectators). Heavy crowd movement on Residency Road during peak match hours (19:00). Road DNA: 86. Reroute via Richmond Road flyover."
2025-05-04,23,5,Chinnaswamy Stadium Zone,Cubbon Road,IPL Match: RCB vs GT,29410,97868,8.8,3.36,108.21,0,135.7,69.68,75.05,98.88,3175,Clear,No,High,78,"IPL Match at Chinnaswamy Stadium (RCB vs GT, 29,410 spectators). Heavy crowd movement on Cubbon Road during peak match hours (23:00). Road DNA: 78. Reroute via Richmond Road flyover."
2025-04-09,20,4,Chinnaswamy Stadium Zone,Kasturba Road,IPL Match: RCB vs MI,29413,69505,24.74,2.06,89.66,3,123.3,66.56,77.42,93.71,1629,Thunderstorm,Yes,Medium,73,"IPL Match at Chinnaswamy Stadium (RCB vs MI, 29,413 spectators). Heavy crowd movement on Kasturba Road during peak match hours (20:00). Road DNA: 73. Reroute via Richmond Road flyover."
2025-05-20,18,5,Chinnaswamy Stadium Zone,Richmond Road,IPL Match: RCB vs GT,32580,116500,10.18,4.42,96.88,2,181.42,74.63,79.32,91.48,2215,Clear,No,High,83,"IPL Match at Chinnaswamy Stadium (RCB vs GT, 32,580 spectators). Heavy crowd movement on Richmond Road during peak match hours (18:00). Road DNA: 83. Reroute via Richmond Road flyover."
2025-05-28,19,5,Chinnaswamy Stadium Zone,Residency Road,IPL Match: RCB vs CSK,28045,99605,10.09,3.49,109.92,4,163.06,70.65,76.82,96.83,2996,Thunderstorm,Yes,High,82,"IPL Match at Chinnaswamy Stadium (RCB vs CSK, 28,045 spectators). Heavy crowd movement on Residency Road during peak match hours (19:00). Road DNA: 82. Reroute via Richmond Road flyover."
2025-04-21,17,4,Chinnaswamy Stadium Zone,Infant Jesus Church Junction,IPL Match: RCB vs KKR,28101,106412,10.63,3.98,93.02,3,154.81,69.12,72.53,91.6,1798,Light Rain,No,Severe,87,"IPL Match at Chinnaswamy Stadium (RCB vs KKR, 28,101 spectators). Heavy crowd movement on Infant Jesus Church Junction during peak match hours (17:00). Road DNA: 87. Reroute via Richmond Road flyover."
2025-04-08,16,4,Chinnaswamy Stadium Zone,Cubbon Road,IPL Match: RCB vs RR,34928,60769,23.85,2.31,76.53,3,124.34,77.88,75.21,91.84,1885,Clear,No,Medium,64,"IPL Match at Chinnaswamy Stadium (RCB vs RR, 34,928 spectators). Heavy crowd movement on Cubbon Road during peak match hours (16:00). Road DNA: 64. Reroute via Richmond Road flyover."
2025-03-12,19,3,Chinnaswamy Stadium Zone,Cubbon Road,IPL Match: RCB vs KKR,29564,89763,8.71,3.06,113.18,1,151.45,82.78,75.74,93.82,2479,Thunderstorm,No,High,83,"IPL Match at Chinnaswamy Stadium (RCB vs KKR, 29,564 spectators). Heavy crowd movement on Cubbon Road during peak match hours (19:00). Road DNA: 83. Reroute via Richmond Road flyover."
2025-04-17,19,4,Chinnaswamy Stadium Zone,Cubbon Road,IPL Match: RCB vs DC,29673,105839,13.32,4.04,99.2,1,166.44,63.45,81.36,89.76,3017,Thunderstorm,No,High,78,"IPL Match at Chinnaswamy Stadium (RCB vs DC, 29,673 spectators). Heavy crowd movement on Cubbon Road during peak match hours (19:00). Road DNA: 78. Reroute via Richmond Road flyover."
2025-05-03,19,5,Chinnaswamy Stadium Zone,Richmond Road,IPL Match: RCB vs GT,33536,102301,9.85,3.64,96.32,1,181.66,78.01,82.42,90.68,2598,Heavy Rain,Yes,Severe,83,"IPL Match at Chinnaswamy Stadium (RCB vs GT, 33,536 spectators). Heavy crowd movement on Richmond Road during peak match hours (19:00). Road DNA: 83. Reroute via Richmond Road flyover."
2025-04-11,16,4,Chinnaswamy Stadium Zone,Infant Jesus Church Junction,IPL Match: RCB vs DC,30947,55595,15.28,1.62,88.54,4,183.34,67.31,84.61,87.35,2535,Clear,No,Medium,61,"IPL Match at Chinnaswamy Stadium (RCB vs DC, 30,947 spectators). Heavy crowd movement on Infant Jesus Church Junction during peak match hours (16:00). Road DNA: 61. Reroute via Richmond Road flyover."
2025-03-14,16,3,Chinnaswamy Stadium Zone,Kasturba Road,IPL Match: RCB vs DC,34176,128177,10.24,4.35,94.01,2,142.96,62.17,85.94,94.28,857,Heavy Rain,Yes,Severe,88,"IPL Match at Chinnaswamy Stadium (RCB vs DC, 34,176 spectators). Heavy crowd movement on Kasturba Road during peak match hours (16:00). Road DNA: 88. Reroute via Richmond Road flyover."
2025-04-22,22,4,Chinnaswamy Stadium Zone,Infant Jesus Church Junction,IPL Match: RCB vs LSG,34135,86646,8.74,2.59,106.38,0,142.09,65.62,78.01,87.5,2205,Clear,Yes,High,83,"IPL Match at Chinnaswamy Stadium (RCB vs LSG, 34,135 spectators). Heavy crowd movement on Infant Jesus Church Junction during peak match hours (22:00). Road DNA: 83. Reroute via Richmond Road flyover."
2025-04-28,21,4,Chinnaswamy Stadium Zone,Kasturba Road,IPL Match: RCB vs KKR,32096,59693,24.52,2.01,86.36,0,149.12,86.17,87.85,92.94,3165,Thunderstorm,No,Medium,65,"IPL Match at Chinnaswamy Stadium (RCB vs KKR, 32,096 spectators). Heavy crowd movement on Kasturba Road during peak match hours (21:00). Road DNA: 65. Reroute via Richmond Road flyover."
2025-05-12,16,5,Chinnaswamy Stadium Zone,Richmond Road,IPL Match: RCB vs LSG,34917,101479,13.4,3.49,93.23,3,154.32,75.55,72.77,93.81,1094,Light Rain,Yes,Severe,88,"IPL Match at Chinnaswamy Stadium (RCB vs LSG, 34,917 spectators). Heavy crowd movement on Richmond Road during peak match hours (16:00). Road DNA: 88. Reroute via Richmond Road flyover."
2025-05-28,22,5,Chinnaswamy Stadium Zone,Kasturba Road,IPL Match: RCB vs GT,29088,111663,7.17,3.9,101.48,0,175.73,88.36,85.71,87.37,1987,Thunderstorm,Yes,High,85,"IPL Match at Chinnaswamy Stadium (RCB vs GT, 29,088 spectators). Heavy crowd movement on Kasturba Road during peak match hours (22:00). Road DNA: 85. Reroute via Richmond Road flyover."
2025-05-21,16,5,Chinnaswamy Stadium Zone,Residency Road,IPL Match: RCB vs CSK,30224,68118,20.95,2.23,89.84,2,131.11,63.47,84.46,98.83,2110,Clear,Yes,Medium,66,"IPL Match at Chinnaswamy Stadium (RCB vs CSK, 30,224 spectators). Heavy crowd movement on Residency Road during peak match hours (16:00). Road DNA: 66. Reroute via Richmond Road flyover."
2025-03-27,22,3,Chinnaswamy Stadium Zone,Richmond Road,IPL Match: RCB vs DC,28629,108788,12.45,3.24,112.99,4,138.87,85.75,70.04,92.27,1862,Clear,Yes,High,93,"IPL Match at Chinnaswamy Stadium (RCB vs DC, 28,629 spectators). Heavy crowd movement on Richmond Road during peak match hours (22:00). Road DNA: 93. Reroute via Richmond Road flyover."
2025-03-20,18,3,Chinnaswamy Stadium Zone,Cubbon Road,IPL Match: RCB vs CSK,29180,102310,10.24,3.96,106.62,0,174.92,83.58,77.1,87.17,839,Light Rain,No,Severe,78,"IPL Match at Chinnaswamy Stadium (RCB vs CSK, 29,180 spectators). Heavy crowd movement on Cubbon Road during peak match hours (18:00). Road DNA: 78. Reroute via Richmond Road flyover."
2025-04-11,20,4,Chinnaswamy Stadium Zone,Residency Road,IPL Match: RCB vs KKR,30484,73480,18.42,1.82,71.28,4,136.62,87.14,82.18,86.62,1101,Thunderstorm,Yes,Medium,71,"IPL Match at Chinnaswamy Stadium (RCB vs KKR, 30,484 spectators). Heavy crowd movement on Residency Road during peak match hours (20:00). Road DNA: 71. Reroute via Richmond Road flyover."
2025-03-15,20,3,Chinnaswamy Stadium Zone,Residency Road,IPL Match: RCB vs MI,29574,76588,15.61,2.35,80.71,0,123.63,83.42,85.74,91.66,3220,Clear,Yes,Medium,55,"IPL Match at Chinnaswamy Stadium (RCB vs MI, 29,574 spectators). Heavy crowd movement on Residency Road during peak match hours (20:00). Road DNA: 55. Reroute via Richmond Road flyover."
2025-03-27,22,3,Chinnaswamy Stadium Zone,Cubbon Road,IPL Match: RCB vs CSK,29699,87382,11.41,4.17,93.31,0,142.56,89.45,84.67,90.55,1575,Light Rain,No,Severe,80,"IPL Match at Chinnaswamy Stadium (RCB vs CSK, 29,699 spectators). Heavy crowd movement on Cubbon Road during peak match hours (22:00). Road DNA: 80. Reroute via Richmond Road flyover."
2025-03-06,18,3,Chinnaswamy Stadium Zone,MG Road,IPL Match: RCB vs DC,29894,123361,8.8,4.4,103.22,0,171.55,79.17,85.3,98.27,2243,Light Rain,No,Severe,95,"IPL Match at Chinnaswamy Stadium (RCB vs DC, 29,894 spectators). Heavy crowd movement on MG Road during peak match hours (18:00). Road DNA: 95. Reroute via Richmond Road flyover."
2025-04-10,16,4,Chinnaswamy Stadium Zone,Cubbon Road,IPL Match: RCB vs RR,31487,97438,6.57,3.68,99.73,3,146.38,82.21,81.7,99.26,1854,Light Rain,Yes,Severe,82,"IPL Match at Chinnaswamy Stadium (RCB vs RR, 31,487 spectators). Heavy crowd movement on Cubbon Road during peak match hours (16:00). Road DNA: 82. Reroute via Richmond Road flyover."
2025-03-06,19,3,Chinnaswamy Stadium Zone,Infant Jesus Church Junction,IPL Match: RCB vs LSG,28095,128825,9.44,2.98,111.22,2,157.26,86.79,84.92,97.26,909,Heavy Rain,No,Severe,78,"IPL Match at Chinnaswamy Stadium (RCB vs LSG, 28,095 spectators). Heavy crowd movement on Infant Jesus Church Junction during peak match hours (19:00). Road DNA: 78. Reroute via Richmond Road flyover."
2025-05-22,17,5,Chinnaswamy Stadium Zone,Kasturba Road,IPL Match: RCB vs SRH,33661,86331,12.44,3.54,110.66,1,127.19,79.82,70.19,90.68,3388,Thunderstorm,Yes,High,94,"IPL Match at Chinnaswamy Stadium (RCB vs SRH, 33,661 spectators). Heavy crowd movement on Kasturba Road during peak match hours (17:00). Road DNA: 94. Reroute via Richmond Road flyover."
2025-04-01,16,4,Chinnaswamy Stadium Zone,Infant Jesus Church Junction,IPL Match: RCB vs KKR,29951,57966,18.17,2.16,86.31,1,164.76,88.75,78.16,99.9,1762,Clear,No,Medium,60,"IPL Match at Chinnaswamy Stadium (RCB vs KKR, 29,951 spectators). Heavy crowd movement on Infant Jesus Church Junction during peak match hours (16:00). Road DNA: 60. Reroute via Richmond Road flyover."
2025-03-26,22,3,Chinnaswamy Stadium Zone,Richmond Road,IPL Match: RCB vs RR,34817,99361,9.78,2.98,108.23,4,150.1,86.73,84.26,86.66,2081,Heavy Rain,No,Severe,86,"IPL Match at Chinnaswamy Stadium (RCB vs RR, 34,817 spectators). Heavy crowd movement on Richmond Road during peak match hours (22:00). Road DNA: 86. Reroute via Richmond Road flyover."
2025-03-14,23,3,Chinnaswamy Stadium Zone,MG Road,IPL Match: RCB vs RR,31678,110330,10.7,3.75,105.27,3,161.39,64.45,70.3,94.52,1212,Heavy Rain,Yes,Severe,91,"IPL Match at Chinnaswamy Stadium (RCB vs RR, 31,678 spectators). Heavy crowd movement on MG Road during peak match hours (23:00). Road DNA: 91. Reroute via Richmond Road flyover."
2025-05-27,23,5,Chinnaswamy Stadium Zone,Richmond Road,IPL Match: RCB vs CSK,33612,111677,7.74,3.12,97.12,3,140.49,77.78,79.72,86.72,2315,Clear,Yes,High,95,"IPL Match at Chinnaswamy Stadium (RCB vs CSK, 33,612 spectators). Heavy crowd movement on Richmond Road during peak match hours (23:00). Road DNA: 95. Reroute via Richmond Road flyover."
2025-04-01,18,4,Chinnaswamy Stadium Zone,Infant Jesus Church Junction,IPL Match: RCB vs SRH,33544,93757,11.34,3.37,112.61,1,171.66,63.41,85.35,99.79,1694,Heavy Rain,Yes,Severe,89,"IPL Match at Chinnaswamy Stadium (RCB vs SRH, 33,544 spectators). Heavy crowd movement on Infant Jesus Church Junction during peak match hours (18:00). Road DNA: 89. Reroute via Richmond Road flyover."
2025-03-04,23,3,Chinnaswamy Stadium Zone,Residency Road,IPL Match: RCB vs GT,34504,98945,10.91,3.39,112.94,2,175.56,66.75,88.42,98.04,2332,Thunderstorm,Yes,High,85,"IPL Match at Chinnaswamy Stadium (RCB vs GT, 34,504 spectators). Heavy crowd movement on Residency Road during peak match hours (23:00). Road DNA: 85. Reroute via Richmond Road flyover."
2025-04-06,22,4,Chinnaswamy Stadium Zone,MG Road,IPL Match: RCB vs RR,33436,120864,9.31,4.35,93.49,1,149.01,85.96,77.3,88.93,848,Clear,No,High,87,"IPL Match at Chinnaswamy Stadium (RCB vs RR, 33,436 spectators). Heavy crowd movement on MG Road during peak match hours (22:00). Road DNA: 87. Reroute via Richmond Road flyover."
2025-03-03,21,3,Chinnaswamy Stadium Zone,MG Road,IPL Match: RCB vs DC,29105,66317,18.21,2.26,81.63,4,130.45,72.21,74.74,86.98,1249,Clear,Yes,Medium,60,"IPL Match at Chinnaswamy Stadium (RCB vs DC, 29,105 spectators). Heavy crowd movement on MG Road during peak match hours (21:00). Road DNA: 60. Reroute via Richmond Road flyover."
2025-03-10,23,3,Chinnaswamy Stadium Zone,Residency Road,IPL Match: RCB vs KKR,28677,103426,13.75,3.98,103.16,4,135.71,85.97,81.05,86.74,1167,Light Rain,No,Severe,88,"IPL Match at Chinnaswamy Stadium (RCB vs KKR, 28,677 spectators). Heavy crowd movement on Residency Road during peak match hours (23:00). Road DNA: 88. Reroute via Richmond Road flyover."
2025-05-10,17,5,Chinnaswamy Stadium Zone,Infant Jesus Church Junction,IPL Match: RCB vs CSK,31739,112433,13.36,3.22,110.77,1,128.78,76.7,81.04,96.86,3392,Clear,Yes,High,82,"IPL Match at Chinnaswamy Stadium (RCB vs CSK, 31,739 spectators). Heavy crowd movement on Infant Jesus Church Junction during peak match hours (17:00). Road DNA: 82. Reroute via Richmond Road flyover."
2025-04-13,21,4,Chinnaswamy Stadium Zone,Cubbon Road,IPL Match: RCB vs CSK,31809,56570,20.52,2.01,89.84,1,147.47,72.33,85.58,85.9,1231,Clear,No,Medium,57,"IPL Match at Chinnaswamy Stadium (RCB vs CSK, 31,809 spectators). Heavy crowd movement on Cubbon Road during peak match hours (21:00). Road DNA: 57. Reroute via Richmond Road flyover."
2025-03-06,22,3,Chinnaswamy Stadium Zone,Residency Road,IPL Match: RCB vs DC,34073,86738,8.3,3.65,100.11,1,151.13,64.74,72.98,99.99,3402,Thunderstorm,No,High,79,"IPL Match at Chinnaswamy Stadium (RCB vs DC, 34,073 spectators). Heavy crowd movement on Residency Road during peak match hours (22:00). Road DNA: 79. Reroute via Richmond Road flyover."
2025-03-05,16,3,Chinnaswamy Stadium Zone,Residency Road,IPL Match: RCB vs DC,29144,117511,11.03,3.26,108.81,2,186.0,76.32,84.74,86.88,1653,Light Rain,Yes,Severe,89,"IPL Match at Chinnaswamy Stadium (RCB vs DC, 29,144 spectators). Heavy crowd movement on Residency Road during peak match hours (16:00). Road DNA: 89. Reroute via Richmond Road flyover."
2025-04-07,22,4,Chinnaswamy Stadium Zone,Richmond Road,IPL Match: RCB vs DC,32379,93615,8.73,3.8,107.32,0,137.54,83.58,80.8,88.05,2807,Heavy Rain,Yes,Severe,87,"IPL Match at Chinnaswamy Stadium (RCB vs DC, 32,379 spectators). Heavy crowd movement on Richmond Road during peak match hours (22:00). Road DNA: 87. Reroute via Richmond Road flyover."
2025-03-15,23,3,Chinnaswamy Stadium Zone,Kasturba Road,IPL Match: RCB vs CSK,30627,96671,10.52,2.81,104.75,4,184.46,74.45,79.99,89.53,989,Clear,Yes,High,94,"IPL Match at Chinnaswamy Stadium (RCB vs CSK, 30,627 spectators). Heavy crowd movement on Kasturba Road during peak match hours (23:00). Road DNA: 94. Reroute via Richmond Road flyover."
2025-05-06,17,5,Chinnaswamy Stadium Zone,Richmond Road,IPL Match: RCB vs DC,32675,94289,7.77,4.31,103.84,3,129.56,89.38,89.2,88.28,2910,Clear,Yes,High,94,"IPL Match at Chinnaswamy Stadium (RCB vs DC, 32,675 spectators). Heavy crowd movement on Richmond Road during peak match hours (17:00). Road DNA: 94. Reroute via Richmond Road flyover."
2025-03-23,17,3,Chinnaswamy Stadium Zone,Kasturba Road,IPL Match: RCB vs DC,31583,112032,8.96,3.0,94.63,4,167.64,87.04,81.59,85.24,1235,Thunderstorm,Yes,High,93,"IPL Match at Chinnaswamy Stadium (RCB vs DC, 31,583 spectators). Heavy crowd movement on Kasturba Road during peak match hours (17:00). Road DNA: 93. Reroute via Richmond Road flyover."
2025-05-05,22,5,Chinnaswamy Stadium Zone,Cubbon Road,IPL Match: RCB vs DC,34917,94988,9.93,4.48,105.17,1,171.12,62.45,72.45,92.21,929,Heavy Rain,Yes,Severe,94,"IPL Match at Chinnaswamy Stadium (RCB vs DC, 34,917 spectators). Heavy crowd movement on Cubbon Road during peak match hours (22:00). Road DNA: 94. Reroute via Richmond Road flyover."
2025-05-25,18,5,Chinnaswamy Stadium Zone,Cubbon Road,IPL Match: RCB vs RR,32607,115314,10.19,3.39,104.25,3,184.43,61.97,73.84,96.09,966,Thunderstorm,No,High,92,"IPL Match at Chinnaswamy Stadium (RCB vs RR, 32,607 spectators). Heavy crowd movement on Cubbon Road during peak match hours (18:00). Road DNA: 92. Reroute via Richmond Road flyover."
2025-04-25,18,4,Chinnaswamy Stadium Zone,Richmond Road,IPL Match: RCB vs SRH,33804,104371,7.77,4.24,100.27,0,167.67,64.83,78.98,99.97,2814,Clear,No,High,82,"IPL Match at Chinnaswamy Stadium (RCB vs SRH, 33,804 spectators). Heavy crowd movement on Richmond Road during peak match hours (18:00). Road DNA: 82. Reroute via Richmond Road flyover."
2025-04-12,21,4,Chinnaswamy Stadium Zone,Cubbon Road,IPL Match: RCB vs KKR,30859,122208,13.34,2.99,96.64,3,179.02,85.58,79.71,89.45,1067,Light Rain,No,Severe,79,"IPL Match at Chinnaswamy Stadium (RCB vs KKR, 30,859 spectators). Heavy crowd movement on Cubbon Road during peak match hours (21:00). Road DNA: 79. Reroute via Richmond Road flyover."
2025-04-13,21,4,Chinnaswamy Stadium Zone,Kasturba Road,IPL Match: RCB vs MI,28299,62363,22.69,2.16,75.37,0,133.86,77.72,78.42,89.17,1293,Clear,No,Medium,72,"IPL Match at Chinnaswamy Stadium (RCB vs MI, 28,299 spectators). Heavy crowd movement on Kasturba Road during peak match hours (21:00). Road DNA: 72. Reroute via Richmond Road flyover."
2025-04-12,16,4,Chinnaswamy Stadium Zone,MG Road,IPL Match: RCB vs LSG,34237,74618,20.7,2.39,78.69,1,123.58,66.58,76.23,98.18,3351,Clear,Yes,Medium,66,"IPL Match at Chinnaswamy Stadium (RCB vs LSG, 34,237 spectators). Heavy crowd movement on MG Road during peak match hours (16:00). Road DNA: 66. Reroute via Richmond Road flyover."
2025-03-26,16,3,Chinnaswamy Stadium Zone,Infant Jesus Church Junction,IPL Match: RCB vs DC,33217,109144,13.34,4.1,98.53,1,168.11,73.53,71.69,93.71,2560,Heavy Rain,Yes,Severe,78,"IPL Match at Chinnaswamy Stadium (RCB vs DC, 33,217 spectators). Heavy crowd movement on Infant Jesus Church Junction during peak match hours (16:00). Road DNA: 78. Reroute via Richmond Road flyover."
2025-03-26,20,3,Chinnaswamy Stadium Zone,Infant Jesus Church Junction,IPL Match: RCB vs DC,30706,112175,9.27,3.37,113.84,3,174.09,71.57,84.34,91.52,1259,Heavy Rain,No,Severe,87,"IPL Match at Chinnaswamy Stadium (RCB vs DC, 30,706 spectators). Heavy crowd movement on Infant Jesus Church Junction during peak match hours (20:00). Road DNA: 87. Reroute via Richmond Road flyover."
2025-03-12,20,3,Chinnaswamy Stadium Zone,Richmond Road,IPL Match: RCB vs LSG,29405,101106,12.43,2.72,110.13,2,144.79,63.84,74.62,92.66,2660,Heavy Rain,No,Severe,95,"IPL Match at Chinnaswamy Stadium (RCB vs LSG, 29,405 spectators). Heavy crowd movement on Richmond Road during peak match hours (20:00). Road DNA: 95. Reroute via Richmond Road flyover."
2025-05-03,19,5,Chinnaswamy Stadium Zone,Residency Road,IPL Match: RCB vs KKR,28981,98182,7.08,2.89,102.59,3,152.01,64.99,86.61,89.31,1534,Light Rain,No,Severe,94,"IPL Match at Chinnaswamy Stadium (RCB vs KKR, 28,981 spectators). Heavy crowd movement on Residency Road during peak match hours (19:00). Road DNA: 94. Reroute via Richmond Road flyover."
2025-05-07,21,5,Chinnaswamy Stadium Zone,MG Road,IPL Match: RCB vs LSG,32130,63337,17.21,2.15,75.72,1,187.04,60.34,73.21,94.38,1340,Thunderstorm,No,Medium,59,"IPL Match at Chinnaswamy Stadium (RCB vs LSG, 32,130 spectators). Heavy crowd movement on MG Road during peak match hours (21:00). Road DNA: 59. Reroute via Richmond Road flyover."
2025-04-12,23,4,Chinnaswamy Stadium Zone,Richmond Road,IPL Match: RCB vs GT,31324,106550,11.08,2.79,113.7,0,152.35,61.8,82.62,88.69,1484,Heavy Rain,No,Severe,87,"IPL Match at Chinnaswamy Stadium (RCB vs GT, 31,324 spectators). Heavy crowd movement on Richmond Road during peak match hours (23:00). Road DNA: 87. Reroute via Richmond Road flyover."
2025-03-02,21,3,Chinnaswamy Stadium Zone,Infant Jesus Church Junction,IPL Match: RCB vs RR,30134,85226,12.2,4.13,112.99,0,122.76,78.88,76.24,99.82,3000,Heavy Rain,Yes,Severe,85,"IPL Match at Chinnaswamy Stadium (RCB vs RR, 30,134 spectators). Heavy crowd movement on Infant Jesus Church Junction during peak match hours (21:00). Road DNA: 85. Reroute via Richmond Road flyover."
2025-04-15,16,4,Chinnaswamy Stadium Zone,Richmond Road,IPL Match: RCB vs MI,34958,67129,24.36,2.26,81.61,4,147.63,77.98,80.09,98.26,2374,Thunderstorm,No,Medium,55,"IPL Match at Chinnaswamy Stadium (RCB vs MI, 34,958 spectators). Heavy crowd movement on Richmond Road during peak match hours (16:00). Road DNA: 55. Reroute via Richmond Road flyover."
2025-03-01,19,3,Chinnaswamy Stadium Zone,Cubbon Road,IPL Match: RCB vs DC,30422,96579,8.92,2.92,97.16,4,179.52,65.32,86.0,87.96,2185,Clear,Yes,High,79,"IPL Match at Chinnaswamy Stadium (RCB vs DC, 30,422 spectators). Heavy crowd movement on Cubbon Road during peak match hours (19:00). Road DNA: 79. Reroute via Richmond Road flyover."
2025-04-08,21,4,Chinnaswamy Stadium Zone,Kasturba Road,IPL Match: RCB vs LSG,29920,65098,17.75,1.96,71.47,2,149.57,70.67,87.6,95.14,987,Clear,No,Medium,72,"IPL Match at Chinnaswamy Stadium (RCB vs LSG, 29,920 spectators). Heavy crowd movement on Kasturba Road during peak match hours (21:00). Road DNA: 72. Reroute via Richmond Road flyover."
2025-03-16,19,3,Chinnaswamy Stadium Zone,Residency Road,IPL Match: RCB vs SRH,30155,128311,12.14,4.45,104.24,4,153.22,82.0,74.73,94.42,3400,Light Rain,Yes,Severe,91,"IPL Match at Chinnaswamy Stadium (RCB vs SRH, 30,155 spectators). Heavy crowd movement on Residency Road during peak match hours (19:00). Road DNA: 91. Reroute via Richmond Road flyover."
2025-03-21,23,3,Chinnaswamy Stadium Zone,Richmond Road,IPL Match: RCB vs LSG,28216,109490,13.29,4.14,99.76,4,149.63,68.14,89.82,96.92,3255,Heavy Rain,Yes,Severe,80,"IPL Match at Chinnaswamy Stadium (RCB vs LSG, 28,216 spectators). Heavy crowd movement on Richmond Road during peak match hours (23:00). Road DNA: 80. Reroute via Richmond Road flyover."
2025-04-02,20,4,Chinnaswamy Stadium Zone,Infant Jesus Church Junction,IPL Match: RCB vs LSG,33764,96623,13.74,4.07,102.99,3,132.86,63.82,74.3,94.47,2571,Light Rain,No,Severe,79,"IPL Match at Chinnaswamy Stadium (RCB vs LSG, 33,764 spectators). Heavy crowd movement on Infant Jesus Church Junction during peak match hours (20:00). Road DNA: 79. Reroute via Richmond Road flyover."
2025-05-04,21,5,Chinnaswamy Stadium Zone,Richmond Road,IPL Match: RCB vs RR,34029,63424,19.49,2.16,78.7,4,144.14,79.65,84.69,88.71,3389,Clear,No,Medium,67,"IPL Match at Chinnaswamy Stadium (RCB vs RR, 34,029 spectators). Heavy crowd movement on Richmond Road during peak match hours (21:00). Road DNA: 67. Reroute via Richmond Road flyover."
2025-03-20,16,3,Chinnaswamy Stadium Zone,Cubbon Road,IPL Match: RCB vs CSK,28239,98547,13.6,3.96,110.92,4,172.32,77.64,85.21,89.03,2662,Heavy Rain,No,Severe,91,"IPL Match at Chinnaswamy Stadium (RCB vs CSK, 28,239 spectators). Heavy crowd movement on Cubbon Road during peak match hours (16:00). Road DNA: 91. Reroute via Richmond Road flyover."
2025-04-05,23,4,Chinnaswamy Stadium Zone,Kasturba Road,IPL Match: RCB vs CSK,32360,125281,9.02,2.93,102.55,2,175.86,67.1,84.61,85.37,1807,Clear,No,High,87,"IPL Match at Chinnaswamy Stadium (RCB vs CSK, 32,360 spectators). Heavy crowd movement on Kasturba Road during peak match hours (23:00). Road DNA: 87. Reroute via Richmond Road flyover."
2025-03-09,23,3,Chinnaswamy Stadium Zone,Cubbon Road,IPL Match: RCB vs RR,34425,117769,9.76,4.07,95.86,2,143.54,79.06,87.72,86.32,1704,Light Rain,No,Severe,95,"IPL Match at Chinnaswamy Stadium (RCB vs RR, 34,425 spectators). Heavy crowd movement on Cubbon Road during peak match hours (23:00). Road DNA: 95. Reroute via Richmond Road flyover."
2025-03-05,20,3,Chinnaswamy Stadium Zone,Infant Jesus Church Junction,IPL Match: RCB vs SRH,28710,121287,9.51,3.46,101.23,2,164.55,60.45,89.98,93.4,2629,Light Rain,No,Severe,95,"IPL Match at Chinnaswamy Stadium (RCB vs SRH, 28,710 spectators). Heavy crowd movement on Infant Jesus Church Junction during peak match hours (20:00). Road DNA: 95. Reroute via Richmond Road flyover."
2025-04-03,20,4,Chinnaswamy Stadium Zone,Cubbon Road,IPL Match: RCB vs LSG,33732,105294,12.67,3.31,103.59,4,176.2,74.67,89.03,95.78,1975,Light Rain,No,Severe,85,"IPL Match at Chinnaswamy Stadium (RCB vs LSG, 33,732 spectators). Heavy crowd movement on Cubbon Road during peak match hours (20:00). Road DNA: 85. Reroute via Richmond Road flyover."
2025-05-27,22,5,Chinnaswamy Stadium Zone,Residency Road,IPL Match: RCB vs LSG,29009,112108,8.76,3.63,94.47,1,185.09,81.81,70.81,96.97,2841,Clear,Yes,High,87,"IPL Match at Chinnaswamy Stadium (RCB vs LSG, 29,009 spectators). Heavy crowd movement on Residency Road during peak match hours (22:00). Road DNA: 87. Reroute via Richmond Road flyover."
2025-05-19,17,5,Chinnaswamy Stadium Zone,Residency Road,IPL Match: RCB vs DC,28399,121368,11.66,3.12,94.36,1,189.53,86.93,89.06,93.7,1689,Thunderstorm,Yes,High,93,"IPL Match at Chinnaswamy Stadium (RCB vs DC, 28,399 spectators). Heavy crowd movement on Residency Road during peak match hours (17:00). Road DNA: 93. Reroute via Richmond Road flyover."
2025-04-07,23,4,Chinnaswamy Stadium Zone,Infant Jesus Church Junction,IPL Match: RCB vs CSK,30387,98649,13.0,4.07,95.92,1,127.44,69.69,70.18,89.0,1858,Clear,Yes,High,82,"IPL Match at Chinnaswamy Stadium (RCB vs CSK, 30,387 spectators). Heavy crowd movement on Infant Jesus Church Junction during peak match hours (23:00). Road DNA: 82. Reroute via Richmond Road flyover."
2025-03-10,21,3,Chinnaswamy Stadium Zone,MG Road,IPL Match: RCB vs CSK,34169,77068,21.58,1.7,79.25,0,138.38,76.01,87.12,99.98,3164,Thunderstorm,No,Medium,73,"IPL Match at Chinnaswamy Stadium (RCB vs CSK, 34,169 spectators). Heavy crowd movement on MG Road during peak match hours (21:00). Road DNA: 73. Reroute via Richmond Road flyover."
2025-05-23,19,5,Chinnaswamy Stadium Zone,MG Road,IPL Match: RCB vs SRH,30319,97507,9.85,3.68,95.78,0,152.39,88.98,83.37,94.14,1792,Heavy Rain,Yes,Severe,85,"IPL Match at Chinnaswamy Stadium (RCB vs SRH, 30,319 spectators). Heavy crowd movement on MG Road during peak match hours (19:00). Road DNA: 85. Reroute via Richmond Road flyover."
2025-05-15,22,5,Chinnaswamy Stadium Zone,Residency Road,IPL Match: RCB vs CSK,29310,109614,11.47,3.56,109.68,2,175.23,62.58,87.26,85.48,2313,Thunderstorm,Yes,High,93,"IPL Match at Chinnaswamy Stadium (RCB vs CSK, 29,310 spectators). Heavy crowd movement on Residency Road during peak match hours (22:00). Road DNA: 93. Reroute via Richmond Road flyover."
2025-05-22,18,5,Chinnaswamy Stadium Zone,Richmond Road,IPL Match: RCB vs MI,33405,114823,10.53,4.44,92.22,0,165.34,76.75,75.47,94.85,3166,Light Rain,Yes,Severe,93,"IPL Match at Chinnaswamy Stadium (RCB vs MI, 33,405 spectators). Heavy crowd movement on Richmond Road during peak match hours (18:00). Road DNA: 93. Reroute via Richmond Road flyover."
2025-05-13,21,5,Chinnaswamy Stadium Zone,Residency Road,IPL Match: RCB vs MI,31808,61242,17.67,1.8,90.83,1,162.31,77.6,77.45,90.49,2409,Thunderstorm,No,Medium,72,"IPL Match at Chinnaswamy Stadium (RCB vs MI, 31,808 spectators). Heavy crowd movement on Residency Road during peak match hours (21:00). Road DNA: 72. Reroute via Richmond Road flyover."
2025-05-01,18,5,Chinnaswamy Stadium Zone,Kasturba Road,IPL Match: RCB vs CSK,31746,99091,13.97,4.31,103.72,1,166.6,72.15,82.62,95.33,3036,Clear,No,High,93,"IPL Match at Chinnaswamy Stadium (RCB vs CSK, 31,746 spectators). Heavy crowd movement on Kasturba Road during peak match hours (18:00). Road DNA: 93. Reroute via Richmond Road flyover."
2025-03-25,22,3,Chinnaswamy Stadium Zone,Kasturba Road,IPL Match: RCB vs LSG,32215,100814,6.8,3.9,106.27,4,140.12,87.18,83.44,90.95,3346,Thunderstorm,Yes,High,90,"IPL Match at Chinnaswamy Stadium (RCB vs LSG, 32,215 spectators). Heavy crowd movement on Kasturba Road during peak match hours (22:00). Road DNA: 90. Reroute via Richmond Road flyover."
2025-05-27,19,5,Chinnaswamy Stadium Zone,Kasturba Road,IPL Match: RCB vs RR,34374,104635,12.72,2.89,98.64,1,172.06,67.4,87.97,86.53,3205,Clear,Yes,High,85,"IPL Match at Chinnaswamy Stadium (RCB vs RR, 34,374 spectators). Heavy crowd movement on Kasturba Road during peak match hours (19:00). Road DNA: 85. Reroute via Richmond Road flyover."
2025-03-24,19,3,Chinnaswamy Stadium Zone,Residency Road,IPL Match: RCB vs DC,28837,123737,12.66,3.75,102.49,0,189.77,81.09,80.37,88.38,1389,Clear,Yes,High,79,"IPL Match at Chinnaswamy Stadium (RCB vs DC, 28,837 spectators). Heavy crowd movement on Residency Road during peak match hours (19:00). Road DNA: 79. Reroute via Richmond Road flyover."
2025-05-24,20,5,Chinnaswamy Stadium Zone,Infant Jesus Church Junction,IPL Match: RCB vs CSK,32484,56364,16.8,2.15,79.06,1,147.66,61.59,84.88,97.46,2331,Clear,Yes,Medium,61,"IPL Match at Chinnaswamy Stadium (RCB vs CSK, 32,484 spectators). Heavy crowd movement on Infant Jesus Church Junction during peak match hours (20:00). Road DNA: 61. Reroute via Richmond Road flyover."
2025-04-07,17,4,Chinnaswamy Stadium Zone,Kasturba Road,IPL Match: RCB vs GT,31541,111954,8.0,3.76,98.16,1,173.91,78.44,85.98,98.0,2128,Clear,Yes,High,87,"IPL Match at Chinnaswamy Stadium (RCB vs GT, 31,541 spectators). Heavy crowd movement on Kasturba Road during peak match hours (17:00). Road DNA: 87. Reroute via Richmond Road flyover."
2025-05-12,20,5,Chinnaswamy Stadium Zone,Kasturba Road,IPL Match: RCB vs CSK,32505,76020,19.97,1.86,85.15,1,131.84,80.49,76.19,91.9,2571,Thunderstorm,No,Medium,68,"IPL Match at Chinnaswamy Stadium (RCB vs CSK, 32,505 spectators). Heavy crowd movement on Kasturba Road during peak match hours (20:00). Road DNA: 68. Reroute via Richmond Road flyover."
2025-04-04,23,4,Chinnaswamy Stadium Zone,MG Road,IPL Match: RCB vs SRH,29700,105240,9.84,3.33,96.89,3,162.71,79.39,70.52,90.06,835,Light Rain,Yes,Severe,83,"IPL Match at Chinnaswamy Stadium (RCB vs SRH, 29,700 spectators). Heavy crowd movement on MG Road during peak match hours (23:00). Road DNA: 83. Reroute via Richmond Road flyover."
2025-05-09,21,5,Chinnaswamy Stadium Zone,Cubbon Road,IPL Match: RCB vs LSG,28027,72553,16.2,2.21,90.76,2,167.24,67.16,85.48,89.43,3388,Thunderstorm,No,Medium,66,"IPL Match at Chinnaswamy Stadium (RCB vs LSG, 28,027 spectators). Heavy crowd movement on Cubbon Road during peak match hours (21:00). Road DNA: 66. Reroute via Richmond Road flyover."
2025-03-27,19,3,Chinnaswamy Stadium Zone,Kasturba Road,IPL Match: RCB vs LSG,28977,101851,12.83,3.42,103.45,4,143.42,84.28,71.5,94.61,1942,Heavy Rain,No,Severe,84,"IPL Match at Chinnaswamy Stadium (RCB vs LSG, 28,977 spectators). Heavy crowd movement on Kasturba Road during peak match hours (19:00). Road DNA: 84. Reroute via Richmond Road flyover."
2025-03-26,22,3,Chinnaswamy Stadium Zone,MG Road,IPL Match: RCB vs RR,30075,124566,12.32,3.89,113.82,0,144.55,67.91,72.79,95.42,1849,Heavy Rain,No,Severe,87,"IPL Match at Chinnaswamy Stadium (RCB vs RR, 30,075 spectators). Heavy crowd movement on MG Road during peak match hours (22:00). Road DNA: 87. Reroute via Richmond Road flyover."
2025-03-25,23,3,Chinnaswamy Stadium Zone,Kasturba Road,IPL Match: RCB vs DC,33891,93691,12.56,2.7,106.13,2,153.26,78.92,87.27,99.49,979,Clear,No,High,93,"IPL Match at Chinnaswamy Stadium (RCB vs DC, 33,891 spectators). Heavy crowd movement on Kasturba Road during peak match hours (23:00). Road DNA: 93. Reroute via Richmond Road flyover."
2025-05-11,17,5,Chinnaswamy Stadium Zone,MG Road,IPL Match: RCB vs SRH,31472,109613,7.99,3.1,112.59,0,123.37,70.34,87.01,96.98,2050,Heavy Rain,No,Severe,95,"IPL Match at Chinnaswamy Stadium (RCB vs SRH, 31,472 spectators). Heavy crowd movement on MG Road during peak match hours (17:00). Road DNA: 95. Reroute via Richmond Road flyover."
2025-05-05,18,5,Chinnaswamy Stadium Zone,Kasturba Road,IPL Match: RCB vs CSK,30222,104299,10.42,3.49,98.58,4,178.85,65.67,87.9,96.34,2587,Clear,Yes,High,78,"IPL Match at Chinnaswamy Stadium (RCB vs CSK, 30,222 spectators). Heavy crowd movement on Kasturba Road during peak match hours (18:00). Road DNA: 78. Reroute via Richmond Road flyover."
2025-05-24,17,5,Chinnaswamy Stadium Zone,MG Road,IPL Match: RCB vs LSG,33870,89495,7.8,2.72,112.47,4,152.64,72.4,73.35,85.13,2976,Clear,Yes,High,79,"IPL Match at Chinnaswamy Stadium (RCB vs LSG, 33,870 spectators). Heavy crowd movement on MG Road during peak match hours (17:00). Road DNA: 79. Reroute via Richmond Road flyover."
2025-04-16,17,4,Chinnaswamy Stadium Zone,Cubbon Road,IPL Match: RCB vs DC,29116,112343,11.89,2.84,110.21,2,187.71,85.87,72.08,94.33,2169,Heavy Rain,Yes,Severe,78,"IPL Match at Chinnaswamy Stadium (RCB vs DC, 29,116 spectators). Heavy crowd movement on Cubbon Road during peak match hours (17:00). Road DNA: 78. Reroute via Richmond Road flyover."
2025-04-26,20,4,Chinnaswamy Stadium Zone,Kasturba Road,IPL Match: RCB vs RR,29356,63032,22.35,1.64,89.49,1,186.6,78.53,74.74,95.46,1065,Thunderstorm,No,Medium,57,"IPL Match at Chinnaswamy Stadium (RCB vs RR, 29,356 spectators). Heavy crowd movement on Kasturba Road during peak match hours (20:00). Road DNA: 57. Reroute via Richmond Road flyover."
2025-05-16,20,5,Chinnaswamy Stadium Zone,Infant Jesus Church Junction,IPL Match: RCB vs SRH,28841,122871,9.86,3.71,96.76,4,127.62,89.96,84.4,87.4,2049,Heavy Rain,Yes,Severe,87,"IPL Match at Chinnaswamy Stadium (RCB vs SRH, 28,841 spectators). Heavy crowd movement on Infant Jesus Church Junction during peak match hours (20:00). Road DNA: 87. Reroute via Richmond Road flyover."
2025-05-05,22,5,Chinnaswamy Stadium Zone,Cubbon Road,IPL Match: RCB vs RR,28283,87543,9.92,4.25,102.96,4,169.99,80.71,82.22,88.44,1527,Clear,Yes,High,81,"IPL Match at Chinnaswamy Stadium (RCB vs RR, 28,283 spectators). Heavy crowd movement on Cubbon Road during peak match hours (22:00). Road DNA: 81. Reroute via Richmond Road flyover."
2025-04-28,17,4,Chinnaswamy Stadium Zone,Infant Jesus Church Junction,IPL Match: RCB vs SRH,28217,129793,11.17,3.1,98.32,4,156.68,78.58,85.91,90.58,2805,Thunderstorm,Yes,High,95,"IPL Match at Chinnaswamy Stadium (RCB vs SRH, 28,217 spectators). Heavy crowd movement on Infant Jesus Church Junction during peak match hours (17:00). Road DNA: 95. Reroute via Richmond Road flyover."
2025-05-04,22,5,Chinnaswamy Stadium Zone,Infant Jesus Church Junction,IPL Match: RCB vs RR,31978,118858,7.34,3.92,103.77,4,141.42,75.11,71.18,90.56,1282,Thunderstorm,Yes,High,92,"IPL Match at Chinnaswamy Stadium (RCB vs RR, 31,978 spectators). Heavy crowd movement on Infant Jesus Church Junction during peak match hours (22:00). Road DNA: 92. Reroute via Richmond Road flyover."
2025-03-10,21,3,Chinnaswamy Stadium Zone,Kasturba Road,IPL Match: RCB vs GT,29015,109451,13.08,3.73,95.47,1,121.42,80.65,85.77,96.35,1796,Light Rain,Yes,Severe,84,"IPL Match at Chinnaswamy Stadium (RCB vs GT, 29,015 spectators). Heavy crowd movement on Kasturba Road during peak match hours (21:00). Road DNA: 84. Reroute via Richmond Road flyover."
2025-05-25,21,5,Chinnaswamy Stadium Zone,Kasturba Road,IPL Match: RCB vs GT,31454,93388,7.67,2.53,93.23,4,170.66,63.69,87.34,90.29,2509,Light Rain,No,Severe,83,"IPL Match at Chinnaswamy Stadium (RCB vs GT, 31,454 spectators). Heavy crowd movement on Kasturba Road during peak match hours (21:00). Road DNA: 83. Reroute via Richmond Road flyover."
2025-05-02,19,5,Chinnaswamy Stadium Zone,Richmond Road,IPL Match: RCB vs GT,30748,89197,9.23,2.88,106.84,3,181.61,89.4,74.78,94.33,2870,Thunderstorm,Yes,High,90,"IPL Match at Chinnaswamy Stadium (RCB vs GT, 30,748 spectators). Heavy crowd movement on Richmond Road during peak match hours (19:00). Road DNA: 90. Reroute via Richmond Road flyover."
2025-05-17,20,5,Chinnaswamy Stadium Zone,Richmond Road,IPL Match: RCB vs CSK,30282,76558,22.32,1.82,72.96,1,158.21,74.79,82.11,92.55,2700,Thunderstorm,Yes,Medium,60,"IPL Match at Chinnaswamy Stadium (RCB vs CSK, 30,282 spectators). Heavy crowd movement on Richmond Road during peak match hours (20:00). Road DNA: 60. Reroute via Richmond Road flyover."
2025-05-22,19,5,Chinnaswamy Stadium Zone,Infant Jesus Church Junction,IPL Match: RCB vs SRH,29436,109712,10.02,4.18,96.13,0,171.85,65.25,86.43,85.92,913,Light Rain,No,Severe,91,"IPL Match at Chinnaswamy Stadium (RCB vs SRH, 29,436 spectators). Heavy crowd movement on Infant Jesus Church Junction during peak match hours (19:00). Road DNA: 91. Reroute via Richmond Road flyover."
2025-03-14,23,3,Chinnaswamy Stadium Zone,Infant Jesus Church Junction,IPL Match: RCB vs KKR,32547,93716,11.57,2.7,113.8,4,155.44,84.19,77.11,92.24,1117,Light Rain,Yes,Severe,81,"IPL Match at Chinnaswamy Stadium (RCB vs KKR, 32,547 spectators). Heavy crowd movement on Infant Jesus Church Junction during peak match hours (23:00). Road DNA: 81. Reroute via Richmond Road flyover."
2025-03-02,20,3,Chinnaswamy Stadium Zone,Residency Road,IPL Match: RCB vs LSG,30499,91951,9.07,3.39,104.21,3,163.85,70.13,79.47,97.55,2246,Heavy Rain,Yes,Severe,82,"IPL Match at Chinnaswamy Stadium (RCB vs LSG, 30,499 spectators). Heavy crowd movement on Residency Road during peak match hours (20:00). Road DNA: 82. Reroute via Richmond Road flyover."
2025-03-18,23,3,Chinnaswamy Stadium Zone,Infant Jesus Church Junction,IPL Match: RCB vs GT,29628,111163,6.94,3.95,99.35,1,173.29,80.84,83.72,90.63,1345,Clear,No,High,82,"IPL Match at Chinnaswamy Stadium (RCB vs GT, 29,628 spectators). Heavy crowd movement on Infant Jesus Church Junction during peak match hours (23:00). Road DNA: 82. Reroute via Richmond Road flyover."
2025-05-18,16,5,Chinnaswamy Stadium Zone,Residency Road,IPL Match: RCB vs SRH,29030,75694,16.23,2.36,71.88,1,164.98,70.43,82.34,92.94,1824,Thunderstorm,No,Medium,61,"IPL Match at Chinnaswamy Stadium (RCB vs SRH, 29,030 spectators). Heavy crowd movement on Residency Road during peak match hours (16:00). Road DNA: 61. Reroute via Richmond Road flyover."
2025-04-22,22,4,Chinnaswamy Stadium Zone,Cubbon Road,IPL Match: RCB vs LSG,28258,118783,13.23,3.78,101.41,2,122.16,66.13,87.6,85.13,1067,Light Rain,No,Severe,93,"IPL Match at Chinnaswamy Stadium (RCB vs LSG, 28,258 spectators). Heavy crowd movement on Cubbon Road during peak match hours (22:00). Road DNA: 93. Reroute via Richmond Road flyover."
2025-05-20,18,5,Chinnaswamy Stadium Zone,Cubbon Road,IPL Match: RCB vs GT,28295,114316,9.63,3.27,104.44,1,134.87,89.23,79.85,85.08,1603,Light Rain,Yes,Severe,92,"IPL Match at Chinnaswamy Stadium (RCB vs GT, 28,295 spectators). Heavy crowd movement on Cubbon Road during peak match hours (18:00). Road DNA: 92. Reroute via Richmond Road flyover."
2025-05-01,16,5,Chinnaswamy Stadium Zone,Cubbon Road,IPL Match: RCB vs RR,34639,126239,9.34,4.23,98.14,1,175.22,76.77,81.56,95.96,2863,Light Rain,No,Severe,84,"IPL Match at Chinnaswamy Stadium (RCB vs RR, 34,639 spectators). Heavy crowd movement on Cubbon Road during peak match hours (16:00). Road DNA: 84. Reroute via Richmond Road flyover."
2025-04-09,21,4,Chinnaswamy Stadium Zone,Richmond Road,IPL Match: RCB vs RR,28579,126333,12.29,4.25,101.51,3,134.35,76.79,87.94,91.84,2934,Light Rain,No,Severe,84,"IPL Match at Chinnaswamy Stadium (RCB vs RR, 28,579 spectators). Heavy crowd movement on Richmond Road during peak match hours (21:00). Road DNA: 84. Reroute via Richmond Road flyover."
2025-04-06,20,4,Chinnaswamy Stadium Zone,Kasturba Road,IPL Match: RCB vs KKR,28064,70466,20.86,1.61,86.75,0,133.72,73.02,83.51,99.68,2226,Thunderstorm,Yes,Medium,70,"IPL Match at Chinnaswamy Stadium (RCB vs KKR, 28,064 spectators). Heavy crowd movement on Kasturba Road during peak match hours (20:00). Road DNA: 70. Reroute via Richmond Road flyover."
2025-04-15,19,4,Chinnaswamy Stadium Zone,Infant Jesus Church Junction,IPL Match: RCB vs RR,30456,99426,8.47,2.85,104.38,1,136.69,64.47,81.3,89.69,2105,Thunderstorm,Yes,High,90,"IPL Match at Chinnaswamy Stadium (RCB vs RR, 30,456 spectators). Heavy crowd movement on Infant Jesus Church Junction during peak match hours (19:00). Road DNA: 90. Reroute via Richmond Road flyover."
2025-04-26,23,4,Chinnaswamy Stadium Zone,Cubbon Road,IPL Match: RCB vs GT,31002,110557,11.38,4.14,100.65,3,131.15,86.16,75.59,90.86,2751,Heavy Rain,Yes,Severe,93,"IPL Match at Chinnaswamy Stadium (RCB vs GT, 31,002 spectators). Heavy crowd movement on Cubbon Road during peak match hours (23:00). Road DNA: 93. Reroute via Richmond Road flyover."
2025-05-16,23,5,Chinnaswamy Stadium Zone,Kasturba Road,IPL Match: RCB vs LSG,30416,129475,13.19,2.74,95.01,1,146.19,72.85,77.56,95.3,3022,Clear,Yes,High,80,"IPL Match at Chinnaswamy Stadium (RCB vs LSG, 30,416 spectators). Heavy crowd movement on Kasturba Road during peak match hours (23:00). Road DNA: 80. Reroute via Richmond Road flyover."
2025-03-19,18,3,Chinnaswamy Stadium Zone,Residency Road,IPL Match: RCB vs RR,31109,125090,12.61,2.81,104.01,2,139.21,82.1,87.55,94.33,2734,Clear,Yes,High,87,"IPL Match at Chinnaswamy Stadium (RCB vs RR, 31,109 spectators). Heavy crowd movement on Residency Road during peak match hours (18:00). Road DNA: 87. Reroute via Richmond Road flyover."
2025-03-02,22,3,Chinnaswamy Stadium Zone,Kasturba Road,IPL Match: RCB vs LSG,31991,109691,8.95,2.8,114.63,4,173.29,82.99,77.25,94.1,1222,Thunderstorm,Yes,High,85,"IPL Match at Chinnaswamy Stadium (RCB vs LSG, 31,991 spectators). Heavy crowd movement on Kasturba Road during peak match hours (22:00). Road DNA: 85. Reroute via Richmond Road flyover."
2025-05-24,16,5,Chinnaswamy Stadium Zone,Infant Jesus Church Junction,IPL Match: RCB vs CSK,28007,87673,7.78,2.87,105.53,0,140.19,75.0,82.9,88.24,2154,Light Rain,No,Severe,88,"IPL Match at Chinnaswamy Stadium (RCB vs CSK, 28,007 spectators). Heavy crowd movement on Infant Jesus Church Junction during peak match hours (16:00). Road DNA: 88. Reroute via Richmond Road flyover."
2025-05-22,17,5,Chinnaswamy Stadium Zone,Residency Road,IPL Match: RCB vs RR,33865,91415,12.99,3.35,110.9,1,174.25,75.13,81.89,91.62,2751,Clear,No,High,82,"IPL Match at Chinnaswamy Stadium (RCB vs RR, 33,865 spectators). Heavy crowd movement on Residency Road during peak match hours (17:00). Road DNA: 82. Reroute via Richmond Road flyover."
2025-03-08,16,3,Chinnaswamy Stadium Zone,Richmond Road,IPL Match: RCB vs RR,29268,127541,9.09,2.84,94.35,3,137.3,77.54,85.91,87.91,2309,Light Rain,Yes,Severe,82,"IPL Match at Chinnaswamy Stadium (RCB vs RR, 29,268 spectators). Heavy crowd movement on Richmond Road during peak match hours (16:00). Road DNA: 82. Reroute via Richmond Road flyover."
2025-05-16,21,5,Chinnaswamy Stadium Zone,Richmond Road,IPL Match: RCB vs SRH,28520,97765,8.42,3.09,93.22,0,172.92,89.29,79.27,87.8,2534,Light Rain,No,Severe,93,"IPL Match at Chinnaswamy Stadium (RCB vs SRH, 28,520 spectators). Heavy crowd movement on Richmond Road during peak match hours (21:00). Road DNA: 93. Reroute via Richmond Road flyover."
2025-03-02,21,3,Chinnaswamy Stadium Zone,MG Road,IPL Match: RCB vs KKR,34318,92917,8.94,2.78,96.72,3,169.23,61.02,86.18,87.39,2810,Heavy Rain,Yes,Severe,79,"IPL Match at Chinnaswamy Stadium (RCB vs KKR, 34,318 spectators). Heavy crowd movement on MG Road during peak match hours (21:00). Road DNA: 79. Reroute via Richmond Road flyover."
2025-03-14,21,3,Chinnaswamy Stadium Zone,Kasturba Road,IPL Match: RCB vs GT,29212,110838,7.81,3.31,94.58,1,175.97,76.27,72.04,98.3,3319,Heavy Rain,Yes,Severe,94,"IPL Match at Chinnaswamy Stadium (RCB vs GT, 29,212 spectators). Heavy crowd movement on Kasturba Road during peak match hours (21:00). Road DNA: 94. Reroute via Richmond Road flyover."
2025-03-09,20,3,Chinnaswamy Stadium Zone,Richmond Road,IPL Match: RCB vs KKR,33002,75911,19.1,1.99,90.54,2,153.32,80.87,88.31,88.18,1150,Thunderstorm,Yes,Medium,61,"IPL Match at Chinnaswamy Stadium (RCB vs KKR, 33,002 spectators). Heavy crowd movement on Richmond Road during peak match hours (20:00). Road DNA: 61. Reroute via Richmond Road flyover."
2025-03-01,16,3,Chinnaswamy Stadium Zone,MG Road,IPL Match: RCB vs LSG,28056,61243,16.5,1.81,81.24,4,127.35,88.05,89.59,96.67,2744,Clear,Yes,Medium,71,"IPL Match at Chinnaswamy Stadium (RCB vs LSG, 28,056 spectators). Heavy crowd movement on MG Road during peak match hours (16:00). Road DNA: 71. Reroute via Richmond Road flyover."
2025-05-11,18,5,Chinnaswamy Stadium Zone,MG Road,IPL Match: RCB vs SRH,32594,108993,12.86,2.93,113.19,3,188.0,81.63,83.96,97.69,3347,Light Rain,No,Severe,84,"IPL Match at Chinnaswamy Stadium (RCB vs SRH, 32,594 spectators). Heavy crowd movement on MG Road during peak match hours (18:00). Road DNA: 84. Reroute via Richmond Road flyover."
2025-05-03,17,5,Chinnaswamy Stadium Zone,Cubbon Road,IPL Match: RCB vs RR,30354,105749,10.66,2.85,102.8,4,181.29,67.04,70.39,85.11,2435,Light Rain,No,Severe,87,"IPL Match at Chinnaswamy Stadium (RCB vs RR, 30,354 spectators). Heavy crowd movement on Cubbon Road during peak match hours (17:00). Road DNA: 87. Reroute via Richmond Road flyover."
2025-03-06,19,3,Chinnaswamy Stadium Zone,Kasturba Road,IPL Match: RCB vs GT,32263,122468,10.14,3.03,98.29,0,133.56,84.23,74.02,95.35,3439,Thunderstorm,No,High,79,"IPL Match at Chinnaswamy Stadium (RCB vs GT, 32,263 spectators). Heavy crowd movement on Kasturba Road during peak match hours (19:00). Road DNA: 79. Reroute via Richmond Road flyover."
2025-05-12,16,5,Chinnaswamy Stadium Zone,MG Road,IPL Match: RCB vs DC,28478,75965,18.61,2.37,90.86,3,158.72,88.66,89.0,88.19,1656,Clear,Yes,Medium,74,"IPL Match at Chinnaswamy Stadium (RCB vs DC, 28,478 spectators). Heavy crowd movement on MG Road during peak match hours (16:00). Road DNA: 74. Reroute via Richmond Road flyover."
2025-03-05,20,3,Chinnaswamy Stadium Zone,Residency Road,IPL Match: RCB vs GT,30982,128606,6.6,2.53,99.07,4,133.12,71.75,70.94,92.88,1476,Heavy Rain,No,Severe,94,"IPL Match at Chinnaswamy Stadium (RCB vs GT, 30,982 spectators). Heavy crowd movement on Residency Road during peak match hours (20:00). Road DNA: 94. Reroute via Richmond Road flyover."
2025-05-04,16,5,Chinnaswamy Stadium Zone,Richmond Road,IPL Match: RCB vs SRH,28399,94116,12.11,2.93,100.2,4,132.85,67.68,80.38,95.13,1557,Light Rain,Yes,Severe,92,"IPL Match at Chinnaswamy Stadium (RCB vs SRH, 28,399 spectators). Heavy crowd movement on Richmond Road during peak match hours (16:00). Road DNA: 92. Reroute via Richmond Road flyover."
2025-05-23,17,5,Chinnaswamy Stadium Zone,MG Road,IPL Match: RCB vs GT,31856,112826,11.47,3.81,110.87,4,156.51,62.55,84.37,93.76,2403,Clear,No,High,82,"IPL Match at Chinnaswamy Stadium (RCB vs GT, 31,856 spectators). Heavy crowd movement on MG Road during peak match hours (17:00). Road DNA: 82. Reroute via Richmond Road flyover."
2025-04-03,19,4,Chinnaswamy Stadium Zone,MG Road,IPL Match: RCB vs CSK,28211,120557,12.64,3.04,107.83,2,131.46,60.72,86.56,97.98,1427,Thunderstorm,Yes,High,95,"IPL Match at Chinnaswamy Stadium (RCB vs CSK, 28,211 spectators). Heavy crowd movement on MG Road during peak match hours (19:00). Road DNA: 95. Reroute via Richmond Road flyover."
2025-04-16,16,4,Chinnaswamy Stadium Zone,Richmond Road,IPL Match: RCB vs RR,33616,63985,24.69,1.92,85.23,1,126.45,83.28,76.56,90.77,949,Clear,Yes,Medium,64,"IPL Match at Chinnaswamy Stadium (RCB vs RR, 33,616 spectators). Heavy crowd movement on Richmond Road during peak match hours (16:00). Road DNA: 64. Reroute via Richmond Road flyover."
2025-03-28,18,3,Chinnaswamy Stadium Zone,Kasturba Road,IPL Match: RCB vs DC,33616,111563,8.52,4.0,114.7,4,136.82,64.46,77.29,94.4,2604,Heavy Rain,No,Severe,90,"IPL Match at Chinnaswamy Stadium (RCB vs DC, 33,616 spectators). Heavy crowd movement on Kasturba Road during peak match hours (18:00). Road DNA: 90. Reroute via Richmond Road flyover."
2025-05-17,16,5,Chinnaswamy Stadium Zone,Kasturba Road,IPL Match: RCB vs DC,29020,77213,21.78,2.02,79.95,4,155.91,78.12,72.85,88.82,910,Thunderstorm,No,Medium,60,"IPL Match at Chinnaswamy Stadium (RCB vs DC, 29,020 spectators). Heavy crowd movement on Kasturba Road during peak match hours (16:00). Road DNA: 60. Reroute via Richmond Road flyover."
2025-03-03,22,3,Chinnaswamy Stadium Zone,MG Road,IPL Match: RCB vs KKR,28128,129708,7.94,4.01,99.15,0,142.27,79.69,77.79,88.85,1642,Clear,Yes,High,86,"IPL Match at Chinnaswamy Stadium (RCB vs KKR, 28,128 spectators). Heavy crowd movement on MG Road during peak match hours (22:00). Road DNA: 86. Reroute via Richmond Road flyover."
2025-03-08,22,3,Chinnaswamy Stadium Zone,Residency Road,IPL Match: RCB vs RR,31616,117753,9.76,3.77,111.14,3,162.84,74.96,74.39,87.77,3072,Heavy Rain,Yes,Severe,85,"IPL Match at Chinnaswamy Stadium (RCB vs RR, 31,616 spectators). Heavy crowd movement on Residency Road during peak match hours (22:00). Road DNA: 85. Reroute via Richmond Road flyover."
2025-03-11,16,3,Chinnaswamy Stadium Zone,Kasturba Road,IPL Match: RCB vs KKR,33243,70530,23.45,1.64,85.86,0,134.86,82.21,85.05,98.94,1802,Clear,No,Medium,62,"IPL Match at Chinnaswamy Stadium (RCB vs KKR, 33,243 spectators). Heavy crowd movement on Kasturba Road during peak match hours (16:00). Road DNA: 62. Reroute via Richmond Road flyover."
2025-05-26,21,5,Chinnaswamy Stadium Zone,Cubbon Road,IPL Match: RCB vs MI,29595,56991,21.28,1.72,80.24,1,179.58,78.36,84.87,89.93,3497,Thunderstorm,Yes,Medium,72,"IPL Match at Chinnaswamy Stadium (RCB vs MI, 29,595 spectators). Heavy crowd movement on Cubbon Road during peak match hours (21:00). Road DNA: 72. Reroute via Richmond Road flyover."
2025-04-14,16,4,Chinnaswamy Stadium Zone,Residency Road,IPL Match: RCB vs RR,30959,55341,23.82,1.74,71.69,1,124.66,79.99,70.14,91.92,1393,Clear,No,Medium,67,"IPL Match at Chinnaswamy Stadium (RCB vs RR, 30,959 spectators). Heavy crowd movement on Residency Road during peak match hours (16:00). Road DNA: 67. Reroute via Richmond Road flyover."
2025-04-20,22,4,Chinnaswamy Stadium Zone,Residency Road,IPL Match: RCB vs CSK,32123,85141,9.25,3.38,112.15,1,139.58,69.93,88.41,89.11,1325,Light Rain,Yes,Severe,78,"IPL Match at Chinnaswamy Stadium (RCB vs CSK, 32,123 spectators). Heavy crowd movement on Residency Road during peak match hours (22:00). Road DNA: 78. Reroute via Richmond Road flyover."
2025-05-01,21,5,Chinnaswamy Stadium Zone,Cubbon Road,IPL Match: RCB vs GT,29406,86512,7.85,3.42,101.75,1,150.23,60.37,83.85,97.71,2719,Heavy Rain,No,Severe,91,"IPL Match at Chinnaswamy Stadium (RCB vs GT, 29,406 spectators). Heavy crowd movement on Cubbon Road during peak match hours (21:00). Road DNA: 91. Reroute via Richmond Road flyover."
2025-03-21,22,3,Chinnaswamy Stadium Zone,Residency Road,IPL Match: RCB vs RR,33797,87525,12.58,3.53,108.22,3,162.87,84.27,77.02,87.34,1217,Heavy Rain,No,Severe,95,"IPL Match at Chinnaswamy Stadium (RCB vs RR, 33,797 spectators). Heavy crowd movement on Residency Road during peak match hours (22:00). Road DNA: 95. Reroute via Richmond Road flyover."
2025-03-27,22,3,Chinnaswamy Stadium Zone,Kasturba Road,IPL Match: RCB vs KKR,31082,127740,11.36,4.0,104.86,1,137.55,72.93,80.91,87.72,2749,Light Rain,Yes,Severe,81,"IPL Match at Chinnaswamy Stadium (RCB vs KKR, 31,082 spectators). Heavy crowd movement on Kasturba Road during peak match hours (22:00). Road DNA: 81. Reroute via Richmond Road flyover."
2025-05-08,19,5,Chinnaswamy Stadium Zone,Infant Jesus Church Junction,IPL Match: RCB vs CSK,28046,107097,11.45,4.02,100.36,0,130.15,69.83,83.51,92.78,1759,Clear,Yes,High,79,"IPL Match at Chinnaswamy Stadium (RCB vs CSK, 28,046 spectators). Heavy crowd movement on Infant Jesus Church Junction during peak match hours (19:00). Road DNA: 79. Reroute via Richmond Road flyover."
2025-04-23,23,4,Chinnaswamy Stadium Zone,Kasturba Road,IPL Match: RCB vs LSG,29476,111684,10.05,3.57,112.79,0,186.59,72.26,79.78,96.31,2411,Clear,Yes,High,86,"IPL Match at Chinnaswamy Stadium (RCB vs LSG, 29,476 spectators). Heavy crowd movement on Kasturba Road during peak match hours (23:00). Road DNA: 86. Reroute via Richmond Road flyover."
2025-03-28,22,3,Chinnaswamy Stadium Zone,MG Road,IPL Match: RCB vs SRH,29937,113928,13.18,4.27,111.5,4,136.29,67.92,75.2,94.25,879,Light Rain,Yes,Severe,89,"IPL Match at Chinnaswamy Stadium (RCB vs SRH, 29,937 spectators). Heavy crowd movement on MG Road during peak match hours (22:00). Road DNA: 89. Reroute via Richmond Road flyover."
2025-05-11,21,5,Chinnaswamy Stadium Zone,Residency Road,IPL Match: RCB vs RR,32154,68346,22.31,2.15,88.35,4,142.42,82.9,81.61,85.23,1804,Thunderstorm,No,Medium,61,"IPL Match at Chinnaswamy Stadium (RCB vs RR, 32,154 spectators). Heavy crowd movement on Residency Road during peak match hours (21:00). Road DNA: 61. Reroute via Richmond Road flyover."
2025-04-15,16,4,Chinnaswamy Stadium Zone,Cubbon Road,IPL Match: RCB vs GT,34815,65561,18.06,2.02,87.15,0,154.73,72.82,86.26,95.34,3445,Clear,Yes,Medium,68,"IPL Match at Chinnaswamy Stadium (RCB vs GT, 34,815 spectators). Heavy crowd movement on Cubbon Road during peak match hours (16:00). Road DNA: 68. Reroute via Richmond Road flyover."
2025-05-14,20,5,Chinnaswamy Stadium Zone,Infant Jesus Church Junction,IPL Match: RCB vs MI,30746,80373,24.57,1.89,83.13,3,162.65,79.07,83.03,95.02,3490,Clear,No,Medium,64,"IPL Match at Chinnaswamy Stadium (RCB vs MI, 30,746 spectators). Heavy crowd movement on Infant Jesus Church Junction during peak match hours (20:00). Road DNA: 64. Reroute via Richmond Road flyover."
2025-04-18,20,4,Chinnaswamy Stadium Zone,Cubbon Road,IPL Match: RCB vs SRH,34146,70777,16.05,2.29,75.71,2,173.0,66.71,80.47,99.21,3390,Thunderstorm,No,Medium,55,"IPL Match at Chinnaswamy Stadium (RCB vs SRH, 34,146 spectators). Heavy crowd movement on Cubbon Road during peak match hours (20:00). Road DNA: 55. Reroute via Richmond Road flyover."
2025-04-06,18,4,Chinnaswamy Stadium Zone,Residency Road,IPL Match: RCB vs SRH,31221,127502,13.99,3.85,113.75,0,142.33,70.37,89.02,95.99,898,Thunderstorm,Yes,High,88,"IPL Match at Chinnaswamy Stadium (RCB vs SRH, 31,221 spectators). Heavy crowd movement on Residency Road during peak match hours (18:00). Road DNA: 88. Reroute via Richmond Road flyover."
2025-04-24,16,4,Chinnaswamy Stadium Zone,Richmond Road,IPL Match: RCB vs LSG,28920,60925,18.59,2.08,90.68,4,126.27,69.5,81.41,99.18,3322,Clear,Yes,Medium,60,"IPL Match at Chinnaswamy Stadium (RCB vs LSG, 28,920 spectators). Heavy crowd movement on Richmond Road during peak match hours (16:00). Road DNA: 60. Reroute via Richmond Road flyover."
2025-05-03,22,5,Chinnaswamy Stadium Zone,Kasturba Road,IPL Match: RCB vs LSG,33336,106533,11.27,3.28,114.18,3,140.88,85.6,85.69,91.72,1797,Heavy Rain,Yes,Severe,81,"IPL Match at Chinnaswamy Stadium (RCB vs LSG, 33,336 spectators). Heavy crowd movement on Kasturba Road during peak match hours (22:00). Road DNA: 81. Reroute via Richmond Road flyover."
2025-05-16,20,5,Chinnaswamy Stadium Zone,Residency Road,IPL Match: RCB vs KKR,29147,107709,7.49,3.32,96.36,0,175.91,86.18,84.82,87.34,1600,Light Rain,Yes,Severe,92,"IPL Match at Chinnaswamy Stadium (RCB vs KKR, 29,147 spectators). Heavy crowd movement on Residency Road during peak match hours (20:00). Road DNA: 92. Reroute via Richmond Road flyover."
2025-04-05,16,4,Chinnaswamy Stadium Zone,Richmond Road,IPL Match: RCB vs GT,34094,97360,13.99,2.83,106.95,0,165.48,64.03,77.5,86.91,1943,Heavy Rain,No,Severe,81,"IPL Match at Chinnaswamy Stadium (RCB vs GT, 34,094 spectators). Heavy crowd movement on Richmond Road during peak match hours (16:00). Road DNA: 81. Reroute via Richmond Road flyover."
2025-05-06,16,5,Chinnaswamy Stadium Zone,Cubbon Road,IPL Match: RCB vs KKR,32645,64434,23.22,1.69,71.99,1,120.68,75.2,88.42,98.08,2202,Thunderstorm,Yes,Medium,58,"IPL Match at Chinnaswamy Stadium (RCB vs KKR, 32,645 spectators). Heavy crowd movement on Cubbon Road during peak match hours (16:00). Road DNA: 58. Reroute via Richmond Road flyover."
2025-03-12,23,3,Chinnaswamy Stadium Zone,MG Road,IPL Match: RCB vs CSK,31129,95096,6.81,4.33,93.46,0,179.18,88.05,73.84,97.47,2056,Thunderstorm,No,High,93,"IPL Match at Chinnaswamy Stadium (RCB vs CSK, 31,129 spectators). Heavy crowd movement on MG Road during peak match hours (23:00). Road DNA: 93. Reroute via Richmond Road flyover."
2025-03-12,20,3,Chinnaswamy Stadium Zone,Kasturba Road,IPL Match: RCB vs GT,34417,111280,13.32,3.26,98.48,3,170.52,68.53,79.75,97.11,2771,Heavy Rain,Yes,Severe,82,"IPL Match at Chinnaswamy Stadium (RCB vs GT, 34,417 spectators). Heavy crowd movement on Kasturba Road during peak match hours (20:00). Road DNA: 82. Reroute via Richmond Road flyover."
2025-05-07,20,5,Chinnaswamy Stadium Zone,MG Road,IPL Match: RCB vs KKR,28655,86068,7.85,3.61,98.72,0,148.69,89.03,89.11,95.34,1048,Heavy Rain,No,Severe,85,"IPL Match at Chinnaswamy Stadium (RCB vs KKR, 28,655 spectators). Heavy crowd movement on MG Road during peak match hours (20:00). Road DNA: 85. Reroute via Richmond Road flyover."
2025-05-02,19,5,Chinnaswamy Stadium Zone,Infant Jesus Church Junction,IPL Match: RCB vs GT,32647,93083,12.02,3.44,92.1,4,147.03,81.75,85.73,98.57,2854,Heavy Rain,Yes,Severe,81,"IPL Match at Chinnaswamy Stadium (RCB vs GT, 32,647 spectators). Heavy crowd movement on Infant Jesus Church Junction during peak match hours (19:00). Road DNA: 81. Reroute via Richmond Road flyover."
2025-05-08,16,5,Chinnaswamy Stadium Zone,Kasturba Road,IPL Match: RCB vs SRH,34052,57565,19.13,1.79,76.51,2,144.41,72.6,78.17,90.12,1536,Thunderstorm,Yes,Medium,72,"IPL Match at Chinnaswamy Stadium (RCB vs SRH, 34,052 spectators). Heavy crowd movement on Kasturba Road during peak match hours (16:00). Road DNA: 72. Reroute via Richmond Road flyover."
2025-04-19,21,4,Chinnaswamy Stadium Zone,Cubbon Road,IPL Match: RCB vs CSK,33288,60023,19.43,1.63,76.2,2,151.28,73.92,83.81,86.0,1885,Thunderstorm,No,Medium,55,"IPL Match at Chinnaswamy Stadium (RCB vs CSK, 33,288 spectators). Heavy crowd movement on Cubbon Road during peak match hours (21:00). Road DNA: 55. Reroute via Richmond Road flyover."
2025-05-22,21,5,Chinnaswamy Stadium Zone,Richmond Road,IPL Match: RCB vs DC,34308,104542,13.0,4.25,114.35,3,179.74,81.95,78.67,88.61,1168,Light Rain,No,Severe,87,"IPL Match at Chinnaswamy Stadium (RCB vs DC, 34,308 spectators). Heavy crowd movement on Richmond Road during peak match hours (21:00). Road DNA: 87. Reroute via Richmond Road flyover."
2025-03-14,19,3,Chinnaswamy Stadium Zone,Cubbon Road,IPL Match: RCB vs DC,33247,97091,8.31,3.15,99.51,1,149.16,83.89,88.07,99.99,1156,Light Rain,No,Severe,86,"IPL Match at Chinnaswamy Stadium (RCB vs DC, 33,247 spectators). Heavy crowd movement on Cubbon Road during peak match hours (19:00). Road DNA: 86. Reroute via Richmond Road flyover."
2025-05-23,18,5,Chinnaswamy Stadium Zone,Kasturba Road,IPL Match: RCB vs RR,34634,128336,7.53,4.19,110.11,1,144.6,86.92,83.82,90.88,1815,Light Rain,No,Severe,85,"IPL Match at Chinnaswamy Stadium (RCB vs RR, 34,634 spectators). Heavy crowd movement on Kasturba Road during peak match hours (18:00). Road DNA: 85. Reroute via Richmond Road flyover."
2025-03-22,21,3,Chinnaswamy Stadium Zone,Kasturba Road,IPL Match: RCB vs SRH,28633,61143,23.88,2.19,81.52,3,168.12,69.01,84.87,91.9,2624,Clear,Yes,Medium,71,"IPL Match at Chinnaswamy Stadium (RCB vs SRH, 28,633 spectators). Heavy crowd movement on Kasturba Road during peak match hours (21:00). Road DNA: 71. Reroute via Richmond Road flyover."
2025-04-18,19,4,Chinnaswamy Stadium Zone,Richmond Road,IPL Match: RCB vs SRH,32772,91703,13.12,3.84,97.0,1,145.43,62.09,76.64,88.85,1366,Clear,Yes,High,95,"IPL Match at Chinnaswamy Stadium (RCB vs SRH, 32,772 spectators). Heavy crowd movement on Richmond Road during peak match hours (19:00). Road DNA: 95. Reroute via Richmond Road flyover."
2025-05-10,18,5,Chinnaswamy Stadium Zone,MG Road,IPL Match: RCB vs GT,34860,97693,12.8,3.75,109.5,4,139.31,85.08,71.74,92.19,1067,Thunderstorm,No,High,95,"IPL Match at Chinnaswamy Stadium (RCB vs GT, 34,860 spectators). Heavy crowd movement on MG Road during peak match hours (18:00). Road DNA: 95. Reroute via Richmond Road flyover."
2025-03-15,23,3,Chinnaswamy Stadium Zone,Residency Road,IPL Match: RCB vs LSG,28981,119581,11.8,4.03,95.53,1,176.98,82.37,74.0,95.26,3468,Light Rain,No,Severe,79,"IPL Match at Chinnaswamy Stadium (RCB vs LSG, 28,981 spectators). Heavy crowd movement on Residency Road during peak match hours (23:00). Road DNA: 79. Reroute via Richmond Road flyover."
2025-03-11,16,3,Chinnaswamy Stadium Zone,Infant Jesus Church Junction,IPL Match: RCB vs LSG,31918,124970,11.06,3.73,107.87,1,177.12,77.4,79.32,85.68,3386,Heavy Rain,No,Severe,79,"IPL Match at Chinnaswamy Stadium (RCB vs LSG, 31,918 spectators). Heavy crowd movement on Infant Jesus Church Junction during peak match hours (16:00). Road DNA: 79. Reroute via Richmond Road flyover."
2025-04-01,16,4,Chinnaswamy Stadium Zone,Infant Jesus Church Junction,IPL Match: RCB vs GT,32655,70429,18.81,1.75,80.89,1,126.44,86.73,83.01,89.92,1058,Thunderstorm,Yes,Medium,72,"IPL Match at Chinnaswamy Stadium (RCB vs GT, 32,655 spectators). Heavy crowd movement on Infant Jesus Church Junction during peak match hours (16:00). Road DNA: 72. Reroute via Richmond Road flyover."
2025-05-02,18,5,Chinnaswamy Stadium Zone,MG Road,IPL Match: RCB vs KKR,31610,124047,10.31,4.41,100.4,1,150.63,81.41,70.2,89.89,2284,Thunderstorm,Yes,High,86,"IPL Match at Chinnaswamy Stadium (RCB vs KKR, 31,610 spectators). Heavy crowd movement on MG Road during peak match hours (18:00). Road DNA: 86. Reroute via Richmond Road flyover."
2025-05-17,16,5,Chinnaswamy Stadium Zone,MG Road,IPL Match: RCB vs RR,30010,62845,16.04,1.64,75.58,1,181.38,60.96,75.96,89.77,3261,Clear,Yes,Medium,59,"IPL Match at Chinnaswamy Stadium (RCB vs RR, 30,010 spectators). Heavy crowd movement on MG Road during peak match hours (16:00). Road DNA: 59. Reroute via Richmond Road flyover."
2025-03-13,16,3,Chinnaswamy Stadium Zone,Residency Road,IPL Match: RCB vs GT,31224,78544,18.4,2.18,77.24,1,184.53,79.46,77.92,92.97,1934,Clear,No,Medium,70,"IPL Match at Chinnaswamy Stadium (RCB vs GT, 31,224 spectators). Heavy crowd movement on Residency Road during peak match hours (16:00). Road DNA: 70. Reroute via Richmond Road flyover."
2025-03-20,17,3,Chinnaswamy Stadium Zone,Cubbon Road,IPL Match: RCB vs GT,30305,107460,13.48,3.6,95.71,2,173.02,70.85,81.79,86.18,2931,Heavy Rain,Yes,Severe,95,"IPL Match at Chinnaswamy Stadium (RCB vs GT, 30,305 spectators). Heavy crowd movement on Cubbon Road during peak match hours (17:00). Road DNA: 95. Reroute via Richmond Road flyover."
2025-03-28,21,3,Chinnaswamy Stadium Zone,Cubbon Road,IPL Match: RCB vs DC,31560,122504,10.47,3.61,101.48,4,120.44,70.81,72.39,90.73,1242,Heavy Rain,No,Severe,91,"IPL Match at Chinnaswamy Stadium (RCB vs DC, 31,560 spectators). Heavy crowd movement on Cubbon Road during peak match hours (21:00). Road DNA: 91. Reroute via Richmond Road flyover."
2025-03-07,19,3,Chinnaswamy Stadium Zone,Infant Jesus Church Junction,IPL Match: RCB vs GT,30424,128481,13.67,2.67,101.72,0,165.84,82.38,83.63,89.75,1103,Heavy Rain,Yes,Severe,94,"IPL Match at Chinnaswamy Stadium (RCB vs GT, 30,424 spectators). Heavy crowd movement on Infant Jesus Church Junction during peak match hours (19:00). Road DNA: 94. Reroute via Richmond Road flyover."
2025-04-10,23,4,Chinnaswamy Stadium Zone,MG Road,IPL Match: RCB vs KKR,34447,89675,9.13,3.61,107.54,2,127.08,85.21,73.44,96.1,1120,Clear,No,High,82,"IPL Match at Chinnaswamy Stadium (RCB vs KKR, 34,447 spectators). Heavy crowd movement on MG Road during peak match hours (23:00). Road DNA: 82. Reroute via Richmond Road flyover."
2025-05-06,19,5,Chinnaswamy Stadium Zone,Richmond Road,IPL Match: RCB vs DC,29286,116076,6.97,4.18,103.37,0,132.41,60.03,85.87,96.52,2853,Heavy Rain,No,Severe,89,"IPL Match at Chinnaswamy Stadium (RCB vs DC, 29,286 spectators). Heavy crowd movement on Richmond Road during peak match hours (19:00). Road DNA: 89. Reroute via Richmond Road flyover."
2025-04-19,21,4,Chinnaswamy Stadium Zone,Kasturba Road,IPL Match: RCB vs MI,32982,55011,21.66,1.7,78.39,4,151.69,71.07,75.38,86.06,1074,Clear,No,Medium,63,"IPL Match at Chinnaswamy Stadium (RCB vs MI, 32,982 spectators). Heavy crowd movement on Kasturba Road during peak match hours (21:00). Road DNA: 63. Reroute via Richmond Road flyover."
2025-05-04,17,5,Chinnaswamy Stadium Zone,Cubbon Road,IPL Match: RCB vs LSG,28304,123730,6.62,2.99,100.87,4,130.65,80.74,75.34,91.04,1216,Heavy Rain,No,Severe,83,"IPL Match at Chinnaswamy Stadium (RCB vs LSG, 28,304 spectators). Heavy crowd movement on Cubbon Road during peak match hours (17:00). Road DNA: 83. Reroute via Richmond Road flyover."
2025-04-20,21,4,Chinnaswamy Stadium Zone,Richmond Road,IPL Match: RCB vs DC,31275,69565,15.73,1.78,83.72,1,183.88,88.06,82.35,90.88,1771,Clear,No,Medium,56,"IPL Match at Chinnaswamy Stadium (RCB vs DC, 31,275 spectators). Heavy crowd movement on Richmond Road during peak match hours (21:00). Road DNA: 56. Reroute via Richmond Road flyover."
2025-03-05,19,3,Chinnaswamy Stadium Zone,Infant Jesus Church Junction,IPL Match: RCB vs DC,29692,112297,8.85,2.59,113.44,1,158.19,85.17,86.85,96.58,2214,Light Rain,Yes,Severe,89,"IPL Match at Chinnaswamy Stadium (RCB vs DC, 29,692 spectators). Heavy crowd movement on Infant Jesus Church Junction during peak match hours (19:00). Road DNA: 89. Reroute via Richmond Road flyover."
2025-03-03,23,3,Chinnaswamy Stadium Zone,Kasturba Road,IPL Match: RCB vs RR,33334,124444,10.3,3.55,108.09,3,174.52,66.96,71.89,92.4,2198,Light Rain,No,Severe,81,"IPL Match at Chinnaswamy Stadium (RCB vs RR, 33,334 spectators). Heavy crowd movement on Kasturba Road during peak match hours (23:00). Road DNA: 81. Reroute via Richmond Road flyover."
2025-05-07,17,5,Chinnaswamy Stadium Zone,Richmond Road,IPL Match: RCB vs CSK,34222,115371,8.37,3.47,94.64,1,188.3,87.02,89.59,87.09,1794,Light Rain,No,Severe,92,"IPL Match at Chinnaswamy Stadium (RCB vs CSK, 34,222 spectators). Heavy crowd movement on Richmond Road during peak match hours (17:00). Road DNA: 92. Reroute via Richmond Road flyover."
2025-04-27,19,4,Chinnaswamy Stadium Zone,Kasturba Road,IPL Match: RCB vs DC,31092,119895,12.97,3.09,96.98,3,144.0,72.96,81.3,87.79,2684,Heavy Rain,Yes,Severe,94,"IPL Match at Chinnaswamy Stadium (RCB vs DC, 31,092 spectators). Heavy crowd movement on Kasturba Road during peak match hours (19:00). Road DNA: 94. Reroute via Richmond Road flyover."
2025-04-01,19,4,Chinnaswamy Stadium Zone,MG Road,IPL Match: RCB vs KKR,33006,129843,13.55,3.11,100.82,2,187.58,63.2,80.8,89.8,3217,Heavy Rain,No,Severe,85,"IPL Match at Chinnaswamy Stadium (RCB vs KKR, 33,006 spectators). Heavy crowd movement on MG Road during peak match hours (19:00). Road DNA: 85. Reroute via Richmond Road flyover."
2025-03-17,19,3,Chinnaswamy Stadium Zone,Cubbon Road,IPL Match: RCB vs GT,28234,108076,9.02,4.36,101.8,0,177.02,70.41,87.0,86.88,1693,Thunderstorm,No,High,78,"IPL Match at Chinnaswamy Stadium (RCB vs GT, 28,234 spectators). Heavy crowd movement on Cubbon Road during peak match hours (19:00). Road DNA: 78. Reroute via Richmond Road flyover."
2025-04-14,18,4,Chinnaswamy Stadium Zone,MG Road,IPL Match: RCB vs GT,29313,88248,7.57,3.92,94.62,1,147.07,88.35,79.59,90.75,3189,Clear,Yes,High,91,"IPL Match at Chinnaswamy Stadium (RCB vs GT, 29,313 spectators). Heavy crowd movement on MG Road during peak match hours (18:00). Road DNA: 91. Reroute via Richmond Road flyover."
